link_type,node_a,node_b,window_start_s,window_end_s
orbiter_earth,orbiter_0,earth,0,2280
orbiter_earth,orbiter_0,earth,4800,9360
orbiter_earth,orbiter_0,earth,11880,16440
orbiter_earth,orbiter_0,earth,18960,23520
orbiter_earth,orbiter_0,earth,26040,30600
orbiter_earth,orbiter_0,earth,33120,37680
orbiter_earth,orbiter_0,earth,40230,44760
orbiter_earth,orbiter_0,earth,47310,51870
orbiter_earth,orbiter_0,earth,54390,58950
orbiter_earth,orbiter_0,earth,61470,66030
orbiter_earth,orbiter_0,earth,68550,73110
orbiter_earth,orbiter_0,earth,75630,80190
orbiter_earth,orbiter_0,earth,82710,87270
orbiter_earth,orbiter_0,earth,89790,94350
orbiter_earth,orbiter_0,earth,96870,101430
orbiter_earth,orbiter_0,earth,103950,108510
orbiter_earth,orbiter_0,earth,111030,115590
orbiter_earth,orbiter_0,earth,118110,122670
orbiter_earth,orbiter_0,earth,125220,129750
orbiter_earth,orbiter_0,earth,132300,136860
orbiter_earth,orbiter_0,earth,139380,143940
orbiter_earth,orbiter_0,earth,146460,151020
orbiter_earth,orbiter_0,earth,153540,158100
orbiter_earth,orbiter_0,earth,160620,165180
orbiter_earth,orbiter_0,earth,167700,172260
orbiter_earth,orbiter_0,earth,174780,179340
orbiter_earth,orbiter_0,earth,181860,186420
orbiter_earth,orbiter_0,earth,188940,193500
orbiter_earth,orbiter_0,earth,196020,200580
orbiter_earth,orbiter_0,earth,203100,207660
orbiter_earth,orbiter_0,earth,210210,214740
orbiter_earth,orbiter_0,earth,217290,221850
orbiter_earth,orbiter_0,earth,224370,228930
orbiter_earth,orbiter_0,earth,231450,236010
orbiter_earth,orbiter_0,earth,238530,243090
orbiter_earth,orbiter_0,earth,245610,250170
orbiter_earth,orbiter_0,earth,252690,257250
orbiter_earth,orbiter_0,earth,259770,264330
orbiter_earth,orbiter_0,earth,266850,271410
orbiter_earth,orbiter_0,earth,273930,278490
orbiter_earth,orbiter_0,earth,281010,285570
orbiter_earth,orbiter_0,earth,288090,292650
orbiter_earth,orbiter_0,earth,295200,299730
orbiter_earth,orbiter_0,earth,302280,306840
orbiter_earth,orbiter_0,earth,309360,313920
orbiter_earth,orbiter_0,earth,316440,321000
orbiter_earth,orbiter_0,earth,323520,328080
orbiter_earth,orbiter_0,earth,330600,335160
orbiter_earth,orbiter_0,earth,337680,342240
orbiter_earth,orbiter_0,earth,344760,349320
orbiter_earth,orbiter_0,earth,351840,356400
orbiter_earth,orbiter_0,earth,358920,363480
orbiter_earth,orbiter_0,earth,366000,370560
orbiter_earth,orbiter_0,earth,373080,377640
orbiter_earth,orbiter_0,earth,380190,384720
orbiter_earth,orbiter_0,earth,387270,391830
orbiter_earth,orbiter_0,earth,394350,398910
orbiter_earth,orbiter_0,earth,401430,405990
orbiter_earth,orbiter_0,earth,408510,413070
orbiter_earth,orbiter_0,earth,415590,420150
orbiter_earth,orbiter_0,earth,422670,427230
orbiter_earth,orbiter_0,earth,429750,434310
orbiter_earth,orbiter_0,earth,436830,441390
orbiter_earth,orbiter_0,earth,443910,448470
orbiter_earth,orbiter_0,earth,450990,455550
orbiter_earth,orbiter_0,earth,458070,462630
orbiter_earth,orbiter_0,earth,465180,469710
orbiter_earth,orbiter_0,earth,472260,476820
orbiter_earth,orbiter_0,earth,479340,483900
orbiter_earth,orbiter_0,earth,486420,490980
orbiter_earth,orbiter_0,earth,493500,498060
orbiter_earth,orbiter_0,earth,500580,505140
orbiter_earth,orbiter_0,earth,507660,512220
orbiter_earth,orbiter_0,earth,514740,519300
orbiter_earth,orbiter_0,earth,521820,526380
orbiter_earth,orbiter_0,earth,528900,533460
orbiter_earth,orbiter_0,earth,535980,540540
orbiter_earth,orbiter_0,earth,543060,547620
orbiter_earth,orbiter_0,earth,550170,554700
orbiter_earth,orbiter_0,earth,557250,561810
orbiter_earth,orbiter_0,earth,564330,568890
orbiter_earth,orbiter_0,earth,571410,575970
orbiter_earth,orbiter_0,earth,578490,583050
orbiter_earth,orbiter_0,earth,585570,590130
orbiter_earth,orbiter_0,earth,592650,597210
orbiter_earth,orbiter_0,earth,599730,604290
orbiter_earth,orbiter_0,earth,606810,611370
orbiter_earth,orbiter_0,earth,613890,618450
orbiter_earth,orbiter_0,earth,620970,625530
orbiter_earth,orbiter_0,earth,628050,632610
orbiter_earth,orbiter_0,earth,635160,639690
orbiter_earth,orbiter_0,earth,642240,646800
orbiter_earth,orbiter_0,earth,649320,653880
orbiter_earth,orbiter_0,earth,656400,660960
orbiter_earth,orbiter_0,earth,663480,668040
orbiter_earth,orbiter_0,earth,670560,675120
orbiter_earth,orbiter_0,earth,677640,682200
orbiter_earth,orbiter_0,earth,684720,689280
orbiter_earth,orbiter_0,earth,691800,696360
orbiter_earth,orbiter_0,earth,698880,703440
orbiter_earth,orbiter_0,earth,705960,710520
orbiter_earth,orbiter_0,earth,713040,717600
orbiter_earth,orbiter_0,earth,720150,724680
orbiter_earth,orbiter_0,earth,727230,731790
orbiter_earth,orbiter_0,earth,734310,738870
orbiter_earth,orbiter_0,earth,741390,745950
orbiter_earth,orbiter_0,earth,748470,753030
orbiter_earth,orbiter_0,earth,755550,760110
orbiter_earth,orbiter_0,earth,762630,767190
orbiter_earth,orbiter_0,earth,769710,774270
orbiter_earth,orbiter_0,earth,776790,781350
orbiter_earth,orbiter_0,earth,783870,788430
orbiter_earth,orbiter_0,earth,790950,795510
orbiter_earth,orbiter_0,earth,798030,802590
orbiter_earth,orbiter_0,earth,805140,809670
orbiter_earth,orbiter_0,earth,812220,816780
orbiter_earth,orbiter_0,earth,819300,823860
orbiter_earth,orbiter_0,earth,826380,830940
orbiter_earth,orbiter_0,earth,833460,838020
orbiter_earth,orbiter_0,earth,840540,845100
orbiter_earth,orbiter_0,earth,847620,852180
orbiter_earth,orbiter_0,earth,854700,859260
orbiter_earth,orbiter_0,earth,861780,866340
orbiter_earth,orbiter_0,earth,868860,873420
orbiter_earth,orbiter_0,earth,875940,880500
orbiter_earth,orbiter_0,earth,883050,887580
orbiter_earth,orbiter_0,earth,890130,894660
orbiter_earth,orbiter_0,earth,897210,901770
orbiter_earth,orbiter_0,earth,904290,908850
orbiter_earth,orbiter_0,earth,911370,915930
orbiter_earth,orbiter_0,earth,918450,923010
orbiter_earth,orbiter_0,earth,925530,930090
orbiter_earth,orbiter_0,earth,932610,937170
orbiter_earth,orbiter_0,earth,939690,944250
orbiter_earth,orbiter_0,earth,946770,951330
orbiter_earth,orbiter_0,earth,953850,958410
orbiter_earth,orbiter_0,earth,960930,965490
orbiter_earth,orbiter_0,earth,968040,972570
orbiter_earth,orbiter_0,earth,975120,979650
orbiter_earth,orbiter_0,earth,982200,986760
orbiter_earth,orbiter_0,earth,989280,993840
orbiter_earth,orbiter_0,earth,996360,1000920
orbiter_earth,orbiter_0,earth,1003440,1008000
orbiter_earth,orbiter_0,earth,1010520,1015080
orbiter_earth,orbiter_0,earth,1017600,1022160
orbiter_earth,orbiter_0,earth,1024680,1029240
orbiter_earth,orbiter_0,earth,1031760,1036320
orbiter_earth,orbiter_0,earth,1038840,1043400
orbiter_earth,orbiter_0,earth,1045920,1050480
orbiter_earth,orbiter_0,earth,1053030,1057560
orbiter_earth,orbiter_0,earth,1060110,1064640
orbiter_earth,orbiter_0,earth,1067190,1071750
orbiter_earth,orbiter_0,earth,1074270,1078830
orbiter_earth,orbiter_0,earth,1081350,1085910
orbiter_earth,orbiter_0,earth,1088430,1092990
orbiter_earth,orbiter_0,earth,1095510,1100070
orbiter_earth,orbiter_0,earth,1102590,1107150
orbiter_earth,orbiter_0,earth,1109670,1114230
orbiter_earth,orbiter_0,earth,1116750,1121310
orbiter_earth,orbiter_0,earth,1123830,1128390
orbiter_earth,orbiter_0,earth,1130910,1135470
orbiter_earth,orbiter_0,earth,1138020,1142550
orbiter_earth,orbiter_0,earth,1145100,1149630
orbiter_earth,orbiter_0,earth,1152180,1156740
orbiter_earth,orbiter_0,earth,1159260,1163820
orbiter_earth,orbiter_0,earth,1166340,1170900
orbiter_earth,orbiter_0,earth,1173420,1177980
orbiter_earth,orbiter_0,earth,1180500,1185060
orbiter_earth,orbiter_0,earth,1187580,1192140
orbiter_earth,orbiter_0,earth,1194660,1199220
orbiter_earth,orbiter_0,earth,1201740,1206300
orbiter_earth,orbiter_0,earth,1208820,1213380
orbiter_earth,orbiter_0,earth,1215900,1220460
orbiter_earth,orbiter_0,earth,1223010,1227540
orbiter_earth,orbiter_0,earth,1230090,1234620
orbiter_earth,orbiter_0,earth,1237170,1241730
orbiter_earth,orbiter_0,earth,1244250,1248810
orbiter_earth,orbiter_0,earth,1251330,1255890
orbiter_earth,orbiter_0,earth,1258410,1262970
orbiter_earth,orbiter_0,earth,1265490,1270050
orbiter_earth,orbiter_0,earth,1272570,1277130
orbiter_earth,orbiter_0,earth,1279650,1284210
orbiter_earth,orbiter_0,earth,1286730,1291290
orbiter_earth,orbiter_0,earth,1293810,1298370
orbiter_earth,orbiter_0,earth,1300890,1305450
orbiter_earth,orbiter_0,earth,1308000,1312530
orbiter_earth,orbiter_0,earth,1315080,1319610
orbiter_earth,orbiter_0,earth,1322160,1326720
orbiter_earth,orbiter_0,earth,1329240,1333800
orbiter_earth,orbiter_0,earth,1336320,1340880
orbiter_earth,orbiter_0,earth,1343400,1347960
orbiter_earth,orbiter_0,earth,1350480,1355040
orbiter_earth,orbiter_0,earth,1357560,1362120
orbiter_earth,orbiter_0,earth,1364640,1369200
orbiter_earth,orbiter_0,earth,1371720,1376280
orbiter_earth,orbiter_0,earth,1378800,1383360
orbiter_earth,orbiter_0,earth,1385880,1390440
orbiter_earth,orbiter_0,earth,1392990,1397520
orbiter_earth,orbiter_0,earth,1400070,1404600
orbiter_earth,orbiter_0,earth,1407150,1411710
orbiter_earth,orbiter_0,earth,1414230,1418790
orbiter_earth,orbiter_0,earth,1421310,1425870
orbiter_earth,orbiter_0,earth,1428390,1432950
orbiter_earth,orbiter_0,earth,1435470,1440030
orbiter_earth,orbiter_0,earth,1442550,1447110
orbiter_earth,orbiter_0,earth,1449630,1454190
orbiter_earth,orbiter_0,earth,1456710,1461270
orbiter_earth,orbiter_0,earth,1463790,1468350
orbiter_earth,orbiter_0,earth,1470870,1475430
orbiter_earth,orbiter_0,earth,1477980,1482510
orbiter_earth,orbiter_0,earth,1485060,1489590
orbiter_earth,orbiter_0,earth,1492140,1496700
orbiter_earth,orbiter_0,earth,1499220,1503780
orbiter_earth,orbiter_0,earth,1506300,1510860
orbiter_earth,orbiter_0,earth,1513380,1517940
orbiter_earth,orbiter_0,earth,1520460,1525020
orbiter_earth,orbiter_0,earth,1527540,1532100
orbiter_earth,orbiter_0,earth,1534620,1539180
orbiter_earth,orbiter_0,earth,1541700,1546260
orbiter_earth,orbiter_0,earth,1548780,1553340
orbiter_earth,orbiter_0,earth,1555860,1560420
orbiter_earth,orbiter_0,earth,1562970,1567500
orbiter_earth,orbiter_0,earth,1570050,1574580
orbiter_earth,orbiter_0,earth,1577130,1581690
orbiter_earth,orbiter_0,earth,1584210,1588770
orbiter_earth,orbiter_0,earth,1591290,1595850
orbiter_earth,orbiter_0,earth,1598370,1602930
orbiter_earth,orbiter_0,earth,1605450,1610010
orbiter_earth,orbiter_0,earth,1612530,1617090
orbiter_earth,orbiter_0,earth,1619610,1624170
orbiter_earth,orbiter_0,earth,1626690,1631250
orbiter_earth,orbiter_0,earth,1633770,1638330
orbiter_earth,orbiter_0,earth,1640850,1645410
orbiter_earth,orbiter_0,earth,1647960,1652490
orbiter_earth,orbiter_0,earth,1655040,1659570
orbiter_earth,orbiter_0,earth,1662120,1666680
orbiter_earth,orbiter_0,earth,1669200,1673760
orbiter_earth,orbiter_0,earth,1676280,1680840
orbiter_earth,orbiter_0,earth,1683360,1687920
orbiter_earth,orbiter_0,earth,1690440,1695000
orbiter_earth,orbiter_0,earth,1697520,1702080
orbiter_earth,orbiter_0,earth,1704600,1709160
orbiter_earth,orbiter_0,earth,1711680,1716240
orbiter_earth,orbiter_0,earth,1718760,1723320
orbiter_earth,orbiter_0,earth,1725840,1730400
orbiter_earth,orbiter_0,earth,1732950,1737480
orbiter_earth,orbiter_0,earth,1740030,1744560
orbiter_earth,orbiter_0,earth,1747110,1751670
orbiter_earth,orbiter_0,earth,1754190,1758750
orbiter_earth,orbiter_0,earth,1761270,1765830
orbiter_earth,orbiter_0,earth,1768350,1772910
orbiter_earth,orbiter_0,earth,1775430,1779990
orbiter_earth,orbiter_0,earth,1782510,1787070
orbiter_earth,orbiter_0,earth,1789590,1794150
orbiter_earth,orbiter_0,earth,1796670,1801230
orbiter_earth,orbiter_0,earth,1803750,1808310
orbiter_earth,orbiter_0,earth,1810830,1815390
orbiter_earth,orbiter_0,earth,1817940,1822470
orbiter_earth,orbiter_0,earth,1825020,1829550
orbiter_earth,orbiter_0,earth,1832100,1836660
orbiter_earth,orbiter_0,earth,1839180,1843740
orbiter_earth,orbiter_0,earth,1846260,1850820
orbiter_earth,orbiter_0,earth,1853340,1857900
orbiter_earth,orbiter_0,earth,1860420,1864980
orbiter_earth,orbiter_0,earth,1867500,1872060
orbiter_earth,orbiter_0,earth,1874580,1879140
orbiter_earth,orbiter_0,earth,1881660,1886220
orbiter_earth,orbiter_0,earth,1888740,1893300
orbiter_earth,orbiter_0,earth,1895820,1900380
orbiter_earth,orbiter_0,earth,1902930,1907460
orbiter_earth,orbiter_0,earth,1910010,1914540
orbiter_earth,orbiter_0,earth,1917090,1921650
orbiter_earth,orbiter_0,earth,1924170,1928730
orbiter_earth,orbiter_0,earth,1931250,1935810
orbiter_earth,orbiter_0,earth,1938330,1942890
orbiter_earth,orbiter_0,earth,1945410,1949970
orbiter_earth,orbiter_0,earth,1952490,1957050
orbiter_earth,orbiter_0,earth,1959570,1964130
orbiter_earth,orbiter_0,earth,1966650,1971210
orbiter_earth,orbiter_0,earth,1973730,1978290
orbiter_earth,orbiter_0,earth,1980810,1985370
orbiter_earth,orbiter_0,earth,1987920,1992450
orbiter_earth,orbiter_0,earth,1995000,1999530
orbiter_earth,orbiter_0,earth,2002080,2006640
orbiter_earth,orbiter_0,earth,2009160,2013720
orbiter_earth,orbiter_0,earth,2016240,2020800
orbiter_earth,orbiter_0,earth,2023320,2027880
orbiter_earth,orbiter_0,earth,2030400,2034960
orbiter_earth,orbiter_0,earth,2037480,2042040
orbiter_earth,orbiter_0,earth,2044560,2049120
orbiter_earth,orbiter_0,earth,2051640,2056200
orbiter_earth,orbiter_0,earth,2058720,2063280
orbiter_earth,orbiter_0,earth,2065800,2070360
orbiter_earth,orbiter_0,earth,2072910,2077440
orbiter_earth,orbiter_0,earth,2079990,2084550
orbiter_earth,orbiter_0,earth,2087070,2091630
orbiter_earth,orbiter_0,earth,2094150,2098710
orbiter_earth,orbiter_0,earth,2101230,2105790
orbiter_earth,orbiter_0,earth,2108310,2112870
orbiter_earth,orbiter_0,earth,2115390,2119950
orbiter_earth,orbiter_0,earth,2122470,2127030
orbiter_earth,orbiter_0,earth,2129550,2134110
orbiter_earth,orbiter_0,earth,2136630,2141190
orbiter_earth,orbiter_0,earth,2143710,2148270
orbiter_earth,orbiter_0,earth,2150790,2155350
orbiter_earth,orbiter_0,earth,2157900,2162430
orbiter_earth,orbiter_0,earth,2164980,2169540
orbiter_earth,orbiter_0,earth,2172060,2176620
orbiter_earth,orbiter_0,earth,2179140,2183700
orbiter_earth,orbiter_0,earth,2186220,2190780
orbiter_earth,orbiter_0,earth,2193300,2197860
orbiter_earth,orbiter_0,earth,2200380,2204940
orbiter_earth,orbiter_0,earth,2207460,2212020
orbiter_earth,orbiter_0,earth,2214540,2219100
orbiter_earth,orbiter_0,earth,2221620,2226180
orbiter_earth,orbiter_0,earth,2228700,2233260
orbiter_earth,orbiter_0,earth,2235780,2240340
orbiter_earth,orbiter_0,earth,2242890,2247420
orbiter_earth,orbiter_0,earth,2249970,2254530
orbiter_earth,orbiter_0,earth,2257050,2261610
orbiter_earth,orbiter_0,earth,2264130,2268690
orbiter_earth,orbiter_0,earth,2271210,2275770
orbiter_earth,orbiter_0,earth,2278290,2282850
orbiter_earth,orbiter_0,earth,2285370,2289930
orbiter_earth,orbiter_0,earth,2292450,2297010
orbiter_earth,orbiter_0,earth,2299530,2304090
orbiter_earth,orbiter_0,earth,2306610,2311170
orbiter_earth,orbiter_0,earth,2313690,2318250
orbiter_earth,orbiter_0,earth,2320770,2325330
orbiter_earth,orbiter_0,earth,2327880,2332410
orbiter_earth,orbiter_0,earth,2334960,2339520
orbiter_earth,orbiter_0,earth,2342040,2346600
orbiter_earth,orbiter_0,earth,2349120,2353680
orbiter_earth,orbiter_0,earth,2356200,2360760
orbiter_earth,orbiter_0,earth,2363280,2367840
orbiter_earth,orbiter_0,earth,2370360,2374920
orbiter_earth,orbiter_0,earth,2377440,2382000
orbiter_earth,orbiter_0,earth,2384520,2389080
orbiter_earth,orbiter_0,earth,2391600,2396160
orbiter_earth,orbiter_0,earth,2398680,2403240
orbiter_earth,orbiter_0,earth,2405760,2410320
orbiter_earth,orbiter_0,earth,2412870,2417400
orbiter_earth,orbiter_0,earth,2419950,2424510
orbiter_earth,orbiter_0,earth,2427030,2431590
orbiter_earth,orbiter_0,earth,2434110,2438670
orbiter_earth,orbiter_0,earth,2441190,2445750
orbiter_earth,orbiter_0,earth,2448270,2452830
orbiter_earth,orbiter_0,earth,2455350,2459910
orbiter_earth,orbiter_0,earth,2462430,2466990
orbiter_earth,orbiter_0,earth,2469510,2474070
orbiter_earth,orbiter_0,earth,2476590,2481150
orbiter_earth,orbiter_0,earth,2483670,2488230
orbiter_earth,orbiter_0,earth,2490750,2495310
orbiter_earth,orbiter_0,earth,2497860,2502390
orbiter_earth,orbiter_0,earth,2504940,2509500
orbiter_earth,orbiter_0,earth,2512020,2516580
orbiter_earth,orbiter_0,earth,2519100,2523660
orbiter_earth,orbiter_0,earth,2526180,2530740
orbiter_earth,orbiter_0,earth,2533260,2537820
orbiter_earth,orbiter_0,earth,2540340,2544900
orbiter_earth,orbiter_0,earth,2547420,2551980
orbiter_earth,orbiter_0,earth,2554500,2559060
orbiter_earth,orbiter_0,earth,2561580,2566140
orbiter_earth,orbiter_0,earth,2568660,2573220
orbiter_earth,orbiter_0,earth,2575740,2580300
orbiter_earth,orbiter_0,earth,2582850,2587380
orbiter_earth,orbiter_0,earth,2589930,2592000
orbiter_earth,orbiter_1,earth,0,1560
orbiter_earth,orbiter_1,earth,4110,8640
orbiter_earth,orbiter_1,earth,11190,15720
orbiter_earth,orbiter_1,earth,18270,22830
orbiter_earth,orbiter_1,earth,25350,29910
orbiter_earth,orbiter_1,earth,32430,36990
orbiter_earth,orbiter_1,earth,39510,44070
orbiter_earth,orbiter_1,earth,46590,51150
orbiter_earth,orbiter_1,earth,53670,58230
orbiter_earth,orbiter_1,earth,60750,65310
orbiter_earth,orbiter_1,earth,67830,72390
orbiter_earth,orbiter_1,earth,74910,79470
orbiter_earth,orbiter_1,earth,81990,86550
orbiter_earth,orbiter_1,earth,89100,93630
orbiter_earth,orbiter_1,earth,96180,100740
orbiter_earth,orbiter_1,earth,103260,107820
orbiter_earth,orbiter_1,earth,110340,114900
orbiter_earth,orbiter_1,earth,117420,121980
orbiter_earth,orbiter_1,earth,124500,129060
orbiter_earth,orbiter_1,earth,131580,136140
orbiter_earth,orbiter_1,earth,138660,143220
orbiter_earth,orbiter_1,earth,145740,150300
orbiter_earth,orbiter_1,earth,152820,157380
orbiter_earth,orbiter_1,earth,159900,164460
orbiter_earth,orbiter_1,earth,166980,171540
orbiter_earth,orbiter_1,earth,174090,178620
orbiter_earth,orbiter_1,earth,181170,185730
orbiter_earth,orbiter_1,earth,188250,192810
orbiter_earth,orbiter_1,earth,195330,199890
orbiter_earth,orbiter_1,earth,202410,206970
orbiter_earth,orbiter_1,earth,209490,214050
orbiter_earth,orbiter_1,earth,216570,221130
orbiter_earth,orbiter_1,earth,223650,228210
orbiter_earth,orbiter_1,earth,230730,235290
orbiter_earth,orbiter_1,earth,237810,242370
orbiter_earth,orbiter_1,earth,244890,249450
orbiter_earth,orbiter_1,earth,251970,256530
orbiter_earth,orbiter_1,earth,259080,263610
orbiter_earth,orbiter_1,earth,266160,270720
orbiter_earth,orbiter_1,earth,273240,277800
orbiter_earth,orbiter_1,earth,280320,284880
orbiter_earth,orbiter_1,earth,287400,291960
orbiter_earth,orbiter_1,earth,294480,299040
orbiter_earth,orbiter_1,earth,301560,306120
orbiter_earth,orbiter_1,earth,308640,313200
orbiter_earth,orbiter_1,earth,315720,320280
orbiter_earth,orbiter_1,earth,322800,327360
orbiter_earth,orbiter_1,earth,329880,334440
orbiter_earth,orbiter_1,earth,336960,341520
orbiter_earth,orbiter_1,earth,344070,348600
orbiter_earth,orbiter_1,earth,351150,355710
orbiter_earth,orbiter_1,earth,358230,362790
orbiter_earth,orbiter_1,earth,365310,369870
orbiter_earth,orbiter_1,earth,372390,376950
orbiter_earth,orbiter_1,earth,379470,384030
orbiter_earth,orbiter_1,earth,386550,391110
orbiter_earth,orbiter_1,earth,393630,398190
orbiter_earth,orbiter_1,earth,400710,405270
orbiter_earth,orbiter_1,earth,407790,412350
orbiter_earth,orbiter_1,earth,414870,419430
orbiter_earth,orbiter_1,earth,421950,426510
orbiter_earth,orbiter_1,earth,429060,433590
orbiter_earth,orbiter_1,earth,436140,440700
orbiter_earth,orbiter_1,earth,443220,447780
orbiter_earth,orbiter_1,earth,450300,454860
orbiter_earth,orbiter_1,earth,457380,461940
orbiter_earth,orbiter_1,earth,464460,469020
orbiter_earth,orbiter_1,earth,471540,476100
orbiter_earth,orbiter_1,earth,478620,483180
orbiter_earth,orbiter_1,earth,485700,490260
orbiter_earth,orbiter_1,earth,492780,497340
orbiter_earth,orbiter_1,earth,499860,504420
orbiter_earth,orbiter_1,earth,506940,511500
orbiter_earth,orbiter_1,earth,514050,518580
orbiter_earth,orbiter_1,earth,521130,525690
orbiter_earth,orbiter_1,earth,528210,532770
orbiter_earth,orbiter_1,earth,535290,539850
orbiter_earth,orbiter_1,earth,542370,546930
orbiter_earth,orbiter_1,earth,549450,554010
orbiter_earth,orbiter_1,earth,556530,561090
orbiter_earth,orbiter_1,earth,563610,568170
orbiter_earth,orbiter_1,earth,570690,575250
orbiter_earth,orbiter_1,earth,577770,582330
orbiter_earth,orbiter_1,earth,584850,589410
orbiter_earth,orbiter_1,earth,591930,596490
orbiter_earth,orbiter_1,earth,599040,603570
orbiter_earth,orbiter_1,earth,606120,610680
orbiter_earth,orbiter_1,earth,613200,617760
orbiter_earth,orbiter_1,earth,620280,624840
orbiter_earth,orbiter_1,earth,627360,631920
orbiter_earth,orbiter_1,earth,634440,639000
orbiter_earth,orbiter_1,earth,641520,646080
orbiter_earth,orbiter_1,earth,648600,653160
orbiter_earth,orbiter_1,earth,655680,660240
orbiter_earth,orbiter_1,earth,662760,667320
orbiter_earth,orbiter_1,earth,669840,674400
orbiter_earth,orbiter_1,earth,676920,681480
orbiter_earth,orbiter_1,earth,684030,688560
orbiter_earth,orbiter_1,earth,691110,695670
orbiter_earth,orbiter_1,earth,698190,702750
orbiter_earth,orbiter_1,earth,705270,709830
orbiter_earth,orbiter_1,earth,712350,716910
orbiter_earth,orbiter_1,earth,719430,723990
orbiter_earth,orbiter_1,earth,726510,731070
orbiter_earth,orbiter_1,earth,733590,738150
orbiter_earth,orbiter_1,earth,740670,745230
orbiter_earth,orbiter_1,earth,747750,752310
orbiter_earth,orbiter_1,earth,754830,759390
orbiter_earth,orbiter_1,earth,761910,766470
orbiter_earth,orbiter_1,earth,769020,773550
orbiter_earth,orbiter_1,earth,776100,780660
orbiter_earth,orbiter_1,earth,783180,787740
orbiter_earth,orbiter_1,earth,790260,794820
orbiter_earth,orbiter_1,earth,797340,801900
orbiter_earth,orbiter_1,earth,804420,808980
orbiter_earth,orbiter_1,earth,811500,816060
orbiter_earth,orbiter_1,earth,818580,823140
orbiter_earth,orbiter_1,earth,825660,830220
orbiter_earth,orbiter_1,earth,832740,837300
orbiter_earth,orbiter_1,earth,839820,844380
orbiter_earth,orbiter_1,earth,846900,851460
orbiter_earth,orbiter_1,earth,854010,858540
orbiter_earth,orbiter_1,earth,861090,865650
orbiter_earth,orbiter_1,earth,868170,872730
orbiter_earth,orbiter_1,earth,875250,879810
orbiter_earth,orbiter_1,earth,882330,886890
orbiter_earth,orbiter_1,earth,889410,893970
orbiter_earth,orbiter_1,earth,896490,901050
orbiter_earth,orbiter_1,earth,903570,908130
orbiter_earth,orbiter_1,earth,910650,915210
orbiter_earth,orbiter_1,earth,917730,922290
orbiter_earth,orbiter_1,earth,924810,929370
orbiter_earth,orbiter_1,earth,931890,936450
orbiter_earth,orbiter_1,earth,939000,943530
orbiter_earth,orbiter_1,earth,946080,950640
orbiter_earth,orbiter_1,earth,953160,957720
orbiter_earth,orbiter_1,earth,960240,964800
orbiter_earth,orbiter_1,earth,967320,971880
orbiter_earth,orbiter_1,earth,974400,978960
orbiter_earth,orbiter_1,earth,981480,986040
orbiter_earth,orbiter_1,earth,988560,993120
orbiter_earth,orbiter_1,earth,995640,1000200
orbiter_earth,orbiter_1,earth,1002720,1007280
orbiter_earth,orbiter_1,earth,1009800,1014360
orbiter_earth,orbiter_1,earth,1016880,1021440
orbiter_earth,orbiter_1,earth,1023990,1028520
orbiter_earth,orbiter_1,earth,1031070,1035630
orbiter_earth,orbiter_1,earth,1038150,1042710
orbiter_earth,orbiter_1,earth,1045230,1049790
orbiter_earth,orbiter_1,earth,1052310,1056870
orbiter_earth,orbiter_1,earth,1059390,1063950
orbiter_earth,orbiter_1,earth,1066470,1071030
orbiter_earth,orbiter_1,earth,1073550,1078110
orbiter_earth,orbiter_1,earth,1080630,1085190
orbiter_earth,orbiter_1,earth,1087710,1092270
orbiter_earth,orbiter_1,earth,1094790,1099350
orbiter_earth,orbiter_1,earth,1101870,1106430
orbiter_earth,orbiter_1,earth,1108980,1113510
orbiter_earth,orbiter_1,earth,1116060,1120620
orbiter_earth,orbiter_1,earth,1123140,1127700
orbiter_earth,orbiter_1,earth,1130220,1134780
orbiter_earth,orbiter_1,earth,1137300,1141860
orbiter_earth,orbiter_1,earth,1144380,1148940
orbiter_earth,orbiter_1,earth,1151460,1156020
orbiter_earth,orbiter_1,earth,1158540,1163100
orbiter_earth,orbiter_1,earth,1165620,1170180
orbiter_earth,orbiter_1,earth,1172700,1177260
orbiter_earth,orbiter_1,earth,1179780,1184340
orbiter_earth,orbiter_1,earth,1186860,1191420
orbiter_earth,orbiter_1,earth,1193970,1198500
orbiter_earth,orbiter_1,earth,1201050,1205610
orbiter_earth,orbiter_1,earth,1208130,1212690
orbiter_earth,orbiter_1,earth,1215210,1219770
orbiter_earth,orbiter_1,earth,1222290,1226850
orbiter_earth,orbiter_1,earth,1229370,1233930
orbiter_earth,orbiter_1,earth,1236450,1241010
orbiter_earth,orbiter_1,earth,1243530,1248090
orbiter_earth,orbiter_1,earth,1250610,1255170
orbiter_earth,orbiter_1,earth,1257690,1262250
orbiter_earth,orbiter_1,earth,1264770,1269330
orbiter_earth,orbiter_1,earth,1271850,1276410
orbiter_earth,orbiter_1,earth,1278960,1283490
orbiter_earth,orbiter_1,earth,1286040,1290600
orbiter_earth,orbiter_1,earth,1293120,1297680
orbiter_earth,orbiter_1,earth,1300200,1304760
orbiter_earth,orbiter_1,earth,1307280,1311840
orbiter_earth,orbiter_1,earth,1314360,1318920
orbiter_earth,orbiter_1,earth,1321440,1326000
orbiter_earth,orbiter_1,earth,1328520,1333080
orbiter_earth,orbiter_1,earth,1335600,1340160
orbiter_earth,orbiter_1,earth,1342680,1347240
orbiter_earth,orbiter_1,earth,1349760,1354320
orbiter_earth,orbiter_1,earth,1356840,1361400
orbiter_earth,orbiter_1,earth,1363950,1368480
orbiter_earth,orbiter_1,earth,1371030,1375590
orbiter_earth,orbiter_1,earth,1378110,1382670
orbiter_earth,orbiter_1,earth,1385190,1389750
orbiter_earth,orbiter_1,earth,1392270,1396830
orbiter_earth,orbiter_1,earth,1399350,1403910
orbiter_earth,orbiter_1,earth,1406430,1410990
orbiter_earth,orbiter_1,earth,1413510,1418070
orbiter_earth,orbiter_1,earth,1420590,1425150
orbiter_earth,orbiter_1,earth,1427670,1432230
orbiter_earth,orbiter_1,earth,1434750,1439310
orbiter_earth,orbiter_1,earth,1441830,1446390
orbiter_earth,orbiter_1,earth,1448940,1453470
orbiter_earth,orbiter_1,earth,1456020,1460580
orbiter_earth,orbiter_1,earth,1463100,1467660
orbiter_earth,orbiter_1,earth,1470180,1474740
orbiter_earth,orbiter_1,earth,1477260,1481820
orbiter_earth,orbiter_1,earth,1484340,1488900
orbiter_earth,orbiter_1,earth,1491420,1495980
orbiter_earth,orbiter_1,earth,1498500,1503060
orbiter_earth,orbiter_1,earth,1505580,1510140
orbiter_earth,orbiter_1,earth,1512660,1517220
orbiter_earth,orbiter_1,earth,1519740,1524300
orbiter_earth,orbiter_1,earth,1526820,1531380
orbiter_earth,orbiter_1,earth,1533930,1538460
orbiter_earth,orbiter_1,earth,1541010,1545570
orbiter_earth,orbiter_1,earth,1548090,1552650
orbiter_earth,orbiter_1,earth,1555170,1559730
orbiter_earth,orbiter_1,earth,1562250,1566810
orbiter_earth,orbiter_1,earth,1569330,1573890
orbiter_earth,orbiter_1,earth,1576410,1580970
orbiter_earth,orbiter_1,earth,1583490,1588050
orbiter_earth,orbiter_1,earth,1590570,1595130
orbiter_earth,orbiter_1,earth,1597650,1602210
orbiter_earth,orbiter_1,earth,1604730,1609290
orbiter_earth,orbiter_1,earth,1611810,1616370
orbiter_earth,orbiter_1,earth,1618920,1623450
orbiter_earth,orbiter_1,earth,1626000,1630560
orbiter_earth,orbiter_1,earth,1633080,1637640
orbiter_earth,orbiter_1,earth,1640160,1644720
orbiter_earth,orbiter_1,earth,1647240,1651800
orbiter_earth,orbiter_1,earth,1654320,1658880
orbiter_earth,orbiter_1,earth,1661400,1665960
orbiter_earth,orbiter_1,earth,1668480,1673040
orbiter_earth,orbiter_1,earth,1675560,1680120
orbiter_earth,orbiter_1,earth,1682640,1687200
orbiter_earth,orbiter_1,earth,1689720,1694280
orbiter_earth,orbiter_1,earth,1696830,1701360
orbiter_earth,orbiter_1,earth,1703910,1708440
orbiter_earth,orbiter_1,earth,1710990,1715550
orbiter_earth,orbiter_1,earth,1718070,1722630
orbiter_earth,orbiter_1,earth,1725150,1729710
orbiter_earth,orbiter_1,earth,1732230,1736790
orbiter_earth,orbiter_1,earth,1739310,1743870
orbiter_earth,orbiter_1,earth,1746390,1750950
orbiter_earth,orbiter_1,earth,1753470,1758030
orbiter_earth,orbiter_1,earth,1760550,1765110
orbiter_earth,orbiter_1,earth,1767630,1772190
orbiter_earth,orbiter_1,earth,1774710,1779270
orbiter_earth,orbiter_1,earth,1781820,1786350
orbiter_earth,orbiter_1,earth,1788900,1793430
orbiter_earth,orbiter_1,earth,1795980,1800540
orbiter_earth,orbiter_1,earth,1803060,1807620
orbiter_earth,orbiter_1,earth,1810140,1814700
orbiter_earth,orbiter_1,earth,1817220,1821780
orbiter_earth,orbiter_1,earth,1824300,1828860
orbiter_earth,orbiter_1,earth,1831380,1835940
orbiter_earth,orbiter_1,earth,1838460,1843020
orbiter_earth,orbiter_1,earth,1845540,1850100
orbiter_earth,orbiter_1,earth,1852620,1857180
orbiter_earth,orbiter_1,earth,1859700,1864260
orbiter_earth,orbiter_1,earth,1866810,1871340
orbiter_earth,orbiter_1,earth,1873890,1878420
orbiter_earth,orbiter_1,earth,1880970,1885530
orbiter_earth,orbiter_1,earth,1888050,1892610
orbiter_earth,orbiter_1,earth,1895130,1899690
orbiter_earth,orbiter_1,earth,1902210,1906770
orbiter_earth,orbiter_1,earth,1909290,1913850
orbiter_earth,orbiter_1,earth,1916370,1920930
orbiter_earth,orbiter_1,earth,1923450,1928010
orbiter_earth,orbiter_1,earth,1930530,1935090
orbiter_earth,orbiter_1,earth,1937610,1942170
orbiter_earth,orbiter_1,earth,1944690,1949250
orbiter_earth,orbiter_1,earth,1951800,1956330
orbiter_earth,orbiter_1,earth,1958880,1963410
orbiter_earth,orbiter_1,earth,1965960,1970520
orbiter_earth,orbiter_1,earth,1973040,1977600
orbiter_earth,orbiter_1,earth,1980120,1984680
orbiter_earth,orbiter_1,earth,1987200,1991760
orbiter_earth,orbiter_1,earth,1994280,1998840
orbiter_earth,orbiter_1,earth,2001360,2005920
orbiter_earth,orbiter_1,earth,2008440,2013000
orbiter_earth,orbiter_1,earth,2015520,2020080
orbiter_earth,orbiter_1,earth,2022600,2027160
orbiter_earth,orbiter_1,earth,2029680,2034240
orbiter_earth,orbiter_1,earth,2036790,2041320
orbiter_earth,orbiter_1,earth,2043870,2048400
orbiter_earth,orbiter_1,earth,2050950,2055510
orbiter_earth,orbiter_1,earth,2058030,2062590
orbiter_earth,orbiter_1,earth,2065110,2069670
orbiter_earth,orbiter_1,earth,2072190,2076750
orbiter_earth,orbiter_1,earth,2079270,2083830
orbiter_earth,orbiter_1,earth,2086350,2090910
orbiter_earth,orbiter_1,earth,2093430,2097990
orbiter_earth,orbiter_1,earth,2100510,2105070
orbiter_earth,orbiter_1,earth,2107590,2112150
orbiter_earth,orbiter_1,earth,2114670,2119230
orbiter_earth,orbiter_1,earth,2121780,2126310
orbiter_earth,orbiter_1,earth,2128860,2133390
orbiter_earth,orbiter_1,earth,2135940,2140500
orbiter_earth,orbiter_1,earth,2143020,2147580
orbiter_earth,orbiter_1,earth,2150100,2154660
orbiter_earth,orbiter_1,earth,2157180,2161740
orbiter_earth,orbiter_1,earth,2164260,2168820
orbiter_earth,orbiter_1,earth,2171340,2175900
orbiter_earth,orbiter_1,earth,2178420,2182980
orbiter_earth,orbiter_1,earth,2185500,2190060
orbiter_earth,orbiter_1,earth,2192580,2197140
orbiter_earth,orbiter_1,earth,2199660,2204220
orbiter_earth,orbiter_1,earth,2206770,2211300
orbiter_earth,orbiter_1,earth,2213850,2218380
orbiter_earth,orbiter_1,earth,2220930,2225490
orbiter_earth,orbiter_1,earth,2228010,2232570
orbiter_earth,orbiter_1,earth,2235090,2239650
orbiter_earth,orbiter_1,earth,2242170,2246730
orbiter_earth,orbiter_1,earth,2249250,2253810
orbiter_earth,orbiter_1,earth,2256330,2260890
orbiter_earth,orbiter_1,earth,2263410,2267970
orbiter_earth,orbiter_1,earth,2270490,2275050
orbiter_earth,orbiter_1,earth,2277570,2282130
orbiter_earth,orbiter_1,earth,2284650,2289210
orbiter_earth,orbiter_1,earth,2291760,2296290
orbiter_earth,orbiter_1,earth,2298840,2303370
orbiter_earth,orbiter_1,earth,2305920,2310480
orbiter_earth,orbiter_1,earth,2313000,2317560
orbiter_earth,orbiter_1,earth,2320080,2324640
orbiter_earth,orbiter_1,earth,2327160,2331720
orbiter_earth,orbiter_1,earth,2334240,2338800
orbiter_earth,orbiter_1,earth,2341320,2345880
orbiter_earth,orbiter_1,earth,2348400,2352960
orbiter_earth,orbiter_1,earth,2355480,2360040
orbiter_earth,orbiter_1,earth,2362560,2367120
orbiter_earth,orbiter_1,earth,2369640,2374200
orbiter_earth,orbiter_1,earth,2376750,2381280
orbiter_earth,orbiter_1,earth,2383830,2388360
orbiter_earth,orbiter_1,earth,2390910,2395470
orbiter_earth,orbiter_1,earth,2397990,2402550
orbiter_earth,orbiter_1,earth,2405070,2409630
orbiter_earth,orbiter_1,earth,2412150,2416710
orbiter_earth,orbiter_1,earth,2419230,2423790
orbiter_earth,orbiter_1,earth,2426310,2430870
orbiter_earth,orbiter_1,earth,2433390,2437950
orbiter_earth,orbiter_1,earth,2440470,2445030
orbiter_earth,orbiter_1,earth,2447550,2452110
orbiter_earth,orbiter_1,earth,2454630,2459190
orbiter_earth,orbiter_1,earth,2461740,2466270
orbiter_earth,orbiter_1,earth,2468820,2473350
orbiter_earth,orbiter_1,earth,2475900,2480460
orbiter_earth,orbiter_1,earth,2482980,2487540
orbiter_earth,orbiter_1,earth,2490060,2494620
orbiter_earth,orbiter_1,earth,2497140,2501700
orbiter_earth,orbiter_1,earth,2504220,2508780
orbiter_earth,orbiter_1,earth,2511300,2515860
orbiter_earth,orbiter_1,earth,2518380,2522940
orbiter_earth,orbiter_1,earth,2525460,2530020
orbiter_earth,orbiter_1,earth,2532540,2537100
orbiter_earth,orbiter_1,earth,2539620,2544180
orbiter_earth,orbiter_1,earth,2546730,2551260
orbiter_earth,orbiter_1,earth,2553810,2558340
orbiter_earth,orbiter_1,earth,2560890,2565450
orbiter_earth,orbiter_1,earth,2567970,2572530
orbiter_earth,orbiter_1,earth,2575050,2579610
orbiter_earth,orbiter_1,earth,2582130,2586690
orbiter_earth,orbiter_1,earth,2589210,2592000
orbiter_earth,orbiter_2,earth,0,870
orbiter_earth,orbiter_2,earth,3390,7950
orbiter_earth,orbiter_2,earth,10470,15030
orbiter_earth,orbiter_2,earth,17550,22110
orbiter_earth,orbiter_2,earth,24630,29190
orbiter_earth,orbiter_2,earth,31710,36270
orbiter_earth,orbiter_2,earth,38790,43350
orbiter_earth,orbiter_2,earth,45870,50430
orbiter_earth,orbiter_2,earth,52980,57510
orbiter_earth,orbiter_2,earth,60060,64590
orbiter_earth,orbiter_2,earth,67140,71700
orbiter_earth,orbiter_2,earth,74220,78780
orbiter_earth,orbiter_2,earth,81300,85860
orbiter_earth,orbiter_2,earth,88380,92940
orbiter_earth,orbiter_2,earth,95460,100020
orbiter_earth,orbiter_2,earth,102540,107100
orbiter_earth,orbiter_2,earth,109620,114180
orbiter_earth,orbiter_2,earth,116700,121260
orbiter_earth,orbiter_2,earth,123780,128340
orbiter_earth,orbiter_2,earth,130860,135420
orbiter_earth,orbiter_2,earth,137970,142500
orbiter_earth,orbiter_2,earth,145050,149580
orbiter_earth,orbiter_2,earth,152130,156690
orbiter_earth,orbiter_2,earth,159210,163770
orbiter_earth,orbiter_2,earth,166290,170850
orbiter_earth,orbiter_2,earth,173370,177930
orbiter_earth,orbiter_2,earth,180450,185010
orbiter_earth,orbiter_2,earth,187530,192090
orbiter_earth,orbiter_2,earth,194610,199170
orbiter_earth,orbiter_2,earth,201690,206250
orbiter_earth,orbiter_2,earth,208770,213330
orbiter_earth,orbiter_2,earth,215850,220410
orbiter_earth,orbiter_2,earth,222960,227490
orbiter_earth,orbiter_2,earth,230040,234570
orbiter_earth,orbiter_2,earth,237120,241680
orbiter_earth,orbiter_2,earth,244200,248760
orbiter_earth,orbiter_2,earth,251280,255840
orbiter_earth,orbiter_2,earth,258360,262920
orbiter_earth,orbiter_2,earth,265440,270000
orbiter_earth,orbiter_2,earth,272520,277080
orbiter_earth,orbiter_2,earth,279600,284160
orbiter_earth,orbiter_2,earth,286680,291240
orbiter_earth,orbiter_2,earth,293760,298320
orbiter_earth,orbiter_2,earth,300840,305400
orbiter_earth,orbiter_2,earth,307950,312480
orbiter_earth,orbiter_2,earth,315030,319560
orbiter_earth,orbiter_2,earth,322110,326670
orbiter_earth,orbiter_2,earth,329190,333750
orbiter_earth,orbiter_2,earth,336270,340830
orbiter_earth,orbiter_2,earth,343350,347910
orbiter_earth,orbiter_2,earth,350430,354990
orbiter_earth,orbiter_2,earth,357510,362070
orbiter_earth,orbiter_2,earth,364590,369150
orbiter_earth,orbiter_2,earth,371670,376230
orbiter_earth,orbiter_2,earth,378750,383310
orbiter_earth,orbiter_2,earth,385830,390390
orbiter_earth,orbiter_2,earth,392940,397470
orbiter_earth,orbiter_2,earth,400020,404550
orbiter_earth,orbiter_2,earth,407100,411660
orbiter_earth,orbiter_2,earth,414180,418740
orbiter_earth,orbiter_2,earth,421260,425820
orbiter_earth,orbiter_2,earth,428340,432900
orbiter_earth,orbiter_2,earth,435420,439980
orbiter_earth,orbiter_2,earth,442500,447060
orbiter_earth,orbiter_2,earth,449580,454140
orbiter_earth,orbiter_2,earth,456660,461220
orbiter_earth,orbiter_2,earth,463740,468300
orbiter_earth,orbiter_2,earth,470820,475380
orbiter_earth,orbiter_2,earth,477930,482460
orbiter_earth,orbiter_2,earth,485010,489540
orbiter_earth,orbiter_2,earth,492090,496650
orbiter_earth,orbiter_2,earth,499170,503730
orbiter_earth,orbiter_2,earth,506250,510810
orbiter_earth,orbiter_2,earth,513330,517890
orbiter_earth,orbiter_2,earth,520410,524970
orbiter_earth,orbiter_2,earth,527490,532050
orbiter_earth,orbiter_2,earth,534570,539130
orbiter_earth,orbiter_2,earth,541650,546210
orbiter_earth,orbiter_2,earth,548730,553290
orbiter_earth,orbiter_2,earth,555810,560370
orbiter_earth,orbiter_2,earth,562920,567450
orbiter_earth,orbiter_2,earth,570000,574530
orbiter_earth,orbiter_2,earth,577080,581640
orbiter_earth,orbiter_2,earth,584160,588720
orbiter_earth,orbiter_2,earth,591240,595800
orbiter_earth,orbiter_2,earth,598320,602880
orbiter_earth,orbiter_2,earth,605400,609960
orbiter_earth,orbiter_2,earth,612480,617040
orbiter_earth,orbiter_2,earth,619560,624120
orbiter_earth,orbiter_2,earth,626640,631200
orbiter_earth,orbiter_2,earth,633720,638280
orbiter_earth,orbiter_2,earth,640800,645360
orbiter_earth,orbiter_2,earth,647910,652440
orbiter_earth,orbiter_2,earth,654990,659520
orbiter_earth,orbiter_2,earth,662070,666630
orbiter_earth,orbiter_2,earth,669150,673710
orbiter_earth,orbiter_2,earth,676230,680790
orbiter_earth,orbiter_2,earth,683310,687870
orbiter_earth,orbiter_2,earth,690390,694950
orbiter_earth,orbiter_2,earth,697470,702030
orbiter_earth,orbiter_2,earth,704550,709110
orbiter_earth,orbiter_2,earth,711630,716190
orbiter_earth,orbiter_2,earth,718710,723270
orbiter_earth,orbiter_2,earth,725790,730350
orbiter_earth,orbiter_2,earth,732900,737430
orbiter_earth,orbiter_2,earth,739980,744510
orbiter_earth,orbiter_2,earth,747060,751620
orbiter_earth,orbiter_2,earth,754140,758700
orbiter_earth,orbiter_2,earth,761220,765780
orbiter_earth,orbiter_2,earth,768300,772860
orbiter_earth,orbiter_2,earth,775380,779940
orbiter_earth,orbiter_2,earth,782460,787020
orbiter_earth,orbiter_2,earth,789540,794100
orbiter_earth,orbiter_2,earth,796620,801180
orbiter_earth,orbiter_2,earth,803700,808260
orbiter_earth,orbiter_2,earth,810780,815340
orbiter_earth,orbiter_2,earth,817890,822420
orbiter_earth,orbiter_2,earth,824970,829500
orbiter_earth,orbiter_2,earth,832050,836610
orbiter_earth,orbiter_2,earth,839130,843690
orbiter_earth,orbiter_2,earth,846210,850770
orbiter_earth,orbiter_2,earth,853290,857850
orbiter_earth,orbiter_2,earth,860370,864930
orbiter_earth,orbiter_2,earth,867450,872010
orbiter_earth,orbiter_2,earth,874530,879090
orbiter_earth,orbiter_2,earth,881610,886170
orbiter_earth,orbiter_2,earth,888690,893250
orbiter_earth,orbiter_2,earth,895770,900330
orbiter_earth,orbiter_2,earth,902880,907410
orbiter_earth,orbiter_2,earth,909960,914520
orbiter_earth,orbiter_2,earth,917040,921600
orbiter_earth,orbiter_2,earth,924120,928680
orbiter_earth,orbiter_2,earth,931200,935760
orbiter_earth,orbiter_2,earth,938280,942840
orbiter_earth,orbiter_2,earth,945360,949920
orbiter_earth,orbiter_2,earth,952440,957000
orbiter_earth,orbiter_2,earth,959520,964080
orbiter_earth,orbiter_2,earth,966600,971160
orbiter_earth,orbiter_2,earth,973680,978240
orbiter_earth,orbiter_2,earth,980760,985320
orbiter_earth,orbiter_2,earth,987870,992400
orbiter_earth,orbiter_2,earth,994950,999510
orbiter_earth,orbiter_2,earth,1002030,1006590
orbiter_earth,orbiter_2,earth,1009110,1013670
orbiter_earth,orbiter_2,earth,1016190,1020750
orbiter_earth,orbiter_2,earth,1023270,1027830
orbiter_earth,orbiter_2,earth,1030350,1034910
orbiter_earth,orbiter_2,earth,1037430,1041990
orbiter_earth,orbiter_2,earth,1044510,1049070
orbiter_earth,orbiter_2,earth,1051590,1056150
orbiter_earth,orbiter_2,earth,1058670,1063230
orbiter_earth,orbiter_2,earth,1065750,1070310
orbiter_earth,orbiter_2,earth,1072860,1077390
orbiter_earth,orbiter_2,earth,1079940,1084500
orbiter_earth,orbiter_2,earth,1087020,1091580
orbiter_earth,orbiter_2,earth,1094100,1098660
orbiter_earth,orbiter_2,earth,1101180,1105740
orbiter_earth,orbiter_2,earth,1108260,1112820
orbiter_earth,orbiter_2,earth,1115340,1119900
orbiter_earth,orbiter_2,earth,1122420,1126980
orbiter_earth,orbiter_2,earth,1129500,1134060
orbiter_earth,orbiter_2,earth,1136580,1141140
orbiter_earth,orbiter_2,earth,1143660,1148220
orbiter_earth,orbiter_2,earth,1150740,1155300
orbiter_earth,orbiter_2,earth,1157850,1162380
orbiter_earth,orbiter_2,earth,1164930,1169490
orbiter_earth,orbiter_2,earth,1172010,1176570
orbiter_earth,orbiter_2,earth,1179090,1183650
orbiter_earth,orbiter_2,earth,1186170,1190730
orbiter_earth,orbiter_2,earth,1193250,1197810
orbiter_earth,orbiter_2,earth,1200330,1204890
orbiter_earth,orbiter_2,earth,1207410,1211970
orbiter_earth,orbiter_2,earth,1214490,1219050
orbiter_earth,orbiter_2,earth,1221570,1226130
orbiter_earth,orbiter_2,earth,1228650,1233210
orbiter_earth,orbiter_2,earth,1235730,1240290
orbiter_earth,orbiter_2,earth,1242840,1247370
orbiter_earth,orbiter_2,earth,1249920,1254480
orbiter_earth,orbiter_2,earth,1257000,1261560
orbiter_earth,orbiter_2,earth,1264080,1268640
orbiter_earth,orbiter_2,earth,1271160,1275720
orbiter_earth,orbiter_2,earth,1278240,1282800
orbiter_earth,orbiter_2,earth,1285320,1289880
orbiter_earth,orbiter_2,earth,1292400,1296960
orbiter_earth,orbiter_2,earth,1299480,1304040
orbiter_earth,orbiter_2,earth,1306560,1311120
orbiter_earth,orbiter_2,earth,1313640,1318200
orbiter_earth,orbiter_2,earth,1320720,1325280
orbiter_earth,orbiter_2,earth,1327830,1332360
orbiter_earth,orbiter_2,earth,1334910,1339470
orbiter_earth,orbiter_2,earth,1341990,1346550
orbiter_earth,orbiter_2,earth,1349070,1353630
orbiter_earth,orbiter_2,earth,1356150,1360710
orbiter_earth,orbiter_2,earth,1363230,1367790
orbiter_earth,orbiter_2,earth,1370310,1374870
orbiter_earth,orbiter_2,earth,1377390,1381950
orbiter_earth,orbiter_2,earth,1384470,1389030
orbiter_earth,orbiter_2,earth,1391550,1396110
orbiter_earth,orbiter_2,earth,1398630,1403190
orbiter_earth,orbiter_2,earth,1405710,1410270
orbiter_earth,orbiter_2,earth,1412820,1417350
orbiter_earth,orbiter_2,earth,1419900,1424460
orbiter_earth,orbiter_2,earth,1426980,1431540
orbiter_earth,orbiter_2,earth,1434060,1438620
orbiter_earth,orbiter_2,earth,1441140,1445700
orbiter_earth,orbiter_2,earth,1448220,1452780
orbiter_earth,orbiter_2,earth,1455300,1459860
orbiter_earth,orbiter_2,earth,1462380,1466940
orbiter_earth,orbiter_2,earth,1469460,1474020
orbiter_earth,orbiter_2,earth,1476540,1481100
orbiter_earth,orbiter_2,earth,1483620,1488180
orbiter_earth,orbiter_2,earth,1490700,1495260
orbiter_earth,orbiter_2,earth,1497810,1502340
orbiter_earth,orbiter_2,earth,1504890,1509450
orbiter_earth,orbiter_2,earth,1511970,1516530
orbiter_earth,orbiter_2,earth,1519050,1523610
orbiter_earth,orbiter_2,earth,1526130,1530690
orbiter_earth,orbiter_2,earth,1533210,1537770
orbiter_earth,orbiter_2,earth,1540290,1544850
orbiter_earth,orbiter_2,earth,1547370,1551930
orbiter_earth,orbiter_2,earth,1554450,1559010
orbiter_earth,orbiter_2,earth,1561530,1566090
orbiter_earth,orbiter_2,earth,1568610,1573170
orbiter_earth,orbiter_2,earth,1575690,1580250
orbiter_earth,orbiter_2,earth,1582800,1587330
orbiter_earth,orbiter_2,earth,1589880,1594440
orbiter_earth,orbiter_2,earth,1596960,1601520
orbiter_earth,orbiter_2,earth,1604040,1608600
orbiter_earth,orbiter_2,earth,1611120,1615680
orbiter_earth,orbiter_2,earth,1618200,1622760
orbiter_earth,orbiter_2,earth,1625280,1629840
orbiter_earth,orbiter_2,earth,1632360,1636920
orbiter_earth,orbiter_2,earth,1639440,1644000
orbiter_earth,orbiter_2,earth,1646520,1651080
orbiter_earth,orbiter_2,earth,1653600,1658160
orbiter_earth,orbiter_2,earth,1660680,1665240
orbiter_earth,orbiter_2,earth,1667790,1672320
orbiter_earth,orbiter_2,earth,1674870,1679430
orbiter_earth,orbiter_2,earth,1681950,1686510
orbiter_earth,orbiter_2,earth,1689030,1693590
orbiter_earth,orbiter_2,earth,1696110,1700670
orbiter_earth,orbiter_2,earth,1703190,1707750
orbiter_earth,orbiter_2,earth,1710270,1714830
orbiter_earth,orbiter_2,earth,1717350,1721910
orbiter_earth,orbiter_2,earth,1724430,1728990
orbiter_earth,orbiter_2,earth,1731510,1736070
orbiter_earth,orbiter_2,earth,1738590,1743150
orbiter_earth,orbiter_2,earth,1745670,1750230
orbiter_earth,orbiter_2,earth,1752780,1757310
orbiter_earth,orbiter_2,earth,1759860,1764420
orbiter_earth,orbiter_2,earth,1766940,1771500
orbiter_earth,orbiter_2,earth,1774020,1778580
orbiter_earth,orbiter_2,earth,1781100,1785660
orbiter_earth,orbiter_2,earth,1788180,1792740
orbiter_earth,orbiter_2,earth,1795260,1799820
orbiter_earth,orbiter_2,earth,1802340,1806900
orbiter_earth,orbiter_2,earth,1809420,1813980
orbiter_earth,orbiter_2,earth,1816500,1821060
orbiter_earth,orbiter_2,earth,1823580,1828140
orbiter_earth,orbiter_2,earth,1830660,1835220
orbiter_earth,orbiter_2,earth,1837770,1842300
orbiter_earth,orbiter_2,earth,1844850,1849410
orbiter_earth,orbiter_2,earth,1851930,1856490
orbiter_earth,orbiter_2,earth,1859010,1863570
orbiter_earth,orbiter_2,earth,1866090,1870650
orbiter_earth,orbiter_2,earth,1873170,1877730
orbiter_earth,orbiter_2,earth,1880250,1884810
orbiter_earth,orbiter_2,earth,1887330,1891890
orbiter_earth,orbiter_2,earth,1894410,1898970
orbiter_earth,orbiter_2,earth,1901490,1906050
orbiter_earth,orbiter_2,earth,1908570,1913130
orbiter_earth,orbiter_2,earth,1915650,1920210
orbiter_earth,orbiter_2,earth,1922760,1927290
orbiter_earth,orbiter_2,earth,1929840,1934400
orbiter_earth,orbiter_2,earth,1936920,1941480
orbiter_earth,orbiter_2,earth,1944000,1948560
orbiter_earth,orbiter_2,earth,1951080,1955640
orbiter_earth,orbiter_2,earth,1958160,1962720
orbiter_earth,orbiter_2,earth,1965240,1969800
orbiter_earth,orbiter_2,earth,1972320,1976880
orbiter_earth,orbiter_2,earth,1979400,1983960
orbiter_earth,orbiter_2,earth,1986480,1991040
orbiter_earth,orbiter_2,earth,1993560,1998120
orbiter_earth,orbiter_2,earth,2000640,2005200
orbiter_earth,orbiter_2,earth,2007750,2012280
orbiter_earth,orbiter_2,earth,2014830,2019390
orbiter_earth,orbiter_2,earth,2021910,2026470
orbiter_earth,orbiter_2,earth,2028990,2033550
orbiter_earth,orbiter_2,earth,2036070,2040630
orbiter_earth,orbiter_2,earth,2043150,2047710
orbiter_earth,orbiter_2,earth,2050230,2054790
orbiter_earth,orbiter_2,earth,2057310,2061870
orbiter_earth,orbiter_2,earth,2064390,2068950
orbiter_earth,orbiter_2,earth,2071470,2076030
orbiter_earth,orbiter_2,earth,2078550,2083110
orbiter_earth,orbiter_2,earth,2085630,2090190
orbiter_earth,orbiter_2,earth,2092740,2097270
orbiter_earth,orbiter_2,earth,2099820,2104380
orbiter_earth,orbiter_2,earth,2106900,2111460
orbiter_earth,orbiter_2,earth,2113980,2118540
orbiter_earth,orbiter_2,earth,2121060,2125620
orbiter_earth,orbiter_2,earth,2128140,2132700
orbiter_earth,orbiter_2,earth,2135220,2139780
orbiter_earth,orbiter_2,earth,2142300,2146860
orbiter_earth,orbiter_2,earth,2149380,2153940
orbiter_earth,orbiter_2,earth,2156460,2161020
orbiter_earth,orbiter_2,earth,2163540,2168100
orbiter_earth,orbiter_2,earth,2170620,2175180
orbiter_earth,orbiter_2,earth,2177730,2182260
orbiter_earth,orbiter_2,earth,2184810,2189370
orbiter_earth,orbiter_2,earth,2191890,2196450
orbiter_earth,orbiter_2,earth,2198970,2203530
orbiter_earth,orbiter_2,earth,2206050,2210610
orbiter_earth,orbiter_2,earth,2213130,2217690
orbiter_earth,orbiter_2,earth,2220210,2224770
orbiter_earth,orbiter_2,earth,2227290,2231850
orbiter_earth,orbiter_2,earth,2234370,2238930
orbiter_earth,orbiter_2,earth,2241450,2246010
orbiter_earth,orbiter_2,earth,2248530,2253090
orbiter_earth,orbiter_2,earth,2255610,2260170
orbiter_earth,orbiter_2,earth,2262720,2267250
orbiter_earth,orbiter_2,earth,2269800,2274360
orbiter_earth,orbiter_2,earth,2276880,2281440
orbiter_earth,orbiter_2,earth,2283960,2288520
orbiter_earth,orbiter_2,earth,2291040,2295600
orbiter_earth,orbiter_2,earth,2298120,2302680
orbiter_earth,orbiter_2,earth,2305200,2309760
orbiter_earth,orbiter_2,earth,2312280,2316840
orbiter_earth,orbiter_2,earth,2319360,2323920
orbiter_earth,orbiter_2,earth,2326440,2331000
orbiter_earth,orbiter_2,earth,2333520,2338080
orbiter_earth,orbiter_2,earth,2340600,2345160
orbiter_earth,orbiter_2,earth,2347710,2352240
orbiter_earth,orbiter_2,earth,2354790,2359350
orbiter_earth,orbiter_2,earth,2361870,2366430
orbiter_earth,orbiter_2,earth,2368950,2373510
orbiter_earth,orbiter_2,earth,2376030,2380590
orbiter_earth,orbiter_2,earth,2383110,2387670
orbiter_earth,orbiter_2,earth,2390190,2394750
orbiter_earth,orbiter_2,earth,2397270,2401830
orbiter_earth,orbiter_2,earth,2404350,2408910
orbiter_earth,orbiter_2,earth,2411430,2415990
orbiter_earth,orbiter_2,earth,2418510,2423070
orbiter_earth,orbiter_2,earth,2425590,2430150
orbiter_earth,orbiter_2,earth,2432700,2437230
orbiter_earth,orbiter_2,earth,2439780,2444340
orbiter_earth,orbiter_2,earth,2446860,2451420
orbiter_earth,orbiter_2,earth,2453940,2458500
orbiter_earth,orbiter_2,earth,2461020,2465580
orbiter_earth,orbiter_2,earth,2468100,2472660
orbiter_earth,orbiter_2,earth,2475180,2479740
orbiter_earth,orbiter_2,earth,2482260,2486820
orbiter_earth,orbiter_2,earth,2489340,2493900
orbiter_earth,orbiter_2,earth,2496420,2500980
orbiter_earth,orbiter_2,earth,2503500,2508060
orbiter_earth,orbiter_2,earth,2510580,2515140
orbiter_earth,orbiter_2,earth,2517690,2522220
orbiter_earth,orbiter_2,earth,2524770,2529330
orbiter_earth,orbiter_2,earth,2531850,2536410
orbiter_earth,orbiter_2,earth,2538930,2543490
orbiter_earth,orbiter_2,earth,2546010,2550570
orbiter_earth,orbiter_2,earth,2553090,2557650
orbiter_earth,orbiter_2,earth,2560170,2564730
orbiter_earth,orbiter_2,earth,2567250,2571810
orbiter_earth,orbiter_2,earth,2574330,2578890
orbiter_earth,orbiter_2,earth,2581410,2585970
orbiter_earth,orbiter_2,earth,2588490,2592000
orbiter_earth,orbiter_3,earth,0,150
orbiter_earth,orbiter_3,earth,2670,7230
orbiter_earth,orbiter_3,earth,9750,14310
orbiter_earth,orbiter_3,earth,16830,21390
orbiter_earth,orbiter_3,earth,23940,28470
orbiter_earth,orbiter_3,earth,31020,35580
orbiter_earth,orbiter_3,earth,38100,42660
orbiter_earth,orbiter_3,earth,45180,49740
orbiter_earth,orbiter_3,earth,52260,56820
orbiter_earth,orbiter_3,earth,59340,63900
orbiter_earth,orbiter_3,earth,66420,70980
orbiter_earth,orbiter_3,earth,73500,78060
orbiter_earth,orbiter_3,earth,80580,85140
orbiter_earth,orbiter_3,earth,87660,92220
orbiter_earth,orbiter_3,earth,94740,99300
orbiter_earth,orbiter_3,earth,101820,106380
orbiter_earth,orbiter_3,earth,108930,113460
orbiter_earth,orbiter_3,earth,116010,120570
orbiter_earth,orbiter_3,earth,123090,127650
orbiter_earth,orbiter_3,earth,130170,134730
orbiter_earth,orbiter_3,earth,137250,141810
orbiter_earth,orbiter_3,earth,144330,148890
orbiter_earth,orbiter_3,earth,151410,155970
orbiter_earth,orbiter_3,earth,158490,163050
orbiter_earth,orbiter_3,earth,165570,170130
orbiter_earth,orbiter_3,earth,172650,177210
orbiter_earth,orbiter_3,earth,179730,184290
orbiter_earth,orbiter_3,earth,186810,191370
orbiter_earth,orbiter_3,earth,193920,198450
orbiter_earth,orbiter_3,earth,201000,205560
orbiter_earth,orbiter_3,earth,208080,212640
orbiter_earth,orbiter_3,earth,215160,219720
orbiter_earth,orbiter_3,earth,222240,226800
orbiter_earth,orbiter_3,earth,229320,233880
orbiter_earth,orbiter_3,earth,236400,240960
orbiter_earth,orbiter_3,earth,243480,248040
orbiter_earth,orbiter_3,earth,250560,255120
orbiter_earth,orbiter_3,earth,257640,262200
orbiter_earth,orbiter_3,earth,264720,269280
orbiter_earth,orbiter_3,earth,271800,276360
orbiter_earth,orbiter_3,earth,278910,283440
orbiter_earth,orbiter_3,earth,285990,290550
orbiter_earth,orbiter_3,earth,293070,297630
orbiter_earth,orbiter_3,earth,300150,304710
orbiter_earth,orbiter_3,earth,307230,311790
orbiter_earth,orbiter_3,earth,314310,318870
orbiter_earth,orbiter_3,earth,321390,325950
orbiter_earth,orbiter_3,earth,328470,333030
orbiter_earth,orbiter_3,earth,335550,340110
orbiter_earth,orbiter_3,earth,342630,347190
orbiter_earth,orbiter_3,earth,349710,354270
orbiter_earth,orbiter_3,earth,356790,361350
orbiter_earth,orbiter_3,earth,363900,368430
orbiter_earth,orbiter_3,earth,370980,375540
orbiter_earth,orbiter_3,earth,378060,382620
orbiter_earth,orbiter_3,earth,385140,389700
orbiter_earth,orbiter_3,earth,392220,396780
orbiter_earth,orbiter_3,earth,399300,403860
orbiter_earth,orbiter_3,earth,406380,410940
orbiter_earth,orbiter_3,earth,413460,418020
orbiter_earth,orbiter_3,earth,420540,425100
orbiter_earth,orbiter_3,earth,427620,432180
orbiter_earth,orbiter_3,earth,434700,439260
orbiter_earth,orbiter_3,earth,441780,446340
orbiter_earth,orbiter_3,earth,448890,453420
orbiter_earth,orbiter_3,earth,455970,460530
orbiter_earth,orbiter_3,earth,463050,467610
orbiter_earth,orbiter_3,earth,470130,474690
orbiter_earth,orbiter_3,earth,477210,481770
orbiter_earth,orbiter_3,earth,484290,488850
orbiter_earth,orbiter_3,earth,491370,495930
orbiter_earth,orbiter_3,earth,498450,503010
orbiter_earth,orbiter_3,earth,505530,510090
orbiter_earth,orbiter_3,earth,512610,517170
orbiter_earth,orbiter_3,earth,519690,524250
orbiter_earth,orbiter_3,earth,526770,531330
orbiter_earth,orbiter_3,earth,533880,538410
orbiter_earth,orbiter_3,earth,540960,545520
orbiter_earth,orbiter_3,earth,548040,552600
orbiter_earth,orbiter_3,earth,555120,559680
orbiter_earth,orbiter_3,earth,562200,566760
orbiter_earth,orbiter_3,earth,569280,573840
orbiter_earth,orbiter_3,earth,576360,580920
orbiter_earth,orbiter_3,earth,583440,588000
orbiter_earth,orbiter_3,earth,590520,595080
orbiter_earth,orbiter_3,earth,597600,602160
orbiter_earth,orbiter_3,earth,604680,609240
orbiter_earth,orbiter_3,earth,611790,616320
orbiter_earth,orbiter_3,earth,618870,623400
orbiter_earth,orbiter_3,earth,625950,630510
orbiter_earth,orbiter_3,earth,633030,637590
orbiter_earth,orbiter_3,earth,640110,644670
orbiter_earth,orbiter_3,earth,647190,651750
orbiter_earth,orbiter_3,earth,654270,658830
orbiter_earth,orbiter_3,earth,661350,665910
orbiter_earth,orbiter_3,earth,668430,672990
orbiter_earth,orbiter_3,earth,675510,680070
orbiter_earth,orbiter_3,earth,682590,687150
orbiter_earth,orbiter_3,earth,689670,694230
orbiter_earth,orbiter_3,earth,696780,701310
orbiter_earth,orbiter_3,earth,703860,708390
orbiter_earth,orbiter_3,earth,710940,715500
orbiter_earth,orbiter_3,earth,718020,722580
orbiter_earth,orbiter_3,earth,725100,729660
orbiter_earth,orbiter_3,earth,732180,736740
orbiter_earth,orbiter_3,earth,739260,743820
orbiter_earth,orbiter_3,earth,746340,750900
orbiter_earth,orbiter_3,earth,753420,757980
orbiter_earth,orbiter_3,earth,760500,765060
orbiter_earth,orbiter_3,earth,767580,772140
orbiter_earth,orbiter_3,earth,774660,779220
orbiter_earth,orbiter_3,earth,781770,786300
orbiter_earth,orbiter_3,earth,788850,793380
orbiter_earth,orbiter_3,earth,795930,800490
orbiter_earth,orbiter_3,earth,803010,807570
orbiter_earth,orbiter_3,earth,810090,814650
orbiter_earth,orbiter_3,earth,817170,821730
orbiter_earth,orbiter_3,earth,824250,828810
orbiter_earth,orbiter_3,earth,831330,835890
orbiter_earth,orbiter_3,earth,838410,842970
orbiter_earth,orbiter_3,earth,845490,850050
orbiter_earth,orbiter_3,earth,852570,857130
orbiter_earth,orbiter_3,earth,859650,864210
orbiter_earth,orbiter_3,earth,866760,871290
orbiter_earth,orbiter_3,earth,873840,878370
orbiter_earth,orbiter_3,earth,880920,885480
orbiter_earth,orbiter_3,earth,888000,892560
orbiter_earth,orbiter_3,earth,895080,899640
orbiter_earth,orbiter_3,earth,902160,906720
orbiter_earth,orbiter_3,earth,909240,913800
orbiter_earth,orbiter_3,earth,916320,920880
orbiter_earth,orbiter_3,earth,923400,927960
orbiter_earth,orbiter_3,earth,930480,935040
orbiter_earth,orbiter_3,earth,937560,942120
orbiter_earth,orbiter_3,earth,944640,949200
orbiter_earth,orbiter_3,earth,951750,956280
orbiter_earth,orbiter_3,earth,958830,963360
orbiter_earth,orbiter_3,earth,965910,970470
orbiter_earth,orbiter_3,earth,972990,977550
orbiter_earth,orbiter_3,earth,980070,984630
orbiter_earth,orbiter_3,earth,987150,991710
orbiter_earth,orbiter_3,earth,994230,998790
orbiter_earth,orbiter_3,earth,1001310,1005870
orbiter_earth,orbiter_3,earth,1008390,1012950
orbiter_earth,orbiter_3,earth,1015470,1020030
orbiter_earth,orbiter_3,earth,1022550,1027110
orbiter_earth,orbiter_3,earth,1029630,1034190
orbiter_earth,orbiter_3,earth,1036740,1041270
orbiter_earth,orbiter_3,earth,1043820,1048350
orbiter_earth,orbiter_3,earth,1050900,1055460
orbiter_earth,orbiter_3,earth,1057980,1062540
orbiter_earth,orbiter_3,earth,1065060,1069620
orbiter_earth,orbiter_3,earth,1072140,1076700
orbiter_earth,orbiter_3,earth,1079220,1083780
orbiter_earth,orbiter_3,earth,1086300,1090860
orbiter_earth,orbiter_3,earth,1093380,1097940
orbiter_earth,orbiter_3,earth,1100460,1105020
orbiter_earth,orbiter_3,earth,1107540,1112100
orbiter_earth,orbiter_3,earth,1114620,1119180
orbiter_earth,orbiter_3,earth,1121730,1126260
orbiter_earth,orbiter_3,earth,1128810,1133340
orbiter_earth,orbiter_3,earth,1135890,1140450
orbiter_earth,orbiter_3,earth,1142970,1147530
orbiter_earth,orbiter_3,earth,1150050,1154610
orbiter_earth,orbiter_3,earth,1157130,1161690
orbiter_earth,orbiter_3,earth,1164210,1168770
orbiter_earth,orbiter_3,earth,1171290,1175850
orbiter_earth,orbiter_3,earth,1178370,1182930
orbiter_earth,orbiter_3,earth,1185450,1190010
orbiter_earth,orbiter_3,earth,1192530,1197090
orbiter_earth,orbiter_3,earth,1199610,1204170
orbiter_earth,orbiter_3,earth,1206720,1211250
orbiter_earth,orbiter_3,earth,1213800,1218330
orbiter_earth,orbiter_3,earth,1220880,1225440
orbiter_earth,orbiter_3,earth,1227960,1232520
orbiter_earth,orbiter_3,earth,1235040,1239600
orbiter_earth,orbiter_3,earth,1242120,1246680
orbiter_earth,orbiter_3,earth,1249200,1253760
orbiter_earth,orbiter_3,earth,1256280,1260840
orbiter_earth,orbiter_3,earth,1263360,1267920
orbiter_earth,orbiter_3,earth,1270440,1275000
orbiter_earth,orbiter_3,earth,1277520,1282080
orbiter_earth,orbiter_3,earth,1284600,1289160
orbiter_earth,orbiter_3,earth,1291710,1296240
orbiter_earth,orbiter_3,earth,1298790,1303320
orbiter_earth,orbiter_3,earth,1305870,1310430
orbiter_earth,orbiter_3,earth,1312950,1317510
orbiter_earth,orbiter_3,earth,1320030,1324590
orbiter_earth,orbiter_3,earth,1327110,1331670
orbiter_earth,orbiter_3,earth,1334190,1338750
orbiter_earth,orbiter_3,earth,1341270,1345830
orbiter_earth,orbiter_3,earth,1348350,1352910
orbiter_earth,orbiter_3,earth,1355430,1359990
orbiter_earth,orbiter_3,earth,1362510,1367070
orbiter_earth,orbiter_3,earth,1369590,1374150
orbiter_earth,orbiter_3,earth,1376700,1381230
orbiter_earth,orbiter_3,earth,1383780,1388310
orbiter_earth,orbiter_3,earth,1390860,1395420
orbiter_earth,orbiter_3,earth,1397940,1402500
orbiter_earth,orbiter_3,earth,1405020,1409580
orbiter_earth,orbiter_3,earth,1412100,1416660
orbiter_earth,orbiter_3,earth,1419180,1423740
orbiter_earth,orbiter_3,earth,1426260,1430820
orbiter_earth,orbiter_3,earth,1433340,1437900
orbiter_earth,orbiter_3,earth,1440420,1444980
orbiter_earth,orbiter_3,earth,1447500,1452060
orbiter_earth,orbiter_3,earth,1454580,1459140
orbiter_earth,orbiter_3,earth,1461690,1466220
orbiter_earth,orbiter_3,earth,1468770,1473300
orbiter_earth,orbiter_3,earth,1475850,1480410
orbiter_earth,orbiter_3,earth,1482930,1487490
orbiter_earth,orbiter_3,earth,1490010,1494570
orbiter_earth,orbiter_3,earth,1497090,1501650
orbiter_earth,orbiter_3,earth,1504170,1508730
orbiter_earth,orbiter_3,earth,1511250,1515810
orbiter_earth,orbiter_3,earth,1518330,1522890
orbiter_earth,orbiter_3,earth,1525410,1529970
orbiter_earth,orbiter_3,earth,1532490,1537050
orbiter_earth,orbiter_3,earth,1539570,1544130
orbiter_earth,orbiter_3,earth,1546680,1551210
orbiter_earth,orbiter_3,earth,1553760,1558290
orbiter_earth,orbiter_3,earth,1560840,1565400
orbiter_earth,orbiter_3,earth,1567920,1572480
orbiter_earth,orbiter_3,earth,1575000,1579560
orbiter_earth,orbiter_3,earth,1582080,1586640
orbiter_earth,orbiter_3,earth,1589160,1593720
orbiter_earth,orbiter_3,earth,1596240,1600800
orbiter_earth,orbiter_3,earth,1603320,1607880
orbiter_earth,orbiter_3,earth,1610400,1614960
orbiter_earth,orbiter_3,earth,1617480,1622040
orbiter_earth,orbiter_3,earth,1624560,1629120
orbiter_earth,orbiter_3,earth,1631670,1636200
orbiter_earth,orbiter_3,earth,1638750,1643280
orbiter_earth,orbiter_3,earth,1645830,1650390
orbiter_earth,orbiter_3,earth,1652910,1657470
orbiter_earth,orbiter_3,earth,1659990,1664550
orbiter_earth,orbiter_3,earth,1667070,1671630
orbiter_earth,orbiter_3,earth,1674150,1678710
orbiter_earth,orbiter_3,earth,1681230,1685790
orbiter_earth,orbiter_3,earth,1688310,1692870
orbiter_earth,orbiter_3,earth,1695390,1699950
orbiter_earth,orbiter_3,earth,1702470,1707030
orbiter_earth,orbiter_3,earth,1709550,1714110
orbiter_earth,orbiter_3,earth,1716660,1721190
orbiter_earth,orbiter_3,earth,1723740,1728270
orbiter_earth,orbiter_3,earth,1730820,1735380
orbiter_earth,orbiter_3,earth,1737900,1742460
orbiter_earth,orbiter_3,earth,1744980,1749540
orbiter_earth,orbiter_3,earth,1752060,1756620
orbiter_earth,orbiter_3,earth,1759140,1763700
orbiter_earth,orbiter_3,earth,1766220,1770780
orbiter_earth,orbiter_3,earth,1773300,1777860
orbiter_earth,orbiter_3,earth,1780380,1784940
orbiter_earth,orbiter_3,earth,1787460,1792020
orbiter_earth,orbiter_3,earth,1794540,1799100
orbiter_earth,orbiter_3,earth,1801650,1806180
orbiter_earth,orbiter_3,earth,1808730,1813290
orbiter_earth,orbiter_3,earth,1815810,1820370
orbiter_earth,orbiter_3,earth,1822890,1827450
orbiter_earth,orbiter_3,earth,1829970,1834530
orbiter_earth,orbiter_3,earth,1837050,1841610
orbiter_earth,orbiter_3,earth,1844130,1848690
orbiter_earth,orbiter_3,earth,1851210,1855770
orbiter_earth,orbiter_3,earth,1858290,1862850
orbiter_earth,orbiter_3,earth,1865370,1869930
orbiter_earth,orbiter_3,earth,1872450,1877010
orbiter_earth,orbiter_3,earth,1879530,1884090
orbiter_earth,orbiter_3,earth,1886640,1891170
orbiter_earth,orbiter_3,earth,1893720,1898280
orbiter_earth,orbiter_3,earth,1900800,1905360
orbiter_earth,orbiter_3,earth,1907880,1912440
orbiter_earth,orbiter_3,earth,1914960,1919520
orbiter_earth,orbiter_3,earth,1922040,1926600
orbiter_earth,orbiter_3,earth,1929120,1933680
orbiter_earth,orbiter_3,earth,1936200,1940760
orbiter_earth,orbiter_3,earth,1943280,1947840
orbiter_earth,orbiter_3,earth,1950360,1954920
orbiter_earth,orbiter_3,earth,1957440,1962000
orbiter_earth,orbiter_3,earth,1964520,1969080
orbiter_earth,orbiter_3,earth,1971630,1976160
orbiter_earth,orbiter_3,earth,1978710,1983270
orbiter_earth,orbiter_3,earth,1985790,1990350
orbiter_earth,orbiter_3,earth,1992870,1997430
orbiter_earth,orbiter_3,earth,1999950,2004510
orbiter_earth,orbiter_3,earth,2007030,2011590
orbiter_earth,orbiter_3,earth,2014110,2018670
orbiter_earth,orbiter_3,earth,2021190,2025750
orbiter_earth,orbiter_3,earth,2028270,2032830
orbiter_earth,orbiter_3,earth,2035350,2039910
orbiter_earth,orbiter_3,earth,2042430,2046990
orbiter_earth,orbiter_3,earth,2049510,2054070
orbiter_earth,orbiter_3,earth,2056620,2061150
orbiter_earth,orbiter_3,earth,2063700,2068260
orbiter_earth,orbiter_3,earth,2070780,2075340
orbiter_earth,orbiter_3,earth,2077860,2082420
orbiter_earth,orbiter_3,earth,2084940,2089500
orbiter_earth,orbiter_3,earth,2092020,2096580
orbiter_earth,orbiter_3,earth,2099100,2103660
orbiter_earth,orbiter_3,earth,2106180,2110740
orbiter_earth,orbiter_3,earth,2113260,2117820
orbiter_earth,orbiter_3,earth,2120340,2124900
orbiter_earth,orbiter_3,earth,2127420,2131980
orbiter_earth,orbiter_3,earth,2134500,2139060
orbiter_earth,orbiter_3,earth,2141610,2146140
orbiter_earth,orbiter_3,earth,2148690,2153250
orbiter_earth,orbiter_3,earth,2155770,2160330
orbiter_earth,orbiter_3,earth,2162850,2167410
orbiter_earth,orbiter_3,earth,2169930,2174490
orbiter_earth,orbiter_3,earth,2177010,2181570
orbiter_earth,orbiter_3,earth,2184090,2188650
orbiter_earth,orbiter_3,earth,2191170,2195730
orbiter_earth,orbiter_3,earth,2198250,2202810
orbiter_earth,orbiter_3,earth,2205330,2209890
orbiter_earth,orbiter_3,earth,2212410,2216970
orbiter_earth,orbiter_3,earth,2219490,2224050
orbiter_earth,orbiter_3,earth,2226600,2231130
orbiter_earth,orbiter_3,earth,2233680,2238240
orbiter_earth,orbiter_3,earth,2240760,2245320
orbiter_earth,orbiter_3,earth,2247840,2252400
orbiter_earth,orbiter_3,earth,2254920,2259480
orbiter_earth,orbiter_3,earth,2262000,2266560
orbiter_earth,orbiter_3,earth,2269080,2273640
orbiter_earth,orbiter_3,earth,2276160,2280720
orbiter_earth,orbiter_3,earth,2283240,2287800
orbiter_earth,orbiter_3,earth,2290320,2294880
orbiter_earth,orbiter_3,earth,2297400,2301960
orbiter_earth,orbiter_3,earth,2304480,2309040
orbiter_earth,orbiter_3,earth,2311590,2316120
orbiter_earth,orbiter_3,earth,2318670,2323230
orbiter_earth,orbiter_3,earth,2325750,2330310
orbiter_earth,orbiter_3,earth,2332830,2337390
orbiter_earth,orbiter_3,earth,2339910,2344470
orbiter_earth,orbiter_3,earth,2346990,2351550
orbiter_earth,orbiter_3,earth,2354070,2358630
orbiter_earth,orbiter_3,earth,2361150,2365710
orbiter_earth,orbiter_3,earth,2368230,2372790
orbiter_earth,orbiter_3,earth,2375310,2379870
orbiter_earth,orbiter_3,earth,2382390,2386950
orbiter_earth,orbiter_3,earth,2389470,2394030
orbiter_earth,orbiter_3,earth,2396580,2401110
orbiter_earth,orbiter_3,earth,2403660,2408220
orbiter_earth,orbiter_3,earth,2410740,2415300
orbiter_earth,orbiter_3,earth,2417820,2422380
orbiter_earth,orbiter_3,earth,2424900,2429460
orbiter_earth,orbiter_3,earth,2431980,2436540
orbiter_earth,orbiter_3,earth,2439060,2443620
orbiter_earth,orbiter_3,earth,2446140,2450700
orbiter_earth,orbiter_3,earth,2453220,2457780
orbiter_earth,orbiter_3,earth,2460300,2464860
orbiter_earth,orbiter_3,earth,2467380,2471940
orbiter_earth,orbiter_3,earth,2474460,2479020
orbiter_earth,orbiter_3,earth,2481570,2486100
orbiter_earth,orbiter_3,earth,2488650,2493210
orbiter_earth,orbiter_3,earth,2495730,2500290
orbiter_earth,orbiter_3,earth,2502810,2507370
orbiter_earth,orbiter_3,earth,2509890,2514450
orbiter_earth,orbiter_3,earth,2516970,2521530
orbiter_earth,orbiter_3,earth,2524050,2528610
orbiter_earth,orbiter_3,earth,2531130,2535690
orbiter_earth,orbiter_3,earth,2538210,2542770
orbiter_earth,orbiter_3,earth,2545290,2549850
orbiter_earth,orbiter_3,earth,2552370,2556930
orbiter_earth,orbiter_3,earth,2559450,2564010
orbiter_earth,orbiter_3,earth,2566560,2571090
orbiter_earth,orbiter_3,earth,2573640,2578200
orbiter_earth,orbiter_3,earth,2580720,2585280
orbiter_earth,orbiter_3,earth,2587800,2592000
orbiter_earth,orbiter_4,earth,1980,6540
orbiter_earth,orbiter_4,earth,9060,13620
orbiter_earth,orbiter_4,earth,16140,20700
orbiter_earth,orbiter_4,earth,23220,27780
orbiter_earth,orbiter_4,earth,30300,34860
orbiter_earth,orbiter_4,earth,37380,41940
orbiter_earth,orbiter_4,earth,44460,49020
orbiter_earth,orbiter_4,earth,51540,56100
orbiter_earth,orbiter_4,earth,58620,63180
orbiter_earth,orbiter_4,earth,65700,70260
orbiter_earth,orbiter_4,earth,72810,77340
orbiter_earth,orbiter_4,earth,79890,84450
orbiter_earth,orbiter_4,earth,86970,91530
orbiter_earth,orbiter_4,earth,94050,98610
orbiter_earth,orbiter_4,earth,101130,105690
orbiter_earth,orbiter_4,earth,108210,112770
orbiter_earth,orbiter_4,earth,115290,119850
orbiter_earth,orbiter_4,earth,122370,126930
orbiter_earth,orbiter_4,earth,129450,134010
orbiter_earth,orbiter_4,earth,136530,141090
orbiter_earth,orbiter_4,earth,143610,148170
orbiter_earth,orbiter_4,earth,150690,155250
orbiter_earth,orbiter_4,earth,157800,162330
orbiter_earth,orbiter_4,earth,164880,169440
orbiter_earth,orbiter_4,earth,171960,176520
orbiter_earth,orbiter_4,earth,179040,183600
orbiter_earth,orbiter_4,earth,186120,190680
orbiter_earth,orbiter_4,earth,193200,197760
orbiter_earth,orbiter_4,earth,200280,204840
orbiter_earth,orbiter_4,earth,207360,211920
orbiter_earth,orbiter_4,earth,214440,219000
orbiter_earth,orbiter_4,earth,221520,226080
orbiter_earth,orbiter_4,earth,228600,233160
orbiter_earth,orbiter_4,earth,235680,240240
orbiter_earth,orbiter_4,earth,242790,247320
orbiter_earth,orbiter_4,earth,249870,254430
orbiter_earth,orbiter_4,earth,256950,261510
orbiter_earth,orbiter_4,earth,264030,268590
orbiter_earth,orbiter_4,earth,271110,275670
orbiter_earth,orbiter_4,earth,278190,282750
orbiter_earth,orbiter_4,earth,285270,289830
orbiter_earth,orbiter_4,earth,292350,296910
orbiter_earth,orbiter_4,earth,299430,303990
orbiter_earth,orbiter_4,earth,306510,311070
orbiter_earth,orbiter_4,earth,313590,318150
orbiter_earth,orbiter_4,earth,320670,325230
orbiter_earth,orbiter_4,earth,327780,332310
orbiter_earth,orbiter_4,earth,334860,339420
orbiter_earth,orbiter_4,earth,341940,346500
orbiter_earth,orbiter_4,earth,349020,353580
orbiter_earth,orbiter_4,earth,356100,360660
orbiter_earth,orbiter_4,earth,363180,367740
orbiter_earth,orbiter_4,earth,370260,374820
orbiter_earth,orbiter_4,earth,377340,381900
orbiter_earth,orbiter_4,earth,384420,388980
orbiter_earth,orbiter_4,earth,391500,396060
orbiter_earth,orbiter_4,earth,398580,403140
orbiter_earth,orbiter_4,earth,405660,410220
orbiter_earth,orbiter_4,earth,412770,417300
orbiter_earth,orbiter_4,earth,419850,424410
orbiter_earth,orbiter_4,earth,426930,431490
orbiter_earth,orbiter_4,earth,434010,438570
orbiter_earth,orbiter_4,earth,441090,445650
orbiter_earth,orbiter_4,earth,448170,452730
orbiter_earth,orbiter_4,earth,455250,459810
orbiter_earth,orbiter_4,earth,462330,466890
orbiter_earth,orbiter_4,earth,469410,473970
orbiter_earth,orbiter_4,earth,476490,481050
orbiter_earth,orbiter_4,earth,483570,488130
orbiter_earth,orbiter_4,earth,490650,495210
orbiter_earth,orbiter_4,earth,497760,502290
orbiter_earth,orbiter_4,earth,504840,509400
orbiter_earth,orbiter_4,earth,511920,516480
orbiter_earth,orbiter_4,earth,519000,523560
orbiter_earth,orbiter_4,earth,526080,530640
orbiter_earth,orbiter_4,earth,533160,537720
orbiter_earth,orbiter_4,earth,540240,544800
orbiter_earth,orbiter_4,earth,547320,551880
orbiter_earth,orbiter_4,earth,554400,558960
orbiter_earth,orbiter_4,earth,561480,566040
orbiter_earth,orbiter_4,earth,568560,573120
orbiter_earth,orbiter_4,earth,575640,580200
orbiter_earth,orbiter_4,earth,582750,587280
orbiter_earth,orbiter_4,earth,589830,594390
orbiter_earth,orbiter_4,earth,596910,601470
orbiter_earth,orbiter_4,earth,603990,608550
orbiter_earth,orbiter_4,earth,611070,615630
orbiter_earth,orbiter_4,earth,618150,622710
orbiter_earth,orbiter_4,earth,625230,629790
orbiter_earth,orbiter_4,earth,632310,636870
orbiter_earth,orbiter_4,earth,639390,643950
orbiter_earth,orbiter_4,earth,646470,651030
orbiter_earth,orbiter_4,earth,653550,658110
orbiter_earth,orbiter_4,earth,660630,665190
orbiter_earth,orbiter_4,earth,667740,672270
orbiter_earth,orbiter_4,earth,674820,679380
orbiter_earth,orbiter_4,earth,681900,686460
orbiter_earth,orbiter_4,earth,688980,693540
orbiter_earth,orbiter_4,earth,696060,700620
orbiter_earth,orbiter_4,earth,703140,707700
orbiter_earth,orbiter_4,earth,710220,714780
orbiter_earth,orbiter_4,earth,717300,721860
orbiter_earth,orbiter_4,earth,724380,728940
orbiter_earth,orbiter_4,earth,731460,736020
orbiter_earth,orbiter_4,earth,738540,743100
orbiter_earth,orbiter_4,earth,745620,750180
orbiter_earth,orbiter_4,earth,752730,757260
orbiter_earth,orbiter_4,earth,759810,764370
orbiter_earth,orbiter_4,earth,766890,771450
orbiter_earth,orbiter_4,earth,773970,778530
orbiter_earth,orbiter_4,earth,781050,785610
orbiter_earth,orbiter_4,earth,788130,792690
orbiter_earth,orbiter_4,earth,795210,799770
orbiter_earth,orbiter_4,earth,802290,806850
orbiter_earth,orbiter_4,earth,809370,813930
orbiter_earth,orbiter_4,earth,816450,821010
orbiter_earth,orbiter_4,earth,823530,828090
orbiter_earth,orbiter_4,earth,830610,835170
orbiter_earth,orbiter_4,earth,837720,842250
orbiter_earth,orbiter_4,earth,844800,849360
orbiter_earth,orbiter_4,earth,851880,856440
orbiter_earth,orbiter_4,earth,858960,863520
orbiter_earth,orbiter_4,earth,866040,870600
orbiter_earth,orbiter_4,earth,873120,877680
orbiter_earth,orbiter_4,earth,880200,884760
orbiter_earth,orbiter_4,earth,887280,891840
orbiter_earth,orbiter_4,earth,894360,898920
orbiter_earth,orbiter_4,earth,901440,906000
orbiter_earth,orbiter_4,earth,908520,913080
orbiter_earth,orbiter_4,earth,915600,920160
orbiter_earth,orbiter_4,earth,922710,927240
orbiter_earth,orbiter_4,earth,929790,934350
orbiter_earth,orbiter_4,earth,936870,941430
orbiter_earth,orbiter_4,earth,943950,948510
orbiter_earth,orbiter_4,earth,951030,955590
orbiter_earth,orbiter_4,earth,958110,962670
orbiter_earth,orbiter_4,earth,965190,969750
orbiter_earth,orbiter_4,earth,972270,976830
orbiter_earth,orbiter_4,earth,979350,983910
orbiter_earth,orbiter_4,earth,986430,990990
orbiter_earth,orbiter_4,earth,993510,998070
orbiter_earth,orbiter_4,earth,1000590,1005150
orbiter_earth,orbiter_4,earth,1007700,1012230
orbiter_earth,orbiter_4,earth,1014780,1019340
orbiter_earth,orbiter_4,earth,1021860,1026420
orbiter_earth,orbiter_4,earth,1028940,1033500
orbiter_earth,orbiter_4,earth,1036020,1040580
orbiter_earth,orbiter_4,earth,1043100,1047660
orbiter_earth,orbiter_4,earth,1050180,1054740
orbiter_earth,orbiter_4,earth,1057260,1061820
orbiter_earth,orbiter_4,earth,1064340,1068900
orbiter_earth,orbiter_4,earth,1071420,1075980
orbiter_earth,orbiter_4,earth,1078500,1083060
orbiter_earth,orbiter_4,earth,1085580,1090140
orbiter_earth,orbiter_4,earth,1092690,1097220
orbiter_earth,orbiter_4,earth,1099770,1104330
orbiter_earth,orbiter_4,earth,1106850,1111410
orbiter_earth,orbiter_4,earth,1113930,1118490
orbiter_earth,orbiter_4,earth,1121010,1125570
orbiter_earth,orbiter_4,earth,1128090,1132650
orbiter_earth,orbiter_4,earth,1135170,1139730
orbiter_earth,orbiter_4,earth,1142250,1146810
orbiter_earth,orbiter_4,earth,1149330,1153890
orbiter_earth,orbiter_4,earth,1156410,1160970
orbiter_earth,orbiter_4,earth,1163490,1168050
orbiter_earth,orbiter_4,earth,1170570,1175130
orbiter_earth,orbiter_4,earth,1177680,1182210
orbiter_earth,orbiter_4,earth,1184760,1189320
orbiter_earth,orbiter_4,earth,1191840,1196400
orbiter_earth,orbiter_4,earth,1198920,1203480
orbiter_earth,orbiter_4,earth,1206000,1210560
orbiter_earth,orbiter_4,earth,1213080,1217640
orbiter_earth,orbiter_4,earth,1220160,1224720
orbiter_earth,orbiter_4,earth,1227240,1231800
orbiter_earth,orbiter_4,earth,1234320,1238880
orbiter_earth,orbiter_4,earth,1241400,1245960
orbiter_earth,orbiter_4,earth,1248480,1253040
orbiter_earth,orbiter_4,earth,1255560,1260120
orbiter_earth,orbiter_4,earth,1262670,1267200
orbiter_earth,orbiter_4,earth,1269750,1274310
orbiter_earth,orbiter_4,earth,1276830,1281390
orbiter_earth,orbiter_4,earth,1283910,1288470
orbiter_earth,orbiter_4,earth,1290990,1295550
orbiter_earth,orbiter_4,earth,1298070,1302630
orbiter_earth,orbiter_4,earth,1305150,1309710
orbiter_earth,orbiter_4,earth,1312230,1316790
orbiter_earth,orbiter_4,earth,1319310,1323870
orbiter_earth,orbiter_4,earth,1326390,1330950
orbiter_earth,orbiter_4,earth,1333470,1338030
orbiter_earth,orbiter_4,earth,1340550,1345110
orbiter_earth,orbiter_4,earth,1347660,1352190
orbiter_earth,orbiter_4,earth,1354740,1359300
orbiter_earth,orbiter_4,earth,1361820,1366380
orbiter_earth,orbiter_4,earth,1368900,1373460
orbiter_earth,orbiter_4,earth,1375980,1380540
orbiter_earth,orbiter_4,earth,1383060,1387620
orbiter_earth,orbiter_4,earth,1390140,1394700
orbiter_earth,orbiter_4,earth,1397220,1401780
orbiter_earth,orbiter_4,earth,1404300,1408860
orbiter_earth,orbiter_4,earth,1411380,1415940
orbiter_earth,orbiter_4,earth,1418460,1423020
orbiter_earth,orbiter_4,earth,1425570,1430100
orbiter_earth,orbiter_4,earth,1432650,1437180
orbiter_earth,orbiter_4,earth,1439730,1444290
orbiter_earth,orbiter_4,earth,1446810,1451370
orbiter_earth,orbiter_4,earth,1453890,1458450
orbiter_earth,orbiter_4,earth,1460970,1465530
orbiter_earth,orbiter_4,earth,1468050,1472610
orbiter_earth,orbiter_4,earth,1475130,1479690
orbiter_earth,orbiter_4,earth,1482210,1486770
orbiter_earth,orbiter_4,earth,1489290,1493850
orbiter_earth,orbiter_4,earth,1496370,1500930
orbiter_earth,orbiter_4,earth,1503450,1508010
orbiter_earth,orbiter_4,earth,1510560,1515090
orbiter_earth,orbiter_4,earth,1517640,1522170
orbiter_earth,orbiter_4,earth,1524720,1529280
orbiter_earth,orbiter_4,earth,1531800,1536360
orbiter_earth,orbiter_4,earth,1538880,1543440
orbiter_earth,orbiter_4,earth,1545960,1550520
orbiter_earth,orbiter_4,earth,1553040,1557600
orbiter_earth,orbiter_4,earth,1560120,1564680
orbiter_earth,orbiter_4,earth,1567200,1571760
orbiter_earth,orbiter_4,earth,1574280,1578840
orbiter_earth,orbiter_4,earth,1581360,1585920
orbiter_earth,orbiter_4,earth,1588440,1593000
orbiter_earth,orbiter_4,earth,1595550,1600080
orbiter_earth,orbiter_4,earth,1602630,1607160
orbiter_earth,orbiter_4,earth,1609710,1614270
orbiter_earth,orbiter_4,earth,1616790,1621350
orbiter_earth,orbiter_4,earth,1623870,1628430
orbiter_earth,orbiter_4,earth,1630950,1635510
orbiter_earth,orbiter_4,earth,1638030,1642590
orbiter_earth,orbiter_4,earth,1645110,1649670
orbiter_earth,orbiter_4,earth,1652190,1656750
orbiter_earth,orbiter_4,earth,1659270,1663830
orbiter_earth,orbiter_4,earth,1666350,1670910
orbiter_earth,orbiter_4,earth,1673430,1677990
orbiter_earth,orbiter_4,earth,1680540,1685070
orbiter_earth,orbiter_4,earth,1687620,1692150
orbiter_earth,orbiter_4,earth,1694700,1699260
orbiter_earth,orbiter_4,earth,1701780,1706340
orbiter_earth,orbiter_4,earth,1708860,1713420
orbiter_earth,orbiter_4,earth,1715940,1720500
orbiter_earth,orbiter_4,earth,1723020,1727580
orbiter_earth,orbiter_4,earth,1730100,1734660
orbiter_earth,orbiter_4,earth,1737180,1741740
orbiter_earth,orbiter_4,earth,1744260,1748820
orbiter_earth,orbiter_4,earth,1751340,1755900
orbiter_earth,orbiter_4,earth,1758420,1762980
orbiter_earth,orbiter_4,earth,1765530,1770060
orbiter_earth,orbiter_4,earth,1772610,1777140
orbiter_earth,orbiter_4,earth,1779690,1784250
orbiter_earth,orbiter_4,earth,1786770,1791330
orbiter_earth,orbiter_4,earth,1793850,1798410
orbiter_earth,orbiter_4,earth,1800930,1805490
orbiter_earth,orbiter_4,earth,1808010,1812570
orbiter_earth,orbiter_4,earth,1815090,1819650
orbiter_earth,orbiter_4,earth,1822170,1826730
orbiter_earth,orbiter_4,earth,1829250,1833810
orbiter_earth,orbiter_4,earth,1836330,1840890
orbiter_earth,orbiter_4,earth,1843410,1847970
orbiter_earth,orbiter_4,earth,1850520,1855050
orbiter_earth,orbiter_4,earth,1857600,1862130
orbiter_earth,orbiter_4,earth,1864680,1869240
orbiter_earth,orbiter_4,earth,1871760,1876320
orbiter_earth,orbiter_4,earth,1878840,1883400
orbiter_earth,orbiter_4,earth,1885920,1890480
orbiter_earth,orbiter_4,earth,1893000,1897560
orbiter_earth,orbiter_4,earth,1900080,1904640
orbiter_earth,orbiter_4,earth,1907160,1911720
orbiter_earth,orbiter_4,earth,1914240,1918800
orbiter_earth,orbiter_4,earth,1921320,1925880
orbiter_earth,orbiter_4,earth,1928400,1932960
orbiter_earth,orbiter_4,earth,1935510,1940040
orbiter_earth,orbiter_4,earth,1942590,1947120
orbiter_earth,orbiter_4,earth,1949670,1954230
orbiter_earth,orbiter_4,earth,1956750,1961310
orbiter_earth,orbiter_4,earth,1963830,1968390
orbiter_earth,orbiter_4,earth,1970910,1975470
orbiter_earth,orbiter_4,earth,1977990,1982550
orbiter_earth,orbiter_4,earth,1985070,1989630
orbiter_earth,orbiter_4,earth,1992150,1996710
orbiter_earth,orbiter_4,earth,1999230,2003790
orbiter_earth,orbiter_4,earth,2006310,2010870
orbiter_earth,orbiter_4,earth,2013390,2017950
orbiter_earth,orbiter_4,earth,2020500,2025030
orbiter_earth,orbiter_4,earth,2027580,2032110
orbiter_earth,orbiter_4,earth,2034660,2039220
orbiter_earth,orbiter_4,earth,2041740,2046300
orbiter_earth,orbiter_4,earth,2048820,2053380
orbiter_earth,orbiter_4,earth,2055900,2060460
orbiter_earth,orbiter_4,earth,2062980,2067540
orbiter_earth,orbiter_4,earth,2070060,2074620
orbiter_earth,orbiter_4,earth,2077140,2081700
orbiter_earth,orbiter_4,earth,2084220,2088780
orbiter_earth,orbiter_4,earth,2091300,2095860
orbiter_earth,orbiter_4,earth,2098380,2102940
orbiter_earth,orbiter_4,earth,2105490,2110020
orbiter_earth,orbiter_4,earth,2112570,2117100
orbiter_earth,orbiter_4,earth,2119650,2124210
orbiter_earth,orbiter_4,earth,2126730,2131290
orbiter_earth,orbiter_4,earth,2133810,2138370
orbiter_earth,orbiter_4,earth,2140890,2145450
orbiter_earth,orbiter_4,earth,2147970,2152530
orbiter_earth,orbiter_4,earth,2155050,2159610
orbiter_earth,orbiter_4,earth,2162130,2166690
orbiter_earth,orbiter_4,earth,2169210,2173770
orbiter_earth,orbiter_4,earth,2176290,2180850
orbiter_earth,orbiter_4,earth,2183370,2187930
orbiter_earth,orbiter_4,earth,2190480,2195010
orbiter_earth,orbiter_4,earth,2197560,2202090
orbiter_earth,orbiter_4,earth,2204640,2209200
orbiter_earth,orbiter_4,earth,2211720,2216280
orbiter_earth,orbiter_4,earth,2218800,2223360
orbiter_earth,orbiter_4,earth,2225880,2230440
orbiter_earth,orbiter_4,earth,2232960,2237520
orbiter_earth,orbiter_4,earth,2240040,2244600
orbiter_earth,orbiter_4,earth,2247120,2251680
orbiter_earth,orbiter_4,earth,2254200,2258760
orbiter_earth,orbiter_4,earth,2261280,2265840
orbiter_earth,orbiter_4,earth,2268360,2272920
orbiter_earth,orbiter_4,earth,2275470,2280000
orbiter_earth,orbiter_4,earth,2282550,2287080
orbiter_earth,orbiter_4,earth,2289630,2294190
orbiter_earth,orbiter_4,earth,2296710,2301270
orbiter_earth,orbiter_4,earth,2303790,2308350
orbiter_earth,orbiter_4,earth,2310870,2315430
orbiter_earth,orbiter_4,earth,2317950,2322510
orbiter_earth,orbiter_4,earth,2325030,2329590
orbiter_earth,orbiter_4,earth,2332110,2336670
orbiter_earth,orbiter_4,earth,2339190,2343750
orbiter_earth,orbiter_4,earth,2346270,2350830
orbiter_earth,orbiter_4,earth,2353350,2357910
orbiter_earth,orbiter_4,earth,2360460,2364990
orbiter_earth,orbiter_4,earth,2367540,2372070
orbiter_earth,orbiter_4,earth,2374620,2379180
orbiter_earth,orbiter_4,earth,2381700,2386260
orbiter_earth,orbiter_4,earth,2388780,2393340
orbiter_earth,orbiter_4,earth,2395860,2400420
orbiter_earth,orbiter_4,earth,2402940,2407500
orbiter_earth,orbiter_4,earth,2410020,2414580
orbiter_earth,orbiter_4,earth,2417100,2421660
orbiter_earth,orbiter_4,earth,2424180,2428740
orbiter_earth,orbiter_4,earth,2431260,2435820
orbiter_earth,orbiter_4,earth,2438340,2442900
orbiter_earth,orbiter_4,earth,2445450,2449980
orbiter_earth,orbiter_4,earth,2452530,2457060
orbiter_earth,orbiter_4,earth,2459610,2464170
orbiter_earth,orbiter_4,earth,2466690,2471250
orbiter_earth,orbiter_4,earth,2473770,2478330
orbiter_earth,orbiter_4,earth,2480850,2485410
orbiter_earth,orbiter_4,earth,2487930,2492490
orbiter_earth,orbiter_4,earth,2495010,2499570
orbiter_earth,orbiter_4,earth,2502090,2506650
orbiter_earth,orbiter_4,earth,2509170,2513730
orbiter_earth,orbiter_4,earth,2516250,2520810
orbiter_earth,orbiter_4,earth,2523330,2527890
orbiter_earth,orbiter_4,earth,2530440,2534970
orbiter_earth,orbiter_4,earth,2537520,2542050
orbiter_earth,orbiter_4,earth,2544600,2549160
orbiter_earth,orbiter_4,earth,2551680,2556240
orbiter_earth,orbiter_4,earth,2558760,2563320
orbiter_earth,orbiter_4,earth,2565840,2570400
orbiter_earth,orbiter_4,earth,2572920,2577480
orbiter_earth,orbiter_4,earth,2580000,2584560
orbiter_earth,orbiter_4,earth,2587080,2591640
orbiter_earth,orbiter_5,earth,1260,5820
orbiter_earth,orbiter_5,earth,8340,12900
orbiter_earth,orbiter_5,earth,15420,19980
orbiter_earth,orbiter_5,earth,22500,27060
orbiter_earth,orbiter_5,earth,29580,34140
orbiter_earth,orbiter_5,earth,36690,41220
orbiter_earth,orbiter_5,earth,43770,48300
orbiter_earth,orbiter_5,earth,50850,55410
orbiter_earth,orbiter_5,earth,57930,62490
orbiter_earth,orbiter_5,earth,65010,69570
orbiter_earth,orbiter_5,earth,72090,76650
orbiter_earth,orbiter_5,earth,79170,83730
orbiter_earth,orbiter_5,earth,86250,90810
orbiter_earth,orbiter_5,earth,93330,97890
orbiter_earth,orbiter_5,earth,100410,104970
orbiter_earth,orbiter_5,earth,107490,112050
orbiter_earth,orbiter_5,earth,114570,119130
orbiter_earth,orbiter_5,earth,121680,126210
orbiter_earth,orbiter_5,earth,128760,133290
orbiter_earth,orbiter_5,earth,135840,140400
orbiter_earth,orbiter_5,earth,142920,147480
orbiter_earth,orbiter_5,earth,150000,154560
orbiter_earth,orbiter_5,earth,157080,161640
orbiter_earth,orbiter_5,earth,164160,168720
orbiter_earth,orbiter_5,earth,171240,175800
orbiter_earth,orbiter_5,earth,178320,182880
orbiter_earth,orbiter_5,earth,185400,189960
orbiter_earth,orbiter_5,earth,192480,197040
orbiter_earth,orbiter_5,earth,199560,204120
orbiter_earth,orbiter_5,earth,206670,211200
orbiter_earth,orbiter_5,earth,213750,218280
orbiter_earth,orbiter_5,earth,220830,225390
orbiter_earth,orbiter_5,earth,227910,232470
orbiter_earth,orbiter_5,earth,234990,239550
orbiter_earth,orbiter_5,earth,242070,246630
orbiter_earth,orbiter_5,earth,249150,253710
orbiter_earth,orbiter_5,earth,256230,260790
orbiter_earth,orbiter_5,earth,263310,267870
orbiter_earth,orbiter_5,earth,270390,274950
orbiter_earth,orbiter_5,earth,277470,282030
orbiter_earth,orbiter_5,earth,284550,289110
orbiter_earth,orbiter_5,earth,291660,296190
orbiter_earth,orbiter_5,earth,298740,303270
orbiter_earth,orbiter_5,earth,305820,310380
orbiter_earth,orbiter_5,earth,312900,317460
orbiter_earth,orbiter_5,earth,319980,324540
orbiter_earth,orbiter_5,earth,327060,331620
orbiter_earth,orbiter_5,earth,334140,338700
orbiter_earth,orbiter_5,earth,341220,345780
orbiter_earth,orbiter_5,earth,348300,352860
orbiter_earth,orbiter_5,earth,355380,359940
orbiter_earth,orbiter_5,earth,362460,367020
orbiter_earth,orbiter_5,earth,369540,374100
orbiter_earth,orbiter_5,earth,376650,381180
orbiter_earth,orbiter_5,earth,383730,388260
orbiter_earth,orbiter_5,earth,390810,395370
orbiter_earth,orbiter_5,earth,397890,402450
orbiter_earth,orbiter_5,earth,404970,409530
orbiter_earth,orbiter_5,earth,412050,416610
orbiter_earth,orbiter_5,earth,419130,423690
orbiter_earth,orbiter_5,earth,426210,430770
orbiter_earth,orbiter_5,earth,433290,437850
orbiter_earth,orbiter_5,earth,440370,444930
orbiter_earth,orbiter_5,earth,447450,452010
orbiter_earth,orbiter_5,earth,454530,459090
orbiter_earth,orbiter_5,earth,461640,466170
orbiter_earth,orbiter_5,earth,468720,473250
orbiter_earth,orbiter_5,earth,475800,480360
orbiter_earth,orbiter_5,earth,482880,487440
orbiter_earth,orbiter_5,earth,489960,494520
orbiter_earth,orbiter_5,earth,497040,501600
orbiter_earth,orbiter_5,earth,504120,508680
orbiter_earth,orbiter_5,earth,511200,515760
orbiter_earth,orbiter_5,earth,518280,522840
orbiter_earth,orbiter_5,earth,525360,529920
orbiter_earth,orbiter_5,earth,532440,537000
orbiter_earth,orbiter_5,earth,539520,544080
orbiter_earth,orbiter_5,earth,546630,551160
orbiter_earth,orbiter_5,earth,553710,558240
orbiter_earth,orbiter_5,earth,560790,565350
orbiter_earth,orbiter_5,earth,567870,572430
orbiter_earth,orbiter_5,earth,574950,579510
orbiter_earth,orbiter_5,earth,582030,586590
orbiter_earth,orbiter_5,earth,589110,593670
orbiter_earth,orbiter_5,earth,596190,600750
orbiter_earth,orbiter_5,earth,603270,607830
orbiter_earth,orbiter_5,earth,610350,614910
orbiter_earth,orbiter_5,earth,617430,621990
orbiter_earth,orbiter_5,earth,624510,629070
orbiter_earth,orbiter_5,earth,631620,636150
orbiter_earth,orbiter_5,earth,638700,643260
orbiter_earth,orbiter_5,earth,645780,650340
orbiter_earth,orbiter_5,earth,652860,657420
orbiter_earth,orbiter_5,earth,659940,664500
orbiter_earth,orbiter_5,earth,667020,671580
orbiter_earth,orbiter_5,earth,674100,678660
orbiter_earth,orbiter_5,earth,681180,685740
orbiter_earth,orbiter_5,earth,688260,692820
orbiter_earth,orbiter_5,earth,695340,699900
orbiter_earth,orbiter_5,earth,702420,706980
orbiter_earth,orbiter_5,earth,709500,714060
orbiter_earth,orbiter_5,earth,716610,721140
orbiter_earth,orbiter_5,earth,723690,728250
orbiter_earth,orbiter_5,earth,730770,735330
orbiter_earth,orbiter_5,earth,737850,742410
orbiter_earth,orbiter_5,earth,744930,749490
orbiter_earth,orbiter_5,earth,752010,756570
orbiter_earth,orbiter_5,earth,759090,763650
orbiter_earth,orbiter_5,earth,766170,770730
orbiter_earth,orbiter_5,earth,773250,777810
orbiter_earth,orbiter_5,earth,780330,784890
orbiter_earth,orbiter_5,earth,787410,791970
orbiter_earth,orbiter_5,earth,794490,799050
orbiter_earth,orbiter_5,earth,801600,806130
orbiter_earth,orbiter_5,earth,808680,813240
orbiter_earth,orbiter_5,earth,815760,820320
orbiter_earth,orbiter_5,earth,822840,827400
orbiter_earth,orbiter_5,earth,829920,834480
orbiter_earth,orbiter_5,earth,837000,841560
orbiter_earth,orbiter_5,earth,844080,848640
orbiter_earth,orbiter_5,earth,851160,855720
orbiter_earth,orbiter_5,earth,858240,862800
orbiter_earth,orbiter_5,earth,865320,869880
orbiter_earth,orbiter_5,earth,872400,876960
orbiter_earth,orbiter_5,earth,879480,884040
orbiter_earth,orbiter_5,earth,886590,891120
orbiter_earth,orbiter_5,earth,893670,898230
orbiter_earth,orbiter_5,earth,900750,905310
orbiter_earth,orbiter_5,earth,907830,912390
orbiter_earth,orbiter_5,earth,914910,919470
orbiter_earth,orbiter_5,earth,921990,926550
orbiter_earth,orbiter_5,earth,929070,933630
orbiter_earth,orbiter_5,earth,936150,940710
orbiter_earth,orbiter_5,earth,943230,947790
orbiter_earth,orbiter_5,earth,950310,954870
orbiter_earth,orbiter_5,earth,957390,961950
orbiter_earth,orbiter_5,earth,964470,969030
orbiter_earth,orbiter_5,earth,971580,976110
orbiter_earth,orbiter_5,earth,978660,983220
orbiter_earth,orbiter_5,earth,985740,990300
orbiter_earth,orbiter_5,earth,992820,997380
orbiter_earth,orbiter_5,earth,999900,1004460
orbiter_earth,orbiter_5,earth,1006980,1011540
orbiter_earth,orbiter_5,earth,1014060,1018620
orbiter_earth,orbiter_5,earth,1021140,1025700
orbiter_earth,orbiter_5,earth,1028220,1032780
orbiter_earth,orbiter_5,earth,1035300,1039860
orbiter_earth,orbiter_5,earth,1042380,1046940
orbiter_earth,orbiter_5,earth,1049460,1054020
orbiter_earth,orbiter_5,earth,1056570,1061100
orbiter_earth,orbiter_5,earth,1063650,1068210
orbiter_earth,orbiter_5,earth,1070730,1075290
orbiter_earth,orbiter_5,earth,1077810,1082370
orbiter_earth,orbiter_5,earth,1084890,1089450
orbiter_earth,orbiter_5,earth,1091970,1096530
orbiter_earth,orbiter_5,earth,1099050,1103610
orbiter_earth,orbiter_5,earth,1106130,1110690
orbiter_earth,orbiter_5,earth,1113210,1117770
orbiter_earth,orbiter_5,earth,1120290,1124850
orbiter_earth,orbiter_5,earth,1127370,1131930
orbiter_earth,orbiter_5,earth,1134450,1139010
orbiter_earth,orbiter_5,earth,1141560,1146090
orbiter_earth,orbiter_5,earth,1148640,1153200
orbiter_earth,orbiter_5,earth,1155720,1160280
orbiter_earth,orbiter_5,earth,1162800,1167360
orbiter_earth,orbiter_5,earth,1169880,1174440
orbiter_earth,orbiter_5,earth,1176960,1181520
orbiter_earth,orbiter_5,earth,1184040,1188600
orbiter_earth,orbiter_5,earth,1191120,1195680
orbiter_earth,orbiter_5,earth,1198200,1202760
orbiter_earth,orbiter_5,earth,1205280,1209840
orbiter_earth,orbiter_5,earth,1212360,1216920
orbiter_earth,orbiter_5,earth,1219440,1224000
orbiter_earth,orbiter_5,earth,1226550,1231080
orbiter_earth,orbiter_5,earth,1233630,1238190
orbiter_earth,orbiter_5,earth,1240710,1245270
orbiter_earth,orbiter_5,earth,1247790,1252350
orbiter_earth,orbiter_5,earth,1254870,1259430
orbiter_earth,orbiter_5,earth,1261950,1266510
orbiter_earth,orbiter_5,earth,1269030,1273590
orbiter_earth,orbiter_5,earth,1276110,1280670
orbiter_earth,orbiter_5,earth,1283190,1287750
orbiter_earth,orbiter_5,earth,1290270,1294830
orbiter_earth,orbiter_5,earth,1297350,1301910
orbiter_earth,orbiter_5,earth,1304430,1308990
orbiter_earth,orbiter_5,earth,1311540,1316070
orbiter_earth,orbiter_5,earth,1318620,1323180
orbiter_earth,orbiter_5,earth,1325700,1330260
orbiter_earth,orbiter_5,earth,1332780,1337340
orbiter_earth,orbiter_5,earth,1339860,1344420
orbiter_earth,orbiter_5,earth,1346940,1351500
orbiter_earth,orbiter_5,earth,1354020,1358580
orbiter_earth,orbiter_5,earth,1361100,1365660
orbiter_earth,orbiter_5,earth,1368180,1372740
orbiter_earth,orbiter_5,earth,1375260,1379820
orbiter_earth,orbiter_5,earth,1382340,1386900
orbiter_earth,orbiter_5,earth,1389420,1393980
orbiter_earth,orbiter_5,earth,1396530,1401060
orbiter_earth,orbiter_5,earth,1403610,1408170
orbiter_earth,orbiter_5,earth,1410690,1415250
orbiter_earth,orbiter_5,earth,1417770,1422330
orbiter_earth,orbiter_5,earth,1424850,1429410
orbiter_earth,orbiter_5,earth,1431930,1436490
orbiter_earth,orbiter_5,earth,1439010,1443570
orbiter_earth,orbiter_5,earth,1446090,1450650
orbiter_earth,orbiter_5,earth,1453170,1457730
orbiter_earth,orbiter_5,earth,1460250,1464810
orbiter_earth,orbiter_5,earth,1467330,1471890
orbiter_earth,orbiter_5,earth,1474410,1478970
orbiter_earth,orbiter_5,earth,1481520,1486050
orbiter_earth,orbiter_5,earth,1488600,1493160
orbiter_earth,orbiter_5,earth,1495680,1500240
orbiter_earth,orbiter_5,earth,1502760,1507320
orbiter_earth,orbiter_5,earth,1509840,1514400
orbiter_earth,orbiter_5,earth,1516920,1521480
orbiter_earth,orbiter_5,earth,1524000,1528560
orbiter_earth,orbiter_5,earth,1531080,1535640
orbiter_earth,orbiter_5,earth,1538160,1542720
orbiter_earth,orbiter_5,earth,1545240,1549800
orbiter_earth,orbiter_5,earth,1552320,1556880
orbiter_earth,orbiter_5,earth,1559400,1563960
orbiter_earth,orbiter_5,earth,1566510,1571040
orbiter_earth,orbiter_5,earth,1573590,1578150
orbiter_earth,orbiter_5,earth,1580670,1585230
orbiter_earth,orbiter_5,earth,1587750,1592310
orbiter_earth,orbiter_5,earth,1594830,1599390
orbiter_earth,orbiter_5,earth,1601910,1606470
orbiter_earth,orbiter_5,earth,1608990,1613550
orbiter_earth,orbiter_5,earth,1616070,1620630
orbiter_earth,orbiter_5,earth,1623150,1627710
orbiter_earth,orbiter_5,earth,1630230,1634790
orbiter_earth,orbiter_5,earth,1637310,1641870
orbiter_earth,orbiter_5,earth,1644390,1648950
orbiter_earth,orbiter_5,earth,1651500,1656030
orbiter_earth,orbiter_5,earth,1658580,1663140
orbiter_earth,orbiter_5,earth,1665660,1670220
orbiter_earth,orbiter_5,earth,1672740,1677300
orbiter_earth,orbiter_5,earth,1679820,1684380
orbiter_earth,orbiter_5,earth,1686900,1691460
orbiter_earth,orbiter_5,earth,1693980,1698540
orbiter_earth,orbiter_5,earth,1701060,1705620
orbiter_earth,orbiter_5,earth,1708140,1712700
orbiter_earth,orbiter_5,earth,1715220,1719780
orbiter_earth,orbiter_5,earth,1722300,1726860
orbiter_earth,orbiter_5,earth,1729380,1733940
orbiter_earth,orbiter_5,earth,1736490,1741020
orbiter_earth,orbiter_5,earth,1743570,1748130
orbiter_earth,orbiter_5,earth,1750650,1755210
orbiter_earth,orbiter_5,earth,1757730,1762290
orbiter_earth,orbiter_5,earth,1764810,1769370
orbiter_earth,orbiter_5,earth,1771890,1776450
orbiter_earth,orbiter_5,earth,1778970,1783530
orbiter_earth,orbiter_5,earth,1786050,1790610
orbiter_earth,orbiter_5,earth,1793130,1797690
orbiter_earth,orbiter_5,earth,1800210,1804770
orbiter_earth,orbiter_5,earth,1807290,1811850
orbiter_earth,orbiter_5,earth,1814370,1818930
orbiter_earth,orbiter_5,earth,1821480,1826010
orbiter_earth,orbiter_5,earth,1828560,1833120
orbiter_earth,orbiter_5,earth,1835640,1840200
orbiter_earth,orbiter_5,earth,1842720,1847280
orbiter_earth,orbiter_5,earth,1849800,1854360
orbiter_earth,orbiter_5,earth,1856880,1861440
orbiter_earth,orbiter_5,earth,1863960,1868520
orbiter_earth,orbiter_5,earth,1871040,1875600
orbiter_earth,orbiter_5,earth,1878120,1882680
orbiter_earth,orbiter_5,earth,1885200,1889760
orbiter_earth,orbiter_5,earth,1892280,1896840
orbiter_earth,orbiter_5,earth,1899360,1903920
orbiter_earth,orbiter_5,earth,1906470,1911000
orbiter_earth,orbiter_5,earth,1913550,1918110
orbiter_earth,orbiter_5,earth,1920630,1925190
orbiter_earth,orbiter_5,earth,1927710,1932270
orbiter_earth,orbiter_5,earth,1934790,1939350
orbiter_earth,orbiter_5,earth,1941870,1946430
orbiter_earth,orbiter_5,earth,1948950,1953510
orbiter_earth,orbiter_5,earth,1956030,1960590
orbiter_earth,orbiter_5,earth,1963110,1967670
orbiter_earth,orbiter_5,earth,1970190,1974750
orbiter_earth,orbiter_5,earth,1977270,1981830
orbiter_earth,orbiter_5,earth,1984350,1988910
orbiter_earth,orbiter_5,earth,1991460,1995990
orbiter_earth,orbiter_5,earth,1998540,2003100
orbiter_earth,orbiter_5,earth,2005620,2010180
orbiter_earth,orbiter_5,earth,2012700,2017260
orbiter_earth,orbiter_5,earth,2019780,2024340
orbiter_earth,orbiter_5,earth,2026860,2031420
orbiter_earth,orbiter_5,earth,2033940,2038500
orbiter_earth,orbiter_5,earth,2041020,2045580
orbiter_earth,orbiter_5,earth,2048100,2052660
orbiter_earth,orbiter_5,earth,2055180,2059740
orbiter_earth,orbiter_5,earth,2062260,2066820
orbiter_earth,orbiter_5,earth,2069340,2073900
orbiter_earth,orbiter_5,earth,2076450,2080980
orbiter_earth,orbiter_5,earth,2083530,2088090
orbiter_earth,orbiter_5,earth,2090610,2095170
orbiter_earth,orbiter_5,earth,2097690,2102250
orbiter_earth,orbiter_5,earth,2104770,2109330
orbiter_earth,orbiter_5,earth,2111850,2116410
orbiter_earth,orbiter_5,earth,2118930,2123490
orbiter_earth,orbiter_5,earth,2126010,2130570
orbiter_earth,orbiter_5,earth,2133090,2137650
orbiter_earth,orbiter_5,earth,2140170,2144730
orbiter_earth,orbiter_5,earth,2147250,2151810
orbiter_earth,orbiter_5,earth,2154330,2158890
orbiter_earth,orbiter_5,earth,2161440,2165970
orbiter_earth,orbiter_5,earth,2168520,2173080
orbiter_earth,orbiter_5,earth,2175600,2180160
orbiter_earth,orbiter_5,earth,2182680,2187240
orbiter_earth,orbiter_5,earth,2189760,2194320
orbiter_earth,orbiter_5,earth,2196840,2201400
orbiter_earth,orbiter_5,earth,2203920,2208480
orbiter_earth,orbiter_5,earth,2211000,2215560
orbiter_earth,orbiter_5,earth,2218080,2222640
orbiter_earth,orbiter_5,earth,2225160,2229720
orbiter_earth,orbiter_5,earth,2232240,2236800
orbiter_earth,orbiter_5,earth,2239320,2243880
orbiter_earth,orbiter_5,earth,2246430,2250960
orbiter_earth,orbiter_5,earth,2253510,2258070
orbiter_earth,orbiter_5,earth,2260590,2265150
orbiter_earth,orbiter_5,earth,2267670,2272230
orbiter_earth,orbiter_5,earth,2274750,2279310
orbiter_earth,orbiter_5,earth,2281830,2286390
orbiter_earth,orbiter_5,earth,2288910,2293470
orbiter_earth,orbiter_5,earth,2295990,2300550
orbiter_earth,orbiter_5,earth,2303070,2307630
orbiter_earth,orbiter_5,earth,2310150,2314710
orbiter_earth,orbiter_5,earth,2317230,2321790
orbiter_earth,orbiter_5,earth,2324340,2328870
orbiter_earth,orbiter_5,earth,2331420,2335950
orbiter_earth,orbiter_5,earth,2338500,2343060
orbiter_earth,orbiter_5,earth,2345580,2350140
orbiter_earth,orbiter_5,earth,2352660,2357220
orbiter_earth,orbiter_5,earth,2359740,2364300
orbiter_earth,orbiter_5,earth,2366820,2371380
orbiter_earth,orbiter_5,earth,2373900,2378460
orbiter_earth,orbiter_5,earth,2380980,2385540
orbiter_earth,orbiter_5,earth,2388060,2392620
orbiter_earth,orbiter_5,earth,2395140,2399700
orbiter_earth,orbiter_5,earth,2402220,2406780
orbiter_earth,orbiter_5,earth,2409330,2413860
orbiter_earth,orbiter_5,earth,2416410,2420940
orbiter_earth,orbiter_5,earth,2423490,2428050
orbiter_earth,orbiter_5,earth,2430570,2435130
orbiter_earth,orbiter_5,earth,2437650,2442210
orbiter_earth,orbiter_5,earth,2444730,2449290
orbiter_earth,orbiter_5,earth,2451810,2456370
orbiter_earth,orbiter_5,earth,2458890,2463450
orbiter_earth,orbiter_5,earth,2465970,2470530
orbiter_earth,orbiter_5,earth,2473050,2477610
orbiter_earth,orbiter_5,earth,2480130,2484690
orbiter_earth,orbiter_5,earth,2487210,2491770
orbiter_earth,orbiter_5,earth,2494320,2498850
orbiter_earth,orbiter_5,earth,2501400,2505930
orbiter_earth,orbiter_5,earth,2508480,2513040
orbiter_earth,orbiter_5,earth,2515560,2520120
orbiter_earth,orbiter_5,earth,2522640,2527200
orbiter_earth,orbiter_5,earth,2529720,2534280
orbiter_earth,orbiter_5,earth,2536800,2541360
orbiter_earth,orbiter_5,earth,2543880,2548440
orbiter_earth,orbiter_5,earth,2550960,2555520
orbiter_earth,orbiter_5,earth,2558040,2562600
orbiter_earth,orbiter_5,earth,2565120,2569680
orbiter_earth,orbiter_5,earth,2572200,2576760
orbiter_earth,orbiter_5,earth,2579310,2583840
orbiter_earth,orbiter_5,earth,2586390,2590920
orbiter_earth,orbiter_6,earth,540,5100
orbiter_earth,orbiter_6,earth,7650,12180
orbiter_earth,orbiter_6,earth,14730,19290
orbiter_earth,orbiter_6,earth,21810,26370
orbiter_earth,orbiter_6,earth,28890,33450
orbiter_earth,orbiter_6,earth,35970,40530
orbiter_earth,orbiter_6,earth,43050,47610
orbiter_earth,orbiter_6,earth,50130,54690
orbiter_earth,orbiter_6,earth,57210,61770
orbiter_earth,orbiter_6,earth,64290,68850
orbiter_earth,orbiter_6,earth,71370,75930
orbiter_earth,orbiter_6,earth,78450,83010
orbiter_earth,orbiter_6,earth,85530,90090
orbiter_earth,orbiter_6,earth,92640,97170
orbiter_earth,orbiter_6,earth,99720,104280
orbiter_earth,orbiter_6,earth,106800,111360
orbiter_earth,orbiter_6,earth,113880,118440
orbiter_earth,orbiter_6,earth,120960,125520
orbiter_earth,orbiter_6,earth,128040,132600
orbiter_earth,orbiter_6,earth,135120,139680
orbiter_earth,orbiter_6,earth,142200,146760
orbiter_earth,orbiter_6,earth,149280,153840
orbiter_earth,orbiter_6,earth,156360,160920
orbiter_earth,orbiter_6,earth,163440,168000
orbiter_earth,orbiter_6,earth,170520,175080
orbiter_earth,orbiter_6,earth,177630,182160
orbiter_earth,orbiter_6,earth,184710,189270
orbiter_earth,orbiter_6,earth,191790,196350
orbiter_earth,orbiter_6,earth,198870,203430
orbiter_earth,orbiter_6,earth,205950,210510
orbiter_earth,orbiter_6,earth,213030,217590
orbiter_earth,orbiter_6,earth,220110,224670
orbiter_earth,orbiter_6,earth,227190,231750
orbiter_earth,orbiter_6,earth,234270,238830
orbiter_earth,orbiter_6,earth,241350,245910
orbiter_earth,orbiter_6,earth,248430,252990
orbiter_earth,orbiter_6,earth,255540,260070
orbiter_earth,orbiter_6,earth,262620,267150
orbiter_earth,orbiter_6,earth,269700,274260
orbiter_earth,orbiter_6,earth,276780,281340
orbiter_earth,orbiter_6,earth,283860,288420
orbiter_earth,orbiter_6,earth,290940,295500
orbiter_earth,orbiter_6,earth,298020,302580
orbiter_earth,orbiter_6,earth,305100,309660
orbiter_earth,orbiter_6,earth,312180,316740
orbiter_earth,orbiter_6,earth,319260,323820
orbiter_earth,orbiter_6,earth,326340,330900
orbiter_earth,orbiter_6,earth,333420,337980
orbiter_earth,orbiter_6,earth,340530,345060
orbiter_earth,orbiter_6,earth,347610,352140
orbiter_earth,orbiter_6,earth,354690,359250
orbiter_earth,orbiter_6,earth,361770,366330
orbiter_earth,orbiter_6,earth,368850,373410
orbiter_earth,orbiter_6,earth,375930,380490
orbiter_earth,orbiter_6,earth,383010,387570
orbiter_earth,orbiter_6,earth,390090,394650
orbiter_earth,orbiter_6,earth,397170,401730
orbiter_earth,orbiter_6,earth,404250,408810
orbiter_earth,orbiter_6,earth,411330,415890
orbiter_earth,orbiter_6,earth,418410,422970
orbiter_earth,orbiter_6,earth,425520,430050
orbiter_earth,orbiter_6,earth,432600,437130
orbiter_earth,orbiter_6,earth,439680,444240
orbiter_earth,orbiter_6,earth,446760,451320
orbiter_earth,orbiter_6,earth,453840,458400
orbiter_earth,orbiter_6,earth,460920,465480
orbiter_earth,orbiter_6,earth,468000,472560
orbiter_earth,orbiter_6,earth,475080,479640
orbiter_earth,orbiter_6,earth,482160,486720
orbiter_earth,orbiter_6,earth,489240,493800
orbiter_earth,orbiter_6,earth,496320,500880
orbiter_earth,orbiter_6,earth,503400,507960
orbiter_earth,orbiter_6,earth,510510,515040
orbiter_earth,orbiter_6,earth,517590,522120
orbiter_earth,orbiter_6,earth,524670,529230
orbiter_earth,orbiter_6,earth,531750,536310
orbiter_earth,orbiter_6,earth,538830,543390
orbiter_earth,orbiter_6,earth,545910,550470
orbiter_earth,orbiter_6,earth,552990,557550
orbiter_earth,orbiter_6,earth,560070,564630
orbiter_earth,orbiter_6,earth,567150,571710
orbiter_earth,orbiter_6,earth,574230,578790
orbiter_earth,orbiter_6,earth,581310,585870
orbiter_earth,orbiter_6,earth,588390,592950
orbiter_earth,orbiter_6,earth,595500,600030
orbiter_earth,orbiter_6,earth,602580,607110
orbiter_earth,orbiter_6,earth,609660,614220
orbiter_earth,orbiter_6,earth,616740,621300
orbiter_earth,orbiter_6,earth,623820,628380
orbiter_earth,orbiter_6,earth,630900,635460
orbiter_earth,orbiter_6,earth,637980,642540
orbiter_earth,orbiter_6,earth,645060,649620
orbiter_earth,orbiter_6,earth,652140,656700
orbiter_earth,orbiter_6,earth,659220,663780
orbiter_earth,orbiter_6,earth,666300,670860
orbiter_earth,orbiter_6,earth,673380,677940
orbiter_earth,orbiter_6,earth,680490,685020
orbiter_earth,orbiter_6,earth,687570,692100
orbiter_earth,orbiter_6,earth,694650,699210
orbiter_earth,orbiter_6,earth,701730,706290
orbiter_earth,orbiter_6,earth,708810,713370
orbiter_earth,orbiter_6,earth,715890,720450
orbiter_earth,orbiter_6,earth,722970,727530
orbiter_earth,orbiter_6,earth,730050,734610
orbiter_earth,orbiter_6,earth,737130,741690
orbiter_earth,orbiter_6,earth,744210,748770
orbiter_earth,orbiter_6,earth,751290,755850
orbiter_earth,orbiter_6,earth,758370,762930
orbiter_earth,orbiter_6,earth,765480,770010
orbiter_earth,orbiter_6,earth,772560,777090
orbiter_earth,orbiter_6,earth,779640,784200
orbiter_earth,orbiter_6,earth,786720,791280
orbiter_earth,orbiter_6,earth,793800,798360
orbiter_earth,orbiter_6,earth,800880,805440
orbiter_earth,orbiter_6,earth,807960,812520
orbiter_earth,orbiter_6,earth,815040,819600
orbiter_earth,orbiter_6,earth,822120,826680
orbiter_earth,orbiter_6,earth,829200,833760
orbiter_earth,orbiter_6,earth,836280,840840
orbiter_earth,orbiter_6,earth,843360,847920
orbiter_earth,orbiter_6,earth,850470,855000
orbiter_earth,orbiter_6,earth,857550,862080
orbiter_earth,orbiter_6,earth,864630,869190
orbiter_earth,orbiter_6,earth,871710,876270
orbiter_earth,orbiter_6,earth,878790,883350
orbiter_earth,orbiter_6,earth,885870,890430
orbiter_earth,orbiter_6,earth,892950,897510
orbiter_earth,orbiter_6,earth,900030,904590
orbiter_earth,orbiter_6,earth,907110,911670
orbiter_earth,orbiter_6,earth,914190,918750
orbiter_earth,orbiter_6,earth,921270,925830
orbiter_earth,orbiter_6,earth,928350,932910
orbiter_earth,orbiter_6,earth,935460,939990
orbiter_earth,orbiter_6,earth,942540,947070
orbiter_earth,orbiter_6,earth,949620,954180
orbiter_earth,orbiter_6,earth,956700,961260
orbiter_earth,orbiter_6,earth,963780,968340
orbiter_earth,orbiter_6,earth,970860,975420
orbiter_earth,orbiter_6,earth,977940,982500
orbiter_earth,orbiter_6,earth,985020,989580
orbiter_earth,orbiter_6,earth,992100,996660
orbiter_earth,orbiter_6,earth,999180,1003740
orbiter_earth,orbiter_6,earth,1006260,1010820
orbiter_earth,orbiter_6,earth,1013340,1017900
orbiter_earth,orbiter_6,earth,1020450,1024980
orbiter_earth,orbiter_6,earth,1027530,1032060
orbiter_earth,orbiter_6,earth,1034610,1039170
orbiter_earth,orbiter_6,earth,1041690,1046250
orbiter_earth,orbiter_6,earth,1048770,1053330
orbiter_earth,orbiter_6,earth,1055850,1060410
orbiter_earth,orbiter_6,earth,1062930,1067490
orbiter_earth,orbiter_6,earth,1070010,1074570
orbiter_earth,orbiter_6,earth,1077090,1081650
orbiter_earth,orbiter_6,earth,1084170,1088730
orbiter_earth,orbiter_6,earth,1091250,1095810
orbiter_earth,orbiter_6,earth,1098330,1102890
orbiter_earth,orbiter_6,earth,1105440,1109970
orbiter_earth,orbiter_6,earth,1112520,1117050
orbiter_earth,orbiter_6,earth,1119600,1124160
orbiter_earth,orbiter_6,earth,1126680,1131240
orbiter_earth,orbiter_6,earth,1133760,1138320
orbiter_earth,orbiter_6,earth,1140840,1145400
orbiter_earth,orbiter_6,earth,1147920,1152480
orbiter_earth,orbiter_6,earth,1155000,1159560
orbiter_earth,orbiter_6,earth,1162080,1166640
orbiter_earth,orbiter_6,earth,1169160,1173720
orbiter_earth,orbiter_6,earth,1176240,1180800
orbiter_earth,orbiter_6,earth,1183320,1187880
orbiter_earth,orbiter_6,earth,1190430,1194960
orbiter_earth,orbiter_6,earth,1197510,1202040
orbiter_earth,orbiter_6,earth,1204590,1209150
orbiter_earth,orbiter_6,earth,1211670,1216230
orbiter_earth,orbiter_6,earth,1218750,1223310
orbiter_earth,orbiter_6,earth,1225830,1230390
orbiter_earth,orbiter_6,earth,1232910,1237470
orbiter_earth,orbiter_6,earth,1239990,1244550
orbiter_earth,orbiter_6,earth,1247070,1251630
orbiter_earth,orbiter_6,earth,1254150,1258710
orbiter_earth,orbiter_6,earth,1261230,1265790
orbiter_earth,orbiter_6,earth,1268310,1272870
orbiter_earth,orbiter_6,earth,1275420,1279950
orbiter_earth,orbiter_6,earth,1282500,1287030
orbiter_earth,orbiter_6,earth,1289580,1294140
orbiter_earth,orbiter_6,earth,1296660,1301220
orbiter_earth,orbiter_6,earth,1303740,1308300
orbiter_earth,orbiter_6,earth,1310820,1315380
orbiter_earth,orbiter_6,earth,1317900,1322460
orbiter_earth,orbiter_6,earth,1324980,1329540
orbiter_earth,orbiter_6,earth,1332060,1336620
orbiter_earth,orbiter_6,earth,1339140,1343700
orbiter_earth,orbiter_6,earth,1346220,1350780
orbiter_earth,orbiter_6,earth,1353300,1357860
orbiter_earth,orbiter_6,earth,1360410,1364940
orbiter_earth,orbiter_6,earth,1367490,1372020
orbiter_earth,orbiter_6,earth,1374570,1379130
orbiter_earth,orbiter_6,earth,1381650,1386210
orbiter_earth,orbiter_6,earth,1388730,1393290
orbiter_earth,orbiter_6,earth,1395810,1400370
orbiter_earth,orbiter_6,earth,1402890,1407450
orbiter_earth,orbiter_6,earth,1409970,1414530
orbiter_earth,orbiter_6,earth,1417050,1421610
orbiter_earth,orbiter_6,earth,1424130,1428690
orbiter_earth,orbiter_6,earth,1431210,1435770
orbiter_earth,orbiter_6,earth,1438290,1442850
orbiter_earth,orbiter_6,earth,1445400,1449930
orbiter_earth,orbiter_6,earth,1452480,1457010
orbiter_earth,orbiter_6,earth,1459560,1464120
orbiter_earth,orbiter_6,earth,1466640,1471200
orbiter_earth,orbiter_6,earth,1473720,1478280
orbiter_earth,orbiter_6,earth,1480800,1485360
orbiter_earth,orbiter_6,earth,1487880,1492440
orbiter_earth,orbiter_6,earth,1494960,1499520
orbiter_earth,orbiter_6,earth,1502040,1506600
orbiter_earth,orbiter_6,earth,1509120,1513680
orbiter_earth,orbiter_6,earth,1516200,1520760
orbiter_earth,orbiter_6,earth,1523280,1527840
orbiter_earth,orbiter_6,earth,1530390,1534920
orbiter_earth,orbiter_6,earth,1537470,1542030
orbiter_earth,orbiter_6,earth,1544550,1549110
orbiter_earth,orbiter_6,earth,1551630,1556190
orbiter_earth,orbiter_6,earth,1558710,1563270
orbiter_earth,orbiter_6,earth,1565790,1570350
orbiter_earth,orbiter_6,earth,1572870,1577430
orbiter_earth,orbiter_6,earth,1579950,1584510
orbiter_earth,orbiter_6,earth,1587030,1591590
orbiter_earth,orbiter_6,earth,1594110,1598670
orbiter_earth,orbiter_6,earth,1601190,1605750
orbiter_earth,orbiter_6,earth,1608270,1612830
orbiter_earth,orbiter_6,earth,1615380,1619910
orbiter_earth,orbiter_6,earth,1622460,1627020
orbiter_earth,orbiter_6,earth,1629540,1634100
orbiter_earth,orbiter_6,earth,1636620,1641180
orbiter_earth,orbiter_6,earth,1643700,1648260
orbiter_earth,orbiter_6,earth,1650780,1655340
orbiter_earth,orbiter_6,earth,1657860,1662420
orbiter_earth,orbiter_6,earth,1664940,1669500
orbiter_earth,orbiter_6,earth,1672020,1676580
orbiter_earth,orbiter_6,earth,1679100,1683660
orbiter_earth,orbiter_6,earth,1686180,1690740
orbiter_earth,orbiter_6,earth,1693260,1697820
orbiter_earth,orbiter_6,earth,1700370,1704900
orbiter_earth,orbiter_6,earth,1707450,1712010
orbiter_earth,orbiter_6,earth,1714530,1719090
orbiter_earth,orbiter_6,earth,1721610,1726170
orbiter_earth,orbiter_6,earth,1728690,1733250
orbiter_earth,orbiter_6,earth,1735770,1740330
orbiter_earth,orbiter_6,earth,1742850,1747410
orbiter_earth,orbiter_6,earth,1749930,1754490
orbiter_earth,orbiter_6,earth,1757010,1761570
orbiter_earth,orbiter_6,earth,1764090,1768650
orbiter_earth,orbiter_6,earth,1771170,1775730
orbiter_earth,orbiter_6,earth,1778250,1782810
orbiter_earth,orbiter_6,earth,1785360,1789890
orbiter_earth,orbiter_6,earth,1792440,1797000
orbiter_earth,orbiter_6,earth,1799520,1804080
orbiter_earth,orbiter_6,earth,1806600,1811160
orbiter_earth,orbiter_6,earth,1813680,1818240
orbiter_earth,orbiter_6,earth,1820760,1825320
orbiter_earth,orbiter_6,earth,1827840,1832400
orbiter_earth,orbiter_6,earth,1834920,1839480
orbiter_earth,orbiter_6,earth,1842000,1846560
orbiter_earth,orbiter_6,earth,1849080,1853640
orbiter_earth,orbiter_6,earth,1856160,1860720
orbiter_earth,orbiter_6,earth,1863240,1867800
orbiter_earth,orbiter_6,earth,1870350,1874880
orbiter_earth,orbiter_6,earth,1877430,1881990
orbiter_earth,orbiter_6,earth,1884510,1889070
orbiter_earth,orbiter_6,earth,1891590,1896150
orbiter_earth,orbiter_6,earth,1898670,1903230
orbiter_earth,orbiter_6,earth,1905750,1910310
orbiter_earth,orbiter_6,earth,1912830,1917390
orbiter_earth,orbiter_6,earth,1919910,1924470
orbiter_earth,orbiter_6,earth,1926990,1931550
orbiter_earth,orbiter_6,earth,1934070,1938630
orbiter_earth,orbiter_6,earth,1941150,1945710
orbiter_earth,orbiter_6,earth,1948230,1952790
orbiter_earth,orbiter_6,earth,1955340,1959870
orbiter_earth,orbiter_6,earth,1962420,1966980
orbiter_earth,orbiter_6,earth,1969500,1974060
orbiter_earth,orbiter_6,earth,1976580,1981140
orbiter_earth,orbiter_6,earth,1983660,1988220
orbiter_earth,orbiter_6,earth,1990740,1995300
orbiter_earth,orbiter_6,earth,1997820,2002380
orbiter_earth,orbiter_6,earth,2004900,2009460
orbiter_earth,orbiter_6,earth,2011980,2016540
orbiter_earth,orbiter_6,earth,2019060,2023620
orbiter_earth,orbiter_6,earth,2026140,2030700
orbiter_earth,orbiter_6,earth,2033220,2037780
orbiter_earth,orbiter_6,earth,2040330,2044860
orbiter_earth,orbiter_6,earth,2047410,2051970
orbiter_earth,orbiter_6,earth,2054490,2059050
orbiter_earth,orbiter_6,earth,2061570,2066130
orbiter_earth,orbiter_6,earth,2068650,2073210
orbiter_earth,orbiter_6,earth,2075730,2080290
orbiter_earth,orbiter_6,earth,2082810,2087370
orbiter_earth,orbiter_6,earth,2089890,2094450
orbiter_earth,orbiter_6,earth,2096970,2101530
orbiter_earth,orbiter_6,earth,2104050,2108610
orbiter_earth,orbiter_6,earth,2111130,2115690
orbiter_earth,orbiter_6,earth,2118210,2122770
orbiter_earth,orbiter_6,earth,2125320,2129850
orbiter_earth,orbiter_6,earth,2132400,2136960
orbiter_earth,orbiter_6,earth,2139480,2144040
orbiter_earth,orbiter_6,earth,2146560,2151120
orbiter_earth,orbiter_6,earth,2153640,2158200
orbiter_earth,orbiter_6,earth,2160720,2165280
orbiter_earth,orbiter_6,earth,2167800,2172360
orbiter_earth,orbiter_6,earth,2174880,2179440
orbiter_earth,orbiter_6,earth,2181960,2186520
orbiter_earth,orbiter_6,earth,2189040,2193600
orbiter_earth,orbiter_6,earth,2196120,2200680
orbiter_earth,orbiter_6,earth,2203200,2207760
orbiter_earth,orbiter_6,earth,2210310,2214840
orbiter_earth,orbiter_6,earth,2217390,2221950
orbiter_earth,orbiter_6,earth,2224470,2229030
orbiter_earth,orbiter_6,earth,2231550,2236110
orbiter_earth,orbiter_6,earth,2238630,2243190
orbiter_earth,orbiter_6,earth,2245710,2250270
orbiter_earth,orbiter_6,earth,2252790,2257350
orbiter_earth,orbiter_6,earth,2259870,2264430
orbiter_earth,orbiter_6,earth,2266950,2271510
orbiter_earth,orbiter_6,earth,2274030,2278590
orbiter_earth,orbiter_6,earth,2281110,2285670
orbiter_earth,orbiter_6,earth,2288190,2292750
orbiter_earth,orbiter_6,earth,2295300,2299830
orbiter_earth,orbiter_6,earth,2302380,2306940
orbiter_earth,orbiter_6,earth,2309460,2314020
orbiter_earth,orbiter_6,earth,2316540,2321100
orbiter_earth,orbiter_6,earth,2323620,2328180
orbiter_earth,orbiter_6,earth,2330700,2335260
orbiter_earth,orbiter_6,earth,2337780,2342340
orbiter_earth,orbiter_6,earth,2344860,2349420
orbiter_earth,orbiter_6,earth,2351940,2356500
orbiter_earth,orbiter_6,earth,2359020,2363580
orbiter_earth,orbiter_6,earth,2366100,2370660
orbiter_earth,orbiter_6,earth,2373180,2377740
orbiter_earth,orbiter_6,earth,2380290,2384820
orbiter_earth,orbiter_6,earth,2387370,2391930
orbiter_earth,orbiter_6,earth,2394450,2399010
orbiter_earth,orbiter_6,earth,2401530,2406090
orbiter_earth,orbiter_6,earth,2408610,2413170
orbiter_earth,orbiter_6,earth,2415690,2420250
orbiter_earth,orbiter_6,earth,2422770,2427330
orbiter_earth,orbiter_6,earth,2429850,2434410
orbiter_earth,orbiter_6,earth,2436930,2441490
orbiter_earth,orbiter_6,earth,2444010,2448570
orbiter_earth,orbiter_6,earth,2451090,2455650
orbiter_earth,orbiter_6,earth,2458170,2462730
orbiter_earth,orbiter_6,earth,2465280,2469810
orbiter_earth,orbiter_6,earth,2472360,2476920
orbiter_earth,orbiter_6,earth,2479440,2484000
orbiter_earth,orbiter_6,earth,2486520,2491080
orbiter_earth,orbiter_6,earth,2493600,2498160
orbiter_earth,orbiter_6,earth,2500680,2505240
orbiter_earth,orbiter_6,earth,2507760,2512320
orbiter_earth,orbiter_6,earth,2514840,2519400
orbiter_earth,orbiter_6,earth,2521920,2526480
orbiter_earth,orbiter_6,earth,2529000,2533560
orbiter_earth,orbiter_6,earth,2536080,2540640
orbiter_earth,orbiter_6,earth,2543160,2547720
orbiter_earth,orbiter_6,earth,2550270,2554800
orbiter_earth,orbiter_6,earth,2557350,2561910
orbiter_earth,orbiter_6,earth,2564430,2568990
orbiter_earth,orbiter_6,earth,2571510,2576070
orbiter_earth,orbiter_6,earth,2578590,2583150
orbiter_earth,orbiter_6,earth,2585670,2590230
orbiter_earth,orbiter_7,earth,0,4410
orbiter_earth,orbiter_7,earth,6930,11490
orbiter_earth,orbiter_7,earth,14010,18570
orbiter_earth,orbiter_7,earth,21090,25650
orbiter_earth,orbiter_7,earth,28170,32730
orbiter_earth,orbiter_7,earth,35250,39810
orbiter_earth,orbiter_7,earth,42330,46890
orbiter_earth,orbiter_7,earth,49410,53970
orbiter_earth,orbiter_7,earth,56520,61050
orbiter_earth,orbiter_7,earth,63600,68160
orbiter_earth,orbiter_7,earth,70680,75240
orbiter_earth,orbiter_7,earth,77760,82320
orbiter_earth,orbiter_7,earth,84840,89400
orbiter_earth,orbiter_7,earth,91920,96480
orbiter_earth,orbiter_7,earth,99000,103560
orbiter_earth,orbiter_7,earth,106080,110640
orbiter_earth,orbiter_7,earth,113160,117720
orbiter_earth,orbiter_7,earth,120240,124800
orbiter_earth,orbiter_7,earth,127320,131880
orbiter_earth,orbiter_7,earth,134400,138960
orbiter_earth,orbiter_7,earth,141510,146040
orbiter_earth,orbiter_7,earth,148590,153150
orbiter_earth,orbiter_7,earth,155670,160230
orbiter_earth,orbiter_7,earth,162750,167310
orbiter_earth,orbiter_7,earth,169830,174390
orbiter_earth,orbiter_7,earth,176910,181470
orbiter_earth,orbiter_7,earth,183990,188550
orbiter_earth,orbiter_7,earth,191070,195630
orbiter_earth,orbiter_7,earth,198150,202710
orbiter_earth,orbiter_7,earth,205230,209790
orbiter_earth,orbiter_7,earth,212310,216870
orbiter_earth,orbiter_7,earth,219390,223950
orbiter_earth,orbiter_7,earth,226500,231030
orbiter_earth,orbiter_7,earth,233580,238140
orbiter_earth,orbiter_7,earth,240660,245220
orbiter_earth,orbiter_7,earth,247740,252300
orbiter_earth,orbiter_7,earth,254820,259380
orbiter_earth,orbiter_7,earth,261900,266460
orbiter_earth,orbiter_7,earth,268980,273540
orbiter_earth,orbiter_7,earth,276060,280620
orbiter_earth,orbiter_7,earth,283140,287700
orbiter_earth,orbiter_7,earth,290220,294780
orbiter_earth,orbiter_7,earth,297300,301860
orbiter_earth,orbiter_7,earth,304380,308940
orbiter_earth,orbiter_7,earth,311490,316020
orbiter_earth,orbiter_7,earth,318570,323130
orbiter_earth,orbiter_7,earth,325650,330210
orbiter_earth,orbiter_7,earth,332730,337290
orbiter_earth,orbiter_7,earth,339810,344370
orbiter_earth,orbiter_7,earth,346890,351450
orbiter_earth,orbiter_7,earth,353970,358530
orbiter_earth,orbiter_7,earth,361050,365610
orbiter_earth,orbiter_7,earth,368130,372690
orbiter_earth,orbiter_7,earth,375210,379770
orbiter_earth,orbiter_7,earth,382290,386850
orbiter_earth,orbiter_7,earth,389370,393930
orbiter_earth,orbiter_7,earth,396480,401010
orbiter_earth,orbiter_7,earth,403560,408120
orbiter_earth,orbiter_7,earth,410640,415200
orbiter_earth,orbiter_7,earth,417720,422280
orbiter_earth,orbiter_7,earth,424800,429360
orbiter_earth,orbiter_7,earth,431880,436440
orbiter_earth,orbiter_7,earth,438960,443520
orbiter_earth,orbiter_7,earth,446040,450600
orbiter_earth,orbiter_7,earth,453120,457680
orbiter_earth,orbiter_7,earth,460200,464760
orbiter_earth,orbiter_7,earth,467280,471840
orbiter_earth,orbiter_7,earth,474360,478920
orbiter_earth,orbiter_7,earth,481470,486000
orbiter_earth,orbiter_7,earth,488550,493110
orbiter_earth,orbiter_7,earth,495630,500190
orbiter_earth,orbiter_7,earth,502710,507270
orbiter_earth,orbiter_7,earth,509790,514350
orbiter_earth,orbiter_7,earth,516870,521430
orbiter_earth,orbiter_7,earth,523950,528510
orbiter_earth,orbiter_7,earth,531030,535590
orbiter_earth,orbiter_7,earth,538110,542670
orbiter_earth,orbiter_7,earth,545190,549750
orbiter_earth,orbiter_7,earth,552270,556830
orbiter_earth,orbiter_7,earth,559350,563910
orbiter_earth,orbiter_7,earth,566460,570990
orbiter_earth,orbiter_7,earth,573540,578100
orbiter_earth,orbiter_7,earth,580620,585180
orbiter_earth,orbiter_7,earth,587700,592260
orbiter_earth,orbiter_7,earth,594780,599340
orbiter_earth,orbiter_7,earth,601860,606420
orbiter_earth,orbiter_7,earth,608940,613500
orbiter_earth,orbiter_7,earth,616020,620580
orbiter_earth,orbiter_7,earth,623100,627660
orbiter_earth,orbiter_7,earth,630180,634740
orbiter_earth,orbiter_7,earth,637260,641820
orbiter_earth,orbiter_7,earth,644340,648900
orbiter_earth,orbiter_7,earth,651450,655980
orbiter_earth,orbiter_7,earth,658530,663090
orbiter_earth,orbiter_7,earth,665610,670170
orbiter_earth,orbiter_7,earth,672690,677250
orbiter_earth,orbiter_7,earth,679770,684330
orbiter_earth,orbiter_7,earth,686850,691410
orbiter_earth,orbiter_7,earth,693930,698490
orbiter_earth,orbiter_7,earth,701010,705570
orbiter_earth,orbiter_7,earth,708090,712650
orbiter_earth,orbiter_7,earth,715170,719730
orbiter_earth,orbiter_7,earth,722250,726810
orbiter_earth,orbiter_7,earth,729330,733890
orbiter_earth,orbiter_7,earth,736440,740970
orbiter_earth,orbiter_7,earth,743520,748080
orbiter_earth,orbiter_7,earth,750600,755160
orbiter_earth,orbiter_7,earth,757680,762240
orbiter_earth,orbiter_7,earth,764760,769320
orbiter_earth,orbiter_7,earth,771840,776400
orbiter_earth,orbiter_7,earth,778920,783480
orbiter_earth,orbiter_7,earth,786000,790560
orbiter_earth,orbiter_7,earth,793080,797640
orbiter_earth,orbiter_7,earth,800160,804720
orbiter_earth,orbiter_7,earth,807240,811800
orbiter_earth,orbiter_7,earth,814320,818880
orbiter_earth,orbiter_7,earth,821430,825960
orbiter_earth,orbiter_7,earth,828510,833070
orbiter_earth,orbiter_7,earth,835590,840150
orbiter_earth,orbiter_7,earth,842670,847230
orbiter_earth,orbiter_7,earth,849750,854310
orbiter_earth,orbiter_7,earth,856830,861390
orbiter_earth,orbiter_7,earth,863910,868470
orbiter_earth,orbiter_7,earth,870990,875550
orbiter_earth,orbiter_7,earth,878070,882630
orbiter_earth,orbiter_7,earth,885150,889710
orbiter_earth,orbiter_7,earth,892230,896790
orbiter_earth,orbiter_7,earth,899310,903870
orbiter_earth,orbiter_7,earth,906420,910950
orbiter_earth,orbiter_7,earth,913500,918060
orbiter_earth,orbiter_7,earth,920580,925140
orbiter_earth,orbiter_7,earth,927660,932220
orbiter_earth,orbiter_7,earth,934740,939300
orbiter_earth,orbiter_7,earth,941820,946380
orbiter_earth,orbiter_7,earth,948900,953460
orbiter_earth,orbiter_7,earth,955980,960540
orbiter_earth,orbiter_7,earth,963060,967620
orbiter_earth,orbiter_7,earth,970140,974700
orbiter_earth,orbiter_7,earth,977220,981780
orbiter_earth,orbiter_7,earth,984300,988860
orbiter_earth,orbiter_7,earth,991410,995940
orbiter_earth,orbiter_7,earth,998490,1003050
orbiter_earth,orbiter_7,earth,1005570,1010130
orbiter_earth,orbiter_7,earth,1012650,1017210
orbiter_earth,orbiter_7,earth,1019730,1024290
orbiter_earth,orbiter_7,earth,1026810,1031370
orbiter_earth,orbiter_7,earth,1033890,1038450
orbiter_earth,orbiter_7,earth,1040970,1045530
orbiter_earth,orbiter_7,earth,1048050,1052610
orbiter_earth,orbiter_7,earth,1055130,1059690
orbiter_earth,orbiter_7,earth,1062210,1066770
orbiter_earth,orbiter_7,earth,1069290,1073850
orbiter_earth,orbiter_7,earth,1076400,1080930
orbiter_earth,orbiter_7,earth,1083480,1088040
orbiter_earth,orbiter_7,earth,1090560,1095120
orbiter_earth,orbiter_7,earth,1097640,1102200
orbiter_earth,orbiter_7,earth,1104720,1109280
orbiter_earth,orbiter_7,earth,1111800,1116360
orbiter_earth,orbiter_7,earth,1118880,1123440
orbiter_earth,orbiter_7,earth,1125960,1130520
orbiter_earth,orbiter_7,earth,1133040,1137600
orbiter_earth,orbiter_7,earth,1140120,1144680
orbiter_earth,orbiter_7,earth,1147200,1151760
orbiter_earth,orbiter_7,earth,1154310,1158840
orbiter_earth,orbiter_7,earth,1161390,1165920
orbiter_earth,orbiter_7,earth,1168470,1173030
orbiter_earth,orbiter_7,earth,1175550,1180110
orbiter_earth,orbiter_7,earth,1182630,1187190
orbiter_earth,orbiter_7,earth,1189710,1194270
orbiter_earth,orbiter_7,earth,1196790,1201350
orbiter_earth,orbiter_7,earth,1203870,1208430
orbiter_earth,orbiter_7,earth,1210950,1215510
orbiter_earth,orbiter_7,earth,1218030,1222590
orbiter_earth,orbiter_7,earth,1225110,1229670
orbiter_earth,orbiter_7,earth,1232190,1236750
orbiter_earth,orbiter_7,earth,1239300,1243830
orbiter_earth,orbiter_7,earth,1246380,1250910
orbiter_earth,orbiter_7,earth,1253460,1258020
orbiter_earth,orbiter_7,earth,1260540,1265100
orbiter_earth,orbiter_7,earth,1267620,1272180
orbiter_earth,orbiter_7,earth,1274700,1279260
orbiter_earth,orbiter_7,earth,1281780,1286340
orbiter_earth,orbiter_7,earth,1288860,1293420
orbiter_earth,orbiter_7,earth,1295940,1300500
orbiter_earth,orbiter_7,earth,1303020,1307580
orbiter_earth,orbiter_7,earth,1310100,1314660
orbiter_earth,orbiter_7,earth,1317180,1321740
orbiter_earth,orbiter_7,earth,1324290,1328820
orbiter_earth,orbiter_7,earth,1331370,1335900
orbiter_earth,orbiter_7,earth,1338450,1343010
orbiter_earth,orbiter_7,earth,1345530,1350090
orbiter_earth,orbiter_7,earth,1352610,1357170
orbiter_earth,orbiter_7,earth,1359690,1364250
orbiter_earth,orbiter_7,earth,1366770,1371330
orbiter_earth,orbiter_7,earth,1373850,1378410
orbiter_earth,orbiter_7,earth,1380930,1385490
orbiter_earth,orbiter_7,earth,1388010,1392570
orbiter_earth,orbiter_7,earth,1395090,1399650
orbiter_earth,orbiter_7,earth,1402170,1406730
orbiter_earth,orbiter_7,earth,1409280,1413810
orbiter_earth,orbiter_7,earth,1416360,1420890
orbiter_earth,orbiter_7,earth,1423440,1428000
orbiter_earth,orbiter_7,earth,1430520,1435080
orbiter_earth,orbiter_7,earth,1437600,1442160
orbiter_earth,orbiter_7,earth,1444680,1449240
orbiter_earth,orbiter_7,earth,1451760,1456320
orbiter_earth,orbiter_7,earth,1458840,1463400
orbiter_earth,orbiter_7,earth,1465920,1470480
orbiter_earth,orbiter_7,earth,1473000,1477560
orbiter_earth,orbiter_7,earth,1480080,1484640
orbiter_earth,orbiter_7,earth,1487160,1491720
orbiter_earth,orbiter_7,earth,1494270,1498800
orbiter_earth,orbiter_7,earth,1501350,1505880
orbiter_earth,orbiter_7,earth,1508430,1512990
orbiter_earth,orbiter_7,earth,1515510,1520070
orbiter_earth,orbiter_7,earth,1522590,1527150
orbiter_earth,orbiter_7,earth,1529670,1534230
orbiter_earth,orbiter_7,earth,1536750,1541310
orbiter_earth,orbiter_7,earth,1543830,1548390
orbiter_earth,orbiter_7,earth,1550910,1555470
orbiter_earth,orbiter_7,earth,1557990,1562550
orbiter_earth,orbiter_7,earth,1565070,1569630
orbiter_earth,orbiter_7,earth,1572150,1576710
orbiter_earth,orbiter_7,earth,1579260,1583790
orbiter_earth,orbiter_7,earth,1586340,1590870
orbiter_earth,orbiter_7,earth,1593420,1597980
orbiter_earth,orbiter_7,earth,1600500,1605060
orbiter_earth,orbiter_7,earth,1607580,1612140
orbiter_earth,orbiter_7,earth,1614660,1619220
orbiter_earth,orbiter_7,earth,1621740,1626300
orbiter_earth,orbiter_7,earth,1628820,1633380
orbiter_earth,orbiter_7,earth,1635900,1640460
orbiter_earth,orbiter_7,earth,1642980,1647540
orbiter_earth,orbiter_7,earth,1650060,1654620
orbiter_earth,orbiter_7,earth,1657140,1661700
orbiter_earth,orbiter_7,earth,1664250,1668780
orbiter_earth,orbiter_7,earth,1671330,1675860
orbiter_earth,orbiter_7,earth,1678410,1682970
orbiter_earth,orbiter_7,earth,1685490,1690050
orbiter_earth,orbiter_7,earth,1692570,1697130
orbiter_earth,orbiter_7,earth,1699650,1704210
orbiter_earth,orbiter_7,earth,1706730,1711290
orbiter_earth,orbiter_7,earth,1713810,1718370
orbiter_earth,orbiter_7,earth,1720890,1725450
orbiter_earth,orbiter_7,earth,1727970,1732530
orbiter_earth,orbiter_7,earth,1735050,1739610
orbiter_earth,orbiter_7,earth,1742130,1746690
orbiter_earth,orbiter_7,earth,1749240,1753770
orbiter_earth,orbiter_7,earth,1756320,1760850
orbiter_earth,orbiter_7,earth,1763400,1767960
orbiter_earth,orbiter_7,earth,1770480,1775040
orbiter_earth,orbiter_7,earth,1777560,1782120
orbiter_earth,orbiter_7,earth,1784640,1789200
orbiter_earth,orbiter_7,earth,1791720,1796280
orbiter_earth,orbiter_7,earth,1798800,1803360
orbiter_earth,orbiter_7,earth,1805880,1810440
orbiter_earth,orbiter_7,earth,1812960,1817520
orbiter_earth,orbiter_7,earth,1820040,1824600
orbiter_earth,orbiter_7,earth,1827120,1831680
orbiter_earth,orbiter_7,earth,1834230,1838760
orbiter_earth,orbiter_7,earth,1841310,1845840
orbiter_earth,orbiter_7,earth,1848390,1852950
orbiter_earth,orbiter_7,earth,1855470,1860030
orbiter_earth,orbiter_7,earth,1862550,1867110
orbiter_earth,orbiter_7,earth,1869630,1874190
orbiter_earth,orbiter_7,earth,1876710,1881270
orbiter_earth,orbiter_7,earth,1883790,1888350
orbiter_earth,orbiter_7,earth,1890870,1895430
orbiter_earth,orbiter_7,earth,1897950,1902510
orbiter_earth,orbiter_7,earth,1905030,1909590
orbiter_earth,orbiter_7,earth,1912110,1916670
orbiter_earth,orbiter_7,earth,1919220,1923750
orbiter_earth,orbiter_7,earth,1926300,1930830
orbiter_earth,orbiter_7,earth,1933380,1937940
orbiter_earth,orbiter_7,earth,1940460,1945020
orbiter_earth,orbiter_7,earth,1947540,1952100
orbiter_earth,orbiter_7,earth,1954620,1959180
orbiter_earth,orbiter_7,earth,1961700,1966260
orbiter_earth,orbiter_7,earth,1968780,1973340
orbiter_earth,orbiter_7,earth,1975860,1980420
orbiter_earth,orbiter_7,earth,1982940,1987500
orbiter_earth,orbiter_7,earth,1990020,1994580
orbiter_earth,orbiter_7,earth,1997100,2001660
orbiter_earth,orbiter_7,earth,2004210,2008740
orbiter_earth,orbiter_7,earth,2011290,2015820
orbiter_earth,orbiter_7,earth,2018370,2022930
orbiter_earth,orbiter_7,earth,2025450,2030010
orbiter_earth,orbiter_7,earth,2032530,2037090
orbiter_earth,orbiter_7,earth,2039610,2044170
orbiter_earth,orbiter_7,earth,2046690,2051250
orbiter_earth,orbiter_7,earth,2053770,2058330
orbiter_earth,orbiter_7,earth,2060850,2065410
orbiter_earth,orbiter_7,earth,2067930,2072490
orbiter_earth,orbiter_7,earth,2075010,2079570
orbiter_earth,orbiter_7,earth,2082090,2086650
orbiter_earth,orbiter_7,earth,2089200,2093730
orbiter_earth,orbiter_7,earth,2096280,2100810
orbiter_earth,orbiter_7,earth,2103360,2107920
orbiter_earth,orbiter_7,earth,2110440,2115000
orbiter_earth,orbiter_7,earth,2117520,2122080
orbiter_earth,orbiter_7,earth,2124600,2129160
orbiter_earth,orbiter_7,earth,2131680,2136240
orbiter_earth,orbiter_7,earth,2138760,2143320
orbiter_earth,orbiter_7,earth,2145840,2150400
orbiter_earth,orbiter_7,earth,2152920,2157480
orbiter_earth,orbiter_7,earth,2160000,2164560
orbiter_earth,orbiter_7,earth,2167080,2171640
orbiter_earth,orbiter_7,earth,2174190,2178720
orbiter_earth,orbiter_7,earth,2181270,2185800
orbiter_earth,orbiter_7,earth,2188350,2192910
orbiter_earth,orbiter_7,earth,2195430,2199990
orbiter_earth,orbiter_7,earth,2202510,2207070
orbiter_earth,orbiter_7,earth,2209590,2214150
orbiter_earth,orbiter_7,earth,2216670,2221230
orbiter_earth,orbiter_7,earth,2223750,2228310
orbiter_earth,orbiter_7,earth,2230830,2235390
orbiter_earth,orbiter_7,earth,2237910,2242470
orbiter_earth,orbiter_7,earth,2244990,2249550
orbiter_earth,orbiter_7,earth,2252070,2256630
orbiter_earth,orbiter_7,earth,2259180,2263710
orbiter_earth,orbiter_7,earth,2266260,2270790
orbiter_earth,orbiter_7,earth,2273340,2277900
orbiter_earth,orbiter_7,earth,2280420,2284980
orbiter_earth,orbiter_7,earth,2287500,2292060
orbiter_earth,orbiter_7,earth,2294580,2299140
orbiter_earth,orbiter_7,earth,2301660,2306220
orbiter_earth,orbiter_7,earth,2308740,2313300
orbiter_earth,orbiter_7,earth,2315820,2320380
orbiter_earth,orbiter_7,earth,2322900,2327460
orbiter_earth,orbiter_7,earth,2329980,2334540
orbiter_earth,orbiter_7,earth,2337060,2341620
orbiter_earth,orbiter_7,earth,2344170,2348700
orbiter_earth,orbiter_7,earth,2351250,2355810
orbiter_earth,orbiter_7,earth,2358330,2362890
orbiter_earth,orbiter_7,earth,2365410,2369970
orbiter_earth,orbiter_7,earth,2372490,2377050
orbiter_earth,orbiter_7,earth,2379570,2384130
orbiter_earth,orbiter_7,earth,2386650,2391210
orbiter_earth,orbiter_7,earth,2393730,2398290
orbiter_earth,orbiter_7,earth,2400810,2405370
orbiter_earth,orbiter_7,earth,2407890,2412450
orbiter_earth,orbiter_7,earth,2414970,2419530
orbiter_earth,orbiter_7,earth,2422050,2426610
orbiter_earth,orbiter_7,earth,2429160,2433690
orbiter_earth,orbiter_7,earth,2436240,2440800
orbiter_earth,orbiter_7,earth,2443320,2447880
orbiter_earth,orbiter_7,earth,2450400,2454960
orbiter_earth,orbiter_7,earth,2457480,2462040
orbiter_earth,orbiter_7,earth,2464560,2469120
orbiter_earth,orbiter_7,earth,2471640,2476200
orbiter_earth,orbiter_7,earth,2478720,2483280
orbiter_earth,orbiter_7,earth,2485800,2490360
orbiter_earth,orbiter_7,earth,2492880,2497440
orbiter_earth,orbiter_7,earth,2499960,2504520
orbiter_earth,orbiter_7,earth,2507040,2511600
orbiter_earth,orbiter_7,earth,2514150,2518680
orbiter_earth,orbiter_7,earth,2521230,2525790
orbiter_earth,orbiter_7,earth,2528310,2532870
orbiter_earth,orbiter_7,earth,2535390,2539950
orbiter_earth,orbiter_7,earth,2542470,2547030
orbiter_earth,orbiter_7,earth,2549550,2554110
orbiter_earth,orbiter_7,earth,2556630,2561190
orbiter_earth,orbiter_7,earth,2563710,2568270
orbiter_earth,orbiter_7,earth,2570790,2575350
orbiter_earth,orbiter_7,earth,2577870,2582430
orbiter_earth,orbiter_7,earth,2584950,2589510
orbiter_earth,orbiter_8,earth,0,3690
orbiter_earth,orbiter_8,earth,6210,10770
orbiter_earth,orbiter_8,earth,13290,17850
orbiter_earth,orbiter_8,earth,20400,24930
orbiter_earth,orbiter_8,earth,27480,32010
orbiter_earth,orbiter_8,earth,34560,39120
orbiter_earth,orbiter_8,earth,41640,46200
orbiter_earth,orbiter_8,earth,48720,53280
orbiter_earth,orbiter_8,earth,55800,60360
orbiter_earth,orbiter_8,earth,62880,67440
orbiter_earth,orbiter_8,earth,69960,74520
orbiter_earth,orbiter_8,earth,77040,81600
orbiter_earth,orbiter_8,earth,84120,88680
orbiter_earth,orbiter_8,earth,91200,95760
orbiter_earth,orbiter_8,earth,98280,102840
orbiter_earth,orbiter_8,earth,105390,109920
orbiter_earth,orbiter_8,earth,112470,117000
orbiter_earth,orbiter_8,earth,119550,124110
orbiter_earth,orbiter_8,earth,126630,131190
orbiter_earth,orbiter_8,earth,133710,138270
orbiter_earth,orbiter_8,earth,140790,145350
orbiter_earth,orbiter_8,earth,147870,152430
orbiter_earth,orbiter_8,earth,154950,159510
orbiter_earth,orbiter_8,earth,162030,166590
orbiter_earth,orbiter_8,earth,169110,173670
orbiter_earth,orbiter_8,earth,176190,180750
orbiter_earth,orbiter_8,earth,183270,187830
orbiter_earth,orbiter_8,earth,190380,194910
orbiter_earth,orbiter_8,earth,197460,201990
orbiter_earth,orbiter_8,earth,204540,209100
orbiter_earth,orbiter_8,earth,211620,216180
orbiter_earth,orbiter_8,earth,218700,223260
orbiter_earth,orbiter_8,earth,225780,230340
orbiter_earth,orbiter_8,earth,232860,237420
orbiter_earth,orbiter_8,earth,239940,244500
orbiter_earth,orbiter_8,earth,247020,251580
orbiter_earth,orbiter_8,earth,254100,258660
orbiter_earth,orbiter_8,earth,261180,265740
orbiter_earth,orbiter_8,earth,268260,272820
orbiter_earth,orbiter_8,earth,275370,279900
orbiter_earth,orbiter_8,earth,282450,286980
orbiter_earth,orbiter_8,earth,289530,294090
orbiter_earth,orbiter_8,earth,296610,301170
orbiter_earth,orbiter_8,earth,303690,308250
orbiter_earth,orbiter_8,earth,310770,315330
orbiter_earth,orbiter_8,earth,317850,322410
orbiter_earth,orbiter_8,earth,324930,329490
orbiter_earth,orbiter_8,earth,332010,336570
orbiter_earth,orbiter_8,earth,339090,343650
orbiter_earth,orbiter_8,earth,346170,350730
orbiter_earth,orbiter_8,earth,353250,357810
orbiter_earth,orbiter_8,earth,360360,364890
orbiter_earth,orbiter_8,earth,367440,372000
orbiter_earth,orbiter_8,earth,374520,379080
orbiter_earth,orbiter_8,earth,381600,386160
orbiter_earth,orbiter_8,earth,388680,393240
orbiter_earth,orbiter_8,earth,395760,400320
orbiter_earth,orbiter_8,earth,402840,407400
orbiter_earth,orbiter_8,earth,409920,414480
orbiter_earth,orbiter_8,earth,417000,421560
orbiter_earth,orbiter_8,earth,424080,428640
orbiter_earth,orbiter_8,earth,431160,435720
orbiter_earth,orbiter_8,earth,438240,442800
orbiter_earth,orbiter_8,earth,445350,449880
orbiter_earth,orbiter_8,earth,452430,456990
orbiter_earth,orbiter_8,earth,459510,464070
orbiter_earth,orbiter_8,earth,466590,471150
orbiter_earth,orbiter_8,earth,473670,478230
orbiter_earth,orbiter_8,earth,480750,485310
orbiter_earth,orbiter_8,earth,487830,492390
orbiter_earth,orbiter_8,earth,494910,499470
orbiter_earth,orbiter_8,earth,501990,506550
orbiter_earth,orbiter_8,earth,509070,513630
orbiter_earth,orbiter_8,earth,516150,520710
orbiter_earth,orbiter_8,earth,523230,527790
orbiter_earth,orbiter_8,earth,530340,534870
orbiter_earth,orbiter_8,earth,537420,541980
orbiter_earth,orbiter_8,earth,544500,549060
orbiter_earth,orbiter_8,earth,551580,556140
orbiter_earth,orbiter_8,earth,558660,563220
orbiter_earth,orbiter_8,earth,565740,570300
orbiter_earth,orbiter_8,earth,572820,577380
orbiter_earth,orbiter_8,earth,579900,584460
orbiter_earth,orbiter_8,earth,586980,591540
orbiter_earth,orbiter_8,earth,594060,598620
orbiter_earth,orbiter_8,earth,601140,605700
orbiter_earth,orbiter_8,earth,608220,612780
orbiter_earth,orbiter_8,earth,615330,619860
orbiter_earth,orbiter_8,earth,622410,626970
orbiter_earth,orbiter_8,earth,629490,634050
orbiter_earth,orbiter_8,earth,636570,641130
orbiter_earth,orbiter_8,earth,643650,648210
orbiter_earth,orbiter_8,earth,650730,655290
orbiter_earth,orbiter_8,earth,657810,662370
orbiter_earth,orbiter_8,earth,664890,669450
orbiter_earth,orbiter_8,earth,671970,676530
orbiter_earth,orbiter_8,earth,679050,683610
orbiter_earth,orbiter_8,earth,686130,690690
orbiter_earth,orbiter_8,earth,693210,697770
orbiter_earth,orbiter_8,earth,700320,704850
orbiter_earth,orbiter_8,earth,707400,711960
orbiter_earth,orbiter_8,earth,714480,719040
orbiter_earth,orbiter_8,earth,721560,726120
orbiter_earth,orbiter_8,earth,728640,733200
orbiter_earth,orbiter_8,earth,735720,740280
orbiter_earth,orbiter_8,earth,742800,747360
orbiter_earth,orbiter_8,earth,749880,754440
orbiter_earth,orbiter_8,earth,756960,761520
orbiter_earth,orbiter_8,earth,764040,768600
orbiter_earth,orbiter_8,earth,771120,775680
orbiter_earth,orbiter_8,earth,778200,782760
orbiter_earth,orbiter_8,earth,785310,789840
orbiter_earth,orbiter_8,earth,792390,796950
orbiter_earth,orbiter_8,earth,799470,804030
orbiter_earth,orbiter_8,earth,806550,811110
orbiter_earth,orbiter_8,earth,813630,818190
orbiter_earth,orbiter_8,earth,820710,825270
orbiter_earth,orbiter_8,earth,827790,832350
orbiter_earth,orbiter_8,earth,834870,839430
orbiter_earth,orbiter_8,earth,841950,846510
orbiter_earth,orbiter_8,earth,849030,853590
orbiter_earth,orbiter_8,earth,856110,860670
orbiter_earth,orbiter_8,earth,863190,867750
orbiter_earth,orbiter_8,earth,870300,874830
orbiter_earth,orbiter_8,earth,877380,881940
orbiter_earth,orbiter_8,earth,884460,889020
orbiter_earth,orbiter_8,earth,891540,896100
orbiter_earth,orbiter_8,earth,898620,903180
orbiter_earth,orbiter_8,earth,905700,910260
orbiter_earth,orbiter_8,earth,912780,917340
orbiter_earth,orbiter_8,earth,919860,924420
orbiter_earth,orbiter_8,earth,926940,931500
orbiter_earth,orbiter_8,earth,934020,938580
orbiter_earth,orbiter_8,earth,941100,945660
orbiter_earth,orbiter_8,earth,948180,952740
orbiter_earth,orbiter_8,earth,955290,959820
orbiter_earth,orbiter_8,earth,962370,966930
orbiter_earth,orbiter_8,earth,969450,974010
orbiter_earth,orbiter_8,earth,976530,981090
orbiter_earth,orbiter_8,earth,983610,988170
orbiter_earth,orbiter_8,earth,990690,995250
orbiter_earth,orbiter_8,earth,997770,1002330
orbiter_earth,orbiter_8,earth,1004850,1009410
orbiter_earth,orbiter_8,earth,1011930,1016490
orbiter_earth,orbiter_8,earth,1019010,1023570
orbiter_earth,orbiter_8,earth,1026090,1030650
orbiter_earth,orbiter_8,earth,1033170,1037730
orbiter_earth,orbiter_8,earth,1040280,1044810
orbiter_earth,orbiter_8,earth,1047360,1051920
orbiter_earth,orbiter_8,earth,1054440,1059000
orbiter_earth,orbiter_8,earth,1061520,1066080
orbiter_earth,orbiter_8,earth,1068600,1073160
orbiter_earth,orbiter_8,earth,1075680,1080240
orbiter_earth,orbiter_8,earth,1082760,1087320
orbiter_earth,orbiter_8,earth,1089840,1094400
orbiter_earth,orbiter_8,earth,1096920,1101480
orbiter_earth,orbiter_8,earth,1104000,1108560
orbiter_earth,orbiter_8,earth,1111080,1115640
orbiter_earth,orbiter_8,earth,1118160,1122720
orbiter_earth,orbiter_8,earth,1125270,1129800
orbiter_earth,orbiter_8,earth,1132350,1136910
orbiter_earth,orbiter_8,earth,1139430,1143990
orbiter_earth,orbiter_8,earth,1146510,1151070
orbiter_earth,orbiter_8,earth,1153590,1158150
orbiter_earth,orbiter_8,earth,1160670,1165230
orbiter_earth,orbiter_8,earth,1167750,1172310
orbiter_earth,orbiter_8,earth,1174830,1179390
orbiter_earth,orbiter_8,earth,1181910,1186470
orbiter_earth,orbiter_8,earth,1188990,1193550
orbiter_earth,orbiter_8,earth,1196070,1200630
orbiter_earth,orbiter_8,earth,1203150,1207710
orbiter_earth,orbiter_8,earth,1210260,1214790
orbiter_earth,orbiter_8,earth,1217340,1221900
orbiter_earth,orbiter_8,earth,1224420,1228980
orbiter_earth,orbiter_8,earth,1231500,1236060
orbiter_earth,orbiter_8,earth,1238580,1243140
orbiter_earth,orbiter_8,earth,1245660,1250220
orbiter_earth,orbiter_8,earth,1252740,1257300
orbiter_earth,orbiter_8,earth,1259820,1264380
orbiter_earth,orbiter_8,earth,1266900,1271460
orbiter_earth,orbiter_8,earth,1273980,1278540
orbiter_earth,orbiter_8,earth,1281060,1285620
orbiter_earth,orbiter_8,earth,1288140,1292700
orbiter_earth,orbiter_8,earth,1295250,1299780
orbiter_earth,orbiter_8,earth,1302330,1306890
orbiter_earth,orbiter_8,earth,1309410,1313970
orbiter_earth,orbiter_8,earth,1316490,1321050
orbiter_earth,orbiter_8,earth,1323570,1328130
orbiter_earth,orbiter_8,earth,1330650,1335210
orbiter_earth,orbiter_8,earth,1337730,1342290
orbiter_earth,orbiter_8,earth,1344810,1349370
orbiter_earth,orbiter_8,earth,1351890,1356450
orbiter_earth,orbiter_8,earth,1358970,1363530
orbiter_earth,orbiter_8,earth,1366050,1370610
orbiter_earth,orbiter_8,earth,1373130,1377690
orbiter_earth,orbiter_8,earth,1380240,1384770
orbiter_earth,orbiter_8,earth,1387320,1391880
orbiter_earth,orbiter_8,earth,1394400,1398960
orbiter_earth,orbiter_8,earth,1401480,1406040
orbiter_earth,orbiter_8,earth,1408560,1413120
orbiter_earth,orbiter_8,earth,1415640,1420200
orbiter_earth,orbiter_8,earth,1422720,1427280
orbiter_earth,orbiter_8,earth,1429800,1434360
orbiter_earth,orbiter_8,earth,1436880,1441440
orbiter_earth,orbiter_8,earth,1443960,1448520
orbiter_earth,orbiter_8,earth,1451040,1455600
orbiter_earth,orbiter_8,earth,1458120,1462680
orbiter_earth,orbiter_8,earth,1465230,1469760
orbiter_earth,orbiter_8,earth,1472310,1476870
orbiter_earth,orbiter_8,earth,1479390,1483950
orbiter_earth,orbiter_8,earth,1486470,1491030
orbiter_earth,orbiter_8,earth,1493550,1498110
orbiter_earth,orbiter_8,earth,1500630,1505190
orbiter_earth,orbiter_8,earth,1507710,1512270
orbiter_earth,orbiter_8,earth,1514790,1519350
orbiter_earth,orbiter_8,earth,1521870,1526430
orbiter_earth,orbiter_8,earth,1528950,1533510
orbiter_earth,orbiter_8,earth,1536030,1540590
orbiter_earth,orbiter_8,earth,1543110,1547670
orbiter_earth,orbiter_8,earth,1550220,1554750
orbiter_earth,orbiter_8,earth,1557300,1561860
orbiter_earth,orbiter_8,earth,1564380,1568940
orbiter_earth,orbiter_8,earth,1571460,1576020
orbiter_earth,orbiter_8,earth,1578540,1583100
orbiter_earth,orbiter_8,earth,1585620,1590180
orbiter_earth,orbiter_8,earth,1592700,1597260
orbiter_earth,orbiter_8,earth,1599780,1604340
orbiter_earth,orbiter_8,earth,1606860,1611420
orbiter_earth,orbiter_8,earth,1613940,1618500
orbiter_earth,orbiter_8,earth,1621020,1625580
orbiter_earth,orbiter_8,earth,1628100,1632660
orbiter_earth,orbiter_8,earth,1635210,1639740
orbiter_earth,orbiter_8,earth,1642290,1646850
orbiter_earth,orbiter_8,earth,1649370,1653930
orbiter_earth,orbiter_8,earth,1656450,1661010
orbiter_earth,orbiter_8,earth,1663530,1668090
orbiter_earth,orbiter_8,earth,1670610,1675170
orbiter_earth,orbiter_8,earth,1677690,1682250
orbiter_earth,orbiter_8,earth,1684770,1689330
orbiter_earth,orbiter_8,earth,1691850,1696410
orbiter_earth,orbiter_8,earth,1698930,1703490
orbiter_earth,orbiter_8,earth,1706010,1710570
orbiter_earth,orbiter_8,earth,1713090,1717650
orbiter_earth,orbiter_8,earth,1720200,1724730
orbiter_earth,orbiter_8,earth,1727280,1731840
orbiter_earth,orbiter_8,earth,1734360,1738920
orbiter_earth,orbiter_8,earth,1741440,1746000
orbiter_earth,orbiter_8,earth,1748520,1753080
orbiter_earth,orbiter_8,earth,1755600,1760160
orbiter_earth,orbiter_8,earth,1762680,1767240
orbiter_earth,orbiter_8,earth,1769760,1774320
orbiter_earth,orbiter_8,earth,1776840,1781400
orbiter_earth,orbiter_8,earth,1783920,1788480
orbiter_earth,orbiter_8,earth,1791000,1795560
orbiter_earth,orbiter_8,earth,1798080,1802640
orbiter_earth,orbiter_8,earth,1805190,1809720
orbiter_earth,orbiter_8,earth,1812270,1816830
orbiter_earth,orbiter_8,earth,1819350,1823910
orbiter_earth,orbiter_8,earth,1826430,1830990
orbiter_earth,orbiter_8,earth,1833510,1838070
orbiter_earth,orbiter_8,earth,1840590,1845150
orbiter_earth,orbiter_8,earth,1847670,1852230
orbiter_earth,orbiter_8,earth,1854750,1859310
orbiter_earth,orbiter_8,earth,1861830,1866390
orbiter_earth,orbiter_8,earth,1868910,1873470
orbiter_earth,orbiter_8,earth,1875990,1880550
orbiter_earth,orbiter_8,earth,1883070,1887630
orbiter_earth,orbiter_8,earth,1890180,1894710
orbiter_earth,orbiter_8,earth,1897260,1901820
orbiter_earth,orbiter_8,earth,1904340,1908900
orbiter_earth,orbiter_8,earth,1911420,1915980
orbiter_earth,orbiter_8,earth,1918500,1923060
orbiter_earth,orbiter_8,earth,1925580,1930140
orbiter_earth,orbiter_8,earth,1932660,1937220
orbiter_earth,orbiter_8,earth,1939740,1944300
orbiter_earth,orbiter_8,earth,1946820,1951380
orbiter_earth,orbiter_8,earth,1953900,1958460
orbiter_earth,orbiter_8,earth,1960980,1965540
orbiter_earth,orbiter_8,earth,1968090,1972620
orbiter_earth,orbiter_8,earth,1975170,1979700
orbiter_earth,orbiter_8,earth,1982250,1986810
orbiter_earth,orbiter_8,earth,1989330,1993890
orbiter_earth,orbiter_8,earth,1996410,2000970
orbiter_earth,orbiter_8,earth,2003490,2008050
orbiter_earth,orbiter_8,earth,2010570,2015130
orbiter_earth,orbiter_8,earth,2017650,2022210
orbiter_earth,orbiter_8,earth,2024730,2029290
orbiter_earth,orbiter_8,earth,2031810,2036370
orbiter_earth,orbiter_8,earth,2038890,2043450
orbiter_earth,orbiter_8,earth,2045970,2050530
orbiter_earth,orbiter_8,earth,2053080,2057610
orbiter_earth,orbiter_8,earth,2060160,2064690
orbiter_earth,orbiter_8,earth,2067240,2071800
orbiter_earth,orbiter_8,earth,2074320,2078880
orbiter_earth,orbiter_8,earth,2081400,2085960
orbiter_earth,orbiter_8,earth,2088480,2093040
orbiter_earth,orbiter_8,earth,2095560,2100120
orbiter_earth,orbiter_8,earth,2102640,2107200
orbiter_earth,orbiter_8,earth,2109720,2114280
orbiter_earth,orbiter_8,earth,2116800,2121360
orbiter_earth,orbiter_8,earth,2123880,2128440
orbiter_earth,orbiter_8,earth,2130960,2135520
orbiter_earth,orbiter_8,earth,2138070,2142600
orbiter_earth,orbiter_8,earth,2145150,2149680
orbiter_earth,orbiter_8,earth,2152230,2156790
orbiter_earth,orbiter_8,earth,2159310,2163870
orbiter_earth,orbiter_8,earth,2166390,2170950
orbiter_earth,orbiter_8,earth,2173470,2178030
orbiter_earth,orbiter_8,earth,2180550,2185110
orbiter_earth,orbiter_8,earth,2187630,2192190
orbiter_earth,orbiter_8,earth,2194710,2199270
orbiter_earth,orbiter_8,earth,2201790,2206350
orbiter_earth,orbiter_8,earth,2208870,2213430
orbiter_earth,orbiter_8,earth,2215950,2220510
orbiter_earth,orbiter_8,earth,2223060,2227590
orbiter_earth,orbiter_8,earth,2230140,2234670
orbiter_earth,orbiter_8,earth,2237220,2241780
orbiter_earth,orbiter_8,earth,2244300,2248860
orbiter_earth,orbiter_8,earth,2251380,2255940
orbiter_earth,orbiter_8,earth,2258460,2263020
orbiter_earth,orbiter_8,earth,2265540,2270100
orbiter_earth,orbiter_8,earth,2272620,2277180
orbiter_earth,orbiter_8,earth,2279700,2284260
orbiter_earth,orbiter_8,earth,2286780,2291340
orbiter_earth,orbiter_8,earth,2293860,2298420
orbiter_earth,orbiter_8,earth,2300940,2305500
orbiter_earth,orbiter_8,earth,2308050,2312580
orbiter_earth,orbiter_8,earth,2315130,2319660
orbiter_earth,orbiter_8,earth,2322210,2326770
orbiter_earth,orbiter_8,earth,2329290,2333850
orbiter_earth,orbiter_8,earth,2336370,2340930
orbiter_earth,orbiter_8,earth,2343450,2348010
orbiter_earth,orbiter_8,earth,2350530,2355090
orbiter_earth,orbiter_8,earth,2357610,2362170
orbiter_earth,orbiter_8,earth,2364690,2369250
orbiter_earth,orbiter_8,earth,2371770,2376330
orbiter_earth,orbiter_8,earth,2378850,2383410
orbiter_earth,orbiter_8,earth,2385930,2390490
orbiter_earth,orbiter_8,earth,2393040,2397570
orbiter_earth,orbiter_8,earth,2400120,2404650
orbiter_earth,orbiter_8,earth,2407200,2411760
orbiter_earth,orbiter_8,earth,2414280,2418840
orbiter_earth,orbiter_8,earth,2421360,2425920
orbiter_earth,orbiter_8,earth,2428440,2433000
orbiter_earth,orbiter_8,earth,2435520,2440080
orbiter_earth,orbiter_8,earth,2442600,2447160
orbiter_earth,orbiter_8,earth,2449680,2454240
orbiter_earth,orbiter_8,earth,2456760,2461320
orbiter_earth,orbiter_8,earth,2463840,2468400
orbiter_earth,orbiter_8,earth,2470920,2475480
orbiter_earth,orbiter_8,earth,2478030,2482560
orbiter_earth,orbiter_8,earth,2485110,2489640
orbiter_earth,orbiter_8,earth,2492190,2496750
orbiter_earth,orbiter_8,earth,2499270,2503830
orbiter_earth,orbiter_8,earth,2506350,2510910
orbiter_earth,orbiter_8,earth,2513430,2517990
orbiter_earth,orbiter_8,earth,2520510,2525070
orbiter_earth,orbiter_8,earth,2527590,2532150
orbiter_earth,orbiter_8,earth,2534670,2539230
orbiter_earth,orbiter_8,earth,2541750,2546310
orbiter_earth,orbiter_8,earth,2548830,2553390
orbiter_earth,orbiter_8,earth,2555910,2560470
orbiter_earth,orbiter_8,earth,2563020,2567550
orbiter_earth,orbiter_8,earth,2570100,2574630
orbiter_earth,orbiter_8,earth,2577180,2581740
orbiter_earth,orbiter_8,earth,2584260,2588820
orbiter_earth,orbiter_8,earth,2591340,2592000
orbiter_earth,orbiter_9,earth,0,3000
orbiter_earth,orbiter_9,earth,5520,10080
orbiter_earth,orbiter_9,earth,12600,17160
orbiter_earth,orbiter_9,earth,19680,24240
orbiter_earth,orbiter_9,earth,26760,31320
orbiter_earth,orbiter_9,earth,33840,38400
orbiter_earth,orbiter_9,earth,40920,45480
orbiter_earth,orbiter_9,earth,48000,52560
orbiter_earth,orbiter_9,earth,55080,59640
orbiter_earth,orbiter_9,earth,62160,66720
orbiter_earth,orbiter_9,earth,69270,73800
orbiter_earth,orbiter_9,earth,76350,80880
orbiter_earth,orbiter_9,earth,83430,87990
orbiter_earth,orbiter_9,earth,90510,95070
orbiter_earth,orbiter_9,earth,97590,102150
orbiter_earth,orbiter_9,earth,104670,109230
orbiter_earth,orbiter_9,earth,111750,116310
orbiter_earth,orbiter_9,earth,118830,123390
orbiter_earth,orbiter_9,earth,125910,130470
orbiter_earth,orbiter_9,earth,132990,137550
orbiter_earth,orbiter_9,earth,140070,144630
orbiter_earth,orbiter_9,earth,147150,151710
orbiter_earth,orbiter_9,earth,154260,158790
orbiter_earth,orbiter_9,earth,161340,165870
orbiter_earth,orbiter_9,earth,168420,172980
orbiter_earth,orbiter_9,earth,175500,180060
orbiter_earth,orbiter_9,earth,182580,187140
orbiter_earth,orbiter_9,earth,189660,194220
orbiter_earth,orbiter_9,earth,196740,201300
orbiter_earth,orbiter_9,earth,203820,208380
orbiter_earth,orbiter_9,earth,210900,215460
orbiter_earth,orbiter_9,earth,217980,222540
orbiter_earth,orbiter_9,earth,225060,229620
orbiter_earth,orbiter_9,earth,232140,236700
orbiter_earth,orbiter_9,earth,239250,243780
orbiter_earth,orbiter_9,earth,246330,250860
orbiter_earth,orbiter_9,earth,253410,257970
orbiter_earth,orbiter_9,earth,260490,265050
orbiter_earth,orbiter_9,earth,267570,272130
orbiter_earth,orbiter_9,earth,274650,279210
orbiter_earth,orbiter_9,earth,281730,286290
orbiter_earth,orbiter_9,earth,288810,293370
orbiter_earth,orbiter_9,earth,295890,300450
orbiter_earth,orbiter_9,earth,302970,307530
orbiter_earth,orbiter_9,earth,310050,314610
orbiter_earth,orbiter_9,earth,317130,321690
orbiter_earth,orbiter_9,earth,324240,328770
orbiter_earth,orbiter_9,earth,331320,335850
orbiter_earth,orbiter_9,earth,338400,342960
orbiter_earth,orbiter_9,earth,345480,350040
orbiter_earth,orbiter_9,earth,352560,357120
orbiter_earth,orbiter_9,earth,359640,364200
orbiter_earth,orbiter_9,earth,366720,371280
orbiter_earth,orbiter_9,earth,373800,378360
orbiter_earth,orbiter_9,earth,380880,385440
orbiter_earth,orbiter_9,earth,387960,392520
orbiter_earth,orbiter_9,earth,395040,399600
orbiter_earth,orbiter_9,earth,402120,406680
orbiter_earth,orbiter_9,earth,409230,413760
orbiter_earth,orbiter_9,earth,416310,420840
orbiter_earth,orbiter_9,earth,423390,427950
orbiter_earth,orbiter_9,earth,430470,435030
orbiter_earth,orbiter_9,earth,437550,442110
orbiter_earth,orbiter_9,earth,444630,449190
orbiter_earth,orbiter_9,earth,451710,456270
orbiter_earth,orbiter_9,earth,458790,463350
orbiter_earth,orbiter_9,earth,465870,470430
orbiter_earth,orbiter_9,earth,472950,477510
orbiter_earth,orbiter_9,earth,480030,484590
orbiter_earth,orbiter_9,earth,487110,491670
orbiter_earth,orbiter_9,earth,494220,498750
orbiter_earth,orbiter_9,earth,501300,505830
orbiter_earth,orbiter_9,earth,508380,512940
orbiter_earth,orbiter_9,earth,515460,520020
orbiter_earth,orbiter_9,earth,522540,527100
orbiter_earth,orbiter_9,earth,529620,534180
orbiter_earth,orbiter_9,earth,536700,541260
orbiter_earth,orbiter_9,earth,543780,548340
orbiter_earth,orbiter_9,earth,550860,555420
orbiter_earth,orbiter_9,earth,557940,562500
orbiter_earth,orbiter_9,earth,565020,569580
orbiter_earth,orbiter_9,earth,572100,576660
orbiter_earth,orbiter_9,earth,579210,583740
orbiter_earth,orbiter_9,earth,586290,590820
orbiter_earth,orbiter_9,earth,593370,597930
orbiter_earth,orbiter_9,earth,600450,605010
orbiter_earth,orbiter_9,earth,607530,612090
orbiter_earth,orbiter_9,earth,614610,619170
orbiter_earth,orbiter_9,earth,621690,626250
orbiter_earth,orbiter_9,earth,628770,633330
orbiter_earth,orbiter_9,earth,635850,640410
orbiter_earth,orbiter_9,earth,642930,647490
orbiter_earth,orbiter_9,earth,650010,654570
orbiter_earth,orbiter_9,earth,657090,661650
orbiter_earth,orbiter_9,earth,664200,668730
orbiter_earth,orbiter_9,earth,671280,675810
orbiter_earth,orbiter_9,earth,678360,682920
orbiter_earth,orbiter_9,earth,685440,690000
orbiter_earth,orbiter_9,earth,692520,697080
orbiter_earth,orbiter_9,earth,699600,704160
orbiter_earth,orbiter_9,earth,706680,711240
orbiter_earth,orbiter_9,earth,713760,718320
orbiter_earth,orbiter_9,earth,720840,725400
orbiter_earth,orbiter_9,earth,727920,732480
orbiter_earth,orbiter_9,earth,735000,739560
orbiter_earth,orbiter_9,earth,742080,746640
orbiter_earth,orbiter_9,earth,749190,753720
orbiter_earth,orbiter_9,earth,756270,760800
orbiter_earth,orbiter_9,earth,763350,767910
orbiter_earth,orbiter_9,earth,770430,774990
orbiter_earth,orbiter_9,earth,777510,782070
orbiter_earth,orbiter_9,earth,784590,789150
orbiter_earth,orbiter_9,earth,791670,796230
orbiter_earth,orbiter_9,earth,798750,803310
orbiter_earth,orbiter_9,earth,805830,810390
orbiter_earth,orbiter_9,earth,812910,817470
orbiter_earth,orbiter_9,earth,819990,824550
orbiter_earth,orbiter_9,earth,827070,831630
orbiter_earth,orbiter_9,earth,834180,838710
orbiter_earth,orbiter_9,earth,841260,845790
orbiter_earth,orbiter_9,earth,848340,852900
orbiter_earth,orbiter_9,earth,855420,859980
orbiter_earth,orbiter_9,earth,862500,867060
orbiter_earth,orbiter_9,earth,869580,874140
orbiter_earth,orbiter_9,earth,876660,881220
orbiter_earth,orbiter_9,earth,883740,888300
orbiter_earth,orbiter_9,earth,890820,895380
orbiter_earth,orbiter_9,earth,897900,902460
orbiter_earth,orbiter_9,earth,904980,909540
orbiter_earth,orbiter_9,earth,912060,916620
orbiter_earth,orbiter_9,earth,919170,923700
orbiter_earth,orbiter_9,earth,926250,930780
orbiter_earth,orbiter_9,earth,933330,937890
orbiter_earth,orbiter_9,earth,940410,944970
orbiter_earth,orbiter_9,earth,947490,952050
orbiter_earth,orbiter_9,earth,954570,959130
orbiter_earth,orbiter_9,earth,961650,966210
orbiter_earth,orbiter_9,earth,968730,973290
orbiter_earth,orbiter_9,earth,975810,980370
orbiter_earth,orbiter_9,earth,982890,987450
orbiter_earth,orbiter_9,earth,989970,994530
orbiter_earth,orbiter_9,earth,997050,1001610
orbiter_earth,orbiter_9,earth,1004160,1008690
orbiter_earth,orbiter_9,earth,1011240,1015770
orbiter_earth,orbiter_9,earth,1018320,1022880
orbiter_earth,orbiter_9,earth,1025400,1029960
orbiter_earth,orbiter_9,earth,1032480,1037040
orbiter_earth,orbiter_9,earth,1039560,1044120
orbiter_earth,orbiter_9,earth,1046640,1051200
orbiter_earth,orbiter_9,earth,1053720,1058280
orbiter_earth,orbiter_9,earth,1060800,1065360
orbiter_earth,orbiter_9,earth,1067880,1072440
orbiter_earth,orbiter_9,earth,1074960,1079520
orbiter_earth,orbiter_9,earth,1082040,1086600
orbiter_earth,orbiter_9,earth,1089150,1093680
orbiter_earth,orbiter_9,earth,1096230,1100760
orbiter_earth,orbiter_9,earth,1103310,1107870
orbiter_earth,orbiter_9,earth,1110390,1114950
orbiter_earth,orbiter_9,earth,1117470,1122030
orbiter_earth,orbiter_9,earth,1124550,1129110
orbiter_earth,orbiter_9,earth,1131630,1136190
orbiter_earth,orbiter_9,earth,1138710,1143270
orbiter_earth,orbiter_9,earth,1145790,1150350
orbiter_earth,orbiter_9,earth,1152870,1157430
orbiter_earth,orbiter_9,earth,1159950,1164510
orbiter_earth,orbiter_9,earth,1167030,1171590
orbiter_earth,orbiter_9,earth,1174140,1178670
orbiter_earth,orbiter_9,earth,1181220,1185750
orbiter_earth,orbiter_9,earth,1188300,1192860
orbiter_earth,orbiter_9,earth,1195380,1199940
orbiter_earth,orbiter_9,earth,1202460,1207020
orbiter_earth,orbiter_9,earth,1209540,1214100
orbiter_earth,orbiter_9,earth,1216620,1221180
orbiter_earth,orbiter_9,earth,1223700,1228260
orbiter_earth,orbiter_9,earth,1230780,1235340
orbiter_earth,orbiter_9,earth,1237860,1242420
orbiter_earth,orbiter_9,earth,1244940,1249500
orbiter_earth,orbiter_9,earth,1252020,1256580
orbiter_earth,orbiter_9,earth,1259130,1263660
orbiter_earth,orbiter_9,earth,1266210,1270770
orbiter_earth,orbiter_9,earth,1273290,1277850
orbiter_earth,orbiter_9,earth,1280370,1284930
orbiter_earth,orbiter_9,earth,1287450,1292010
orbiter_earth,orbiter_9,earth,1294530,1299090
orbiter_earth,orbiter_9,earth,1301610,1306170
orbiter_earth,orbiter_9,earth,1308690,1313250
orbiter_earth,orbiter_9,earth,1315770,1320330
orbiter_earth,orbiter_9,earth,1322850,1327410
orbiter_earth,orbiter_9,earth,1329930,1334490
orbiter_earth,orbiter_9,earth,1337010,1341570
orbiter_earth,orbiter_9,earth,1344120,1348650
orbiter_earth,orbiter_9,earth,1351200,1355760
orbiter_earth,orbiter_9,earth,1358280,1362840
orbiter_earth,orbiter_9,earth,1365360,1369920
orbiter_earth,orbiter_9,earth,1372440,1377000
orbiter_earth,orbiter_9,earth,1379520,1384080
orbiter_earth,orbiter_9,earth,1386600,1391160
orbiter_earth,orbiter_9,earth,1393680,1398240
orbiter_earth,orbiter_9,earth,1400760,1405320
orbiter_earth,orbiter_9,earth,1407840,1412400
orbiter_earth,orbiter_9,earth,1414920,1419480
orbiter_earth,orbiter_9,earth,1422000,1426560
orbiter_earth,orbiter_9,earth,1429110,1433640
orbiter_earth,orbiter_9,earth,1436190,1440750
orbiter_earth,orbiter_9,earth,1443270,1447830
orbiter_earth,orbiter_9,earth,1450350,1454910
orbiter_earth,orbiter_9,earth,1457430,1461990
orbiter_earth,orbiter_9,earth,1464510,1469070
orbiter_earth,orbiter_9,earth,1471590,1476150
orbiter_earth,orbiter_9,earth,1478670,1483230
orbiter_earth,orbiter_9,earth,1485750,1490310
orbiter_earth,orbiter_9,earth,1492830,1497390
orbiter_earth,orbiter_9,earth,1499910,1504470
orbiter_earth,orbiter_9,earth,1506990,1511550
orbiter_earth,orbiter_9,earth,1514100,1518630
orbiter_earth,orbiter_9,earth,1521180,1525740
orbiter_earth,orbiter_9,earth,1528260,1532820
orbiter_earth,orbiter_9,earth,1535340,1539900
orbiter_earth,orbiter_9,earth,1542420,1546980
orbiter_earth,orbiter_9,earth,1549500,1554060
orbiter_earth,orbiter_9,earth,1556580,1561140
orbiter_earth,orbiter_9,earth,1563660,1568220
orbiter_earth,orbiter_9,earth,1570740,1575300
orbiter_earth,orbiter_9,earth,1577820,1582380
orbiter_earth,orbiter_9,earth,1584900,1589460
orbiter_earth,orbiter_9,earth,1591980,1596540
orbiter_earth,orbiter_9,earth,1599090,1603620
orbiter_earth,orbiter_9,earth,1606170,1610730
orbiter_earth,orbiter_9,earth,1613250,1617810
orbiter_earth,orbiter_9,earth,1620330,1624890
orbiter_earth,orbiter_9,earth,1627410,1631970
orbiter_earth,orbiter_9,earth,1634490,1639050
orbiter_earth,orbiter_9,earth,1641570,1646130
orbiter_earth,orbiter_9,earth,1648650,1653210
orbiter_earth,orbiter_9,earth,1655730,1660290
orbiter_earth,orbiter_9,earth,1662810,1667370
orbiter_earth,orbiter_9,earth,1669890,1674450
orbiter_earth,orbiter_9,earth,1676970,1681530
orbiter_earth,orbiter_9,earth,1684080,1688610
orbiter_earth,orbiter_9,earth,1691160,1695720
orbiter_earth,orbiter_9,earth,1698240,1702800
orbiter_earth,orbiter_9,earth,1705320,1709880
orbiter_earth,orbiter_9,earth,1712400,1716960
orbiter_earth,orbiter_9,earth,1719480,1724040
orbiter_earth,orbiter_9,earth,1726560,1731120
orbiter_earth,orbiter_9,earth,1733640,1738200
orbiter_earth,orbiter_9,earth,1740720,1745280
orbiter_earth,orbiter_9,earth,1747800,1752360
orbiter_earth,orbiter_9,earth,1754880,1759440
orbiter_earth,orbiter_9,earth,1761960,1766520
orbiter_earth,orbiter_9,earth,1769070,1773600
orbiter_earth,orbiter_9,earth,1776150,1780710
orbiter_earth,orbiter_9,earth,1783230,1787790
orbiter_earth,orbiter_9,earth,1790310,1794870
orbiter_earth,orbiter_9,earth,1797390,1801950
orbiter_earth,orbiter_9,earth,1804470,1809030
orbiter_earth,orbiter_9,earth,1811550,1816110
orbiter_earth,orbiter_9,earth,1818630,1823190
orbiter_earth,orbiter_9,earth,1825710,1830270
orbiter_earth,orbiter_9,earth,1832790,1837350
orbiter_earth,orbiter_9,earth,1839870,1844430
orbiter_earth,orbiter_9,earth,1846950,1851510
orbiter_earth,orbiter_9,earth,1854060,1858590
orbiter_earth,orbiter_9,earth,1861140,1865700
orbiter_earth,orbiter_9,earth,1868220,1872780
orbiter_earth,orbiter_9,earth,1875300,1879860
orbiter_earth,orbiter_9,earth,1882380,1886940
orbiter_earth,orbiter_9,earth,1889460,1894020
orbiter_earth,orbiter_9,earth,1896540,1901100
orbiter_earth,orbiter_9,earth,1903620,1908180
orbiter_earth,orbiter_9,earth,1910700,1915260
orbiter_earth,orbiter_9,earth,1917780,1922340
orbiter_earth,orbiter_9,earth,1924860,1929420
orbiter_earth,orbiter_9,earth,1931940,1936500
orbiter_earth,orbiter_9,earth,1939050,1943580
orbiter_earth,orbiter_9,earth,1946130,1950690
orbiter_earth,orbiter_9,earth,1953210,1957770
orbiter_earth,orbiter_9,earth,1960290,1964850
orbiter_earth,orbiter_9,earth,1967370,1971930
orbiter_earth,orbiter_9,earth,1974450,1979010
orbiter_earth,orbiter_9,earth,1981530,1986090
orbiter_earth,orbiter_9,earth,1988610,1993170
orbiter_earth,orbiter_9,earth,1995690,2000250
orbiter_earth,orbiter_9,earth,2002770,2007330
orbiter_earth,orbiter_9,earth,2009850,2014410
orbiter_earth,orbiter_9,earth,2016930,2021490
orbiter_earth,orbiter_9,earth,2024040,2028570
orbiter_earth,orbiter_9,earth,2031120,2035680
orbiter_earth,orbiter_9,earth,2038200,2042760
orbiter_earth,orbiter_9,earth,2045280,2049840
orbiter_earth,orbiter_9,earth,2052360,2056920
orbiter_earth,orbiter_9,earth,2059440,2064000
orbiter_earth,orbiter_9,earth,2066520,2071080
orbiter_earth,orbiter_9,earth,2073600,2078160
orbiter_earth,orbiter_9,earth,2080680,2085240
orbiter_earth,orbiter_9,earth,2087760,2092320
orbiter_earth,orbiter_9,earth,2094840,2099400
orbiter_earth,orbiter_9,earth,2101920,2106480
orbiter_earth,orbiter_9,earth,2109030,2113560
orbiter_earth,orbiter_9,earth,2116110,2120670
orbiter_earth,orbiter_9,earth,2123190,2127750
orbiter_earth,orbiter_9,earth,2130270,2134830
orbiter_earth,orbiter_9,earth,2137350,2141910
orbiter_earth,orbiter_9,earth,2144430,2148990
orbiter_earth,orbiter_9,earth,2151510,2156070
orbiter_earth,orbiter_9,earth,2158590,2163150
orbiter_earth,orbiter_9,earth,2165670,2170230
orbiter_earth,orbiter_9,earth,2172750,2177310
orbiter_earth,orbiter_9,earth,2179830,2184390
orbiter_earth,orbiter_9,earth,2186910,2191470
orbiter_earth,orbiter_9,earth,2194020,2198550
orbiter_earth,orbiter_9,earth,2201100,2205660
orbiter_earth,orbiter_9,earth,2208180,2212740
orbiter_earth,orbiter_9,earth,2215260,2219820
orbiter_earth,orbiter_9,earth,2222340,2226900
orbiter_earth,orbiter_9,earth,2229420,2233980
orbiter_earth,orbiter_9,earth,2236500,2241060
orbiter_earth,orbiter_9,earth,2243580,2248140
orbiter_earth,orbiter_9,earth,2250660,2255220
orbiter_earth,orbiter_9,earth,2257740,2262300
orbiter_earth,orbiter_9,earth,2264820,2269380
orbiter_earth,orbiter_9,earth,2271900,2276460
orbiter_earth,orbiter_9,earth,2279010,2283540
orbiter_earth,orbiter_9,earth,2286090,2290650
orbiter_earth,orbiter_9,earth,2293170,2297730
orbiter_earth,orbiter_9,earth,2300250,2304810
orbiter_earth,orbiter_9,earth,2307330,2311890
orbiter_earth,orbiter_9,earth,2314410,2318970
orbiter_earth,orbiter_9,earth,2321490,2326050
orbiter_earth,orbiter_9,earth,2328570,2333130
orbiter_earth,orbiter_9,earth,2335650,2340210
orbiter_earth,orbiter_9,earth,2342730,2347290
orbiter_earth,orbiter_9,earth,2349810,2354370
orbiter_earth,orbiter_9,earth,2356890,2361450
orbiter_earth,orbiter_9,earth,2364000,2368530
orbiter_earth,orbiter_9,earth,2371080,2375640
orbiter_earth,orbiter_9,earth,2378160,2382720
orbiter_earth,orbiter_9,earth,2385240,2389800
orbiter_earth,orbiter_9,earth,2392320,2396880
orbiter_earth,orbiter_9,earth,2399400,2403960
orbiter_earth,orbiter_9,earth,2406480,2411040
orbiter_earth,orbiter_9,earth,2413560,2418120
orbiter_earth,orbiter_9,earth,2420640,2425200
orbiter_earth,orbiter_9,earth,2427720,2432280
orbiter_earth,orbiter_9,earth,2434800,2439360
orbiter_earth,orbiter_9,earth,2441880,2446440
orbiter_earth,orbiter_9,earth,2448990,2453520
orbiter_earth,orbiter_9,earth,2456070,2460630
orbiter_earth,orbiter_9,earth,2463150,2467710
orbiter_earth,orbiter_9,earth,2470230,2474790
orbiter_earth,orbiter_9,earth,2477310,2481870
orbiter_earth,orbiter_9,earth,2484390,2488950
orbiter_earth,orbiter_9,earth,2491470,2496030
orbiter_earth,orbiter_9,earth,2498550,2503110
orbiter_earth,orbiter_9,earth,2505630,2510190
orbiter_earth,orbiter_9,earth,2512710,2517270
orbiter_earth,orbiter_9,earth,2519790,2524350
orbiter_earth,orbiter_9,earth,2526870,2531430
orbiter_earth,orbiter_9,earth,2533980,2538510
orbiter_earth,orbiter_9,earth,2541060,2545620
orbiter_earth,orbiter_9,earth,2548140,2552700
orbiter_earth,orbiter_9,earth,2555220,2559780
orbiter_earth,orbiter_9,earth,2562300,2566860
orbiter_earth,orbiter_9,earth,2569380,2573940
orbiter_earth,orbiter_9,earth,2576460,2581020
orbiter_earth,orbiter_9,earth,2583540,2588100
orbiter_earth,orbiter_9,earth,2590620,2592000
orbiter_orbiter,orbiter_0,orbiter_1,0,2592000
orbiter_orbiter,orbiter_0,orbiter_9,0,2592000
orbiter_orbiter,orbiter_1,orbiter_2,0,2592000
orbiter_orbiter,orbiter_2,orbiter_3,0,2592000
orbiter_orbiter,orbiter_3,orbiter_4,0,2592000
orbiter_orbiter,orbiter_4,orbiter_5,0,2592000
orbiter_orbiter,orbiter_5,orbiter_6,0,2592000
orbiter_orbiter,orbiter_6,orbiter_7,0,2592000
orbiter_orbiter,orbiter_7,orbiter_8,0,2592000
orbiter_orbiter,orbiter_8,orbiter_9,0,2592000
rover_orbiter,rover_1,orbiter_0,24090,24780
rover_orbiter,rover_1,orbiter_0,70860,71520
rover_orbiter,rover_1,orbiter_0,109320,109530
rover_orbiter,rover_1,orbiter_0,116190,116760
rover_orbiter,rover_1,orbiter_0,155880,156510
rover_orbiter,rover_1,orbiter_0,201150,201840
rover_orbiter,rover_1,orbiter_0,247920,248580
rover_orbiter,rover_1,orbiter_0,286470,286530
rover_orbiter,rover_1,orbiter_0,293250,293850
rover_orbiter,rover_1,orbiter_0,332970,333570
rover_orbiter,rover_1,orbiter_0,378240,378900
rover_orbiter,rover_1,orbiter_0,424980,425640
rover_orbiter,rover_1,orbiter_0,470310,470910
rover_orbiter,rover_1,orbiter_0,510030,510600
rover_orbiter,rover_1,orbiter_0,517290,517440
rover_orbiter,rover_1,orbiter_0,555300,555960
rover_orbiter,rover_1,orbiter_0,602040,602700
rover_orbiter,rover_1,orbiter_0,647370,647970
rover_orbiter,rover_1,orbiter_0,687120,687660
rover_orbiter,rover_1,orbiter_0,694320,694560
rover_orbiter,rover_1,orbiter_0,732360,732990
rover_orbiter,rover_1,orbiter_0,779100,779790
rover_orbiter,rover_1,orbiter_0,824430,825060
rover_orbiter,rover_1,orbiter_0,864180,864720
rover_orbiter,rover_1,orbiter_0,871350,871650
rover_orbiter,rover_1,orbiter_0,909420,910050
rover_orbiter,rover_1,orbiter_0,956160,956850
rover_orbiter,rover_1,orbiter_0,1001490,1002120
rover_orbiter,rover_1,orbiter_0,1041270,1041780
rover_orbiter,rover_1,orbiter_0,1048380,1048740
rover_orbiter,rover_1,orbiter_0,1086510,1087110
rover_orbiter,rover_1,orbiter_0,1133220,1133910
rover_orbiter,rover_1,orbiter_0,1178550,1179210
rover_orbiter,rover_1,orbiter_0,1218330,1218810
rover_orbiter,rover_1,orbiter_0,1225410,1225830
rover_orbiter,rover_1,orbiter_0,1263570,1264170
rover_orbiter,rover_1,orbiter_0,1270860,1270950
rover_orbiter,rover_1,orbiter_0,1310280,1310970
rover_orbiter,rover_1,orbiter_0,1355610,1356270
rover_orbiter,rover_1,orbiter_0,1395420,1395870
rover_orbiter,rover_1,orbiter_0,1402470,1402920
rover_orbiter,rover_1,orbiter_0,1440660,1441230
rover_orbiter,rover_1,orbiter_0,1447860,1448070
rover_orbiter,rover_1,orbiter_0,1487340,1488030
rover_orbiter,rover_1,orbiter_0,1532670,1533330
rover_orbiter,rover_1,orbiter_0,1572510,1572900
rover_orbiter,rover_1,orbiter_0,1579500,1580010
rover_orbiter,rover_1,orbiter_0,1617720,1618260
rover_orbiter,rover_1,orbiter_0,1624890,1625190
rover_orbiter,rover_1,orbiter_0,1664400,1665090
rover_orbiter,rover_1,orbiter_0,1709730,1710390
rover_orbiter,rover_1,orbiter_0,1749600,1749960
rover_orbiter,rover_1,orbiter_0,1756560,1757070
rover_orbiter,rover_1,orbiter_0,1794810,1795320
rover_orbiter,rover_1,orbiter_0,1801920,1802280
rover_orbiter,rover_1,orbiter_0,1841490,1842150
rover_orbiter,rover_1,orbiter_0,1886790,1887450
rover_orbiter,rover_1,orbiter_0,1926690,1926990
rover_orbiter,rover_1,orbiter_0,1933590,1934160
rover_orbiter,rover_1,orbiter_0,1971870,1972380
rover_orbiter,rover_1,orbiter_0,1978950,1979370
rover_orbiter,rover_1,orbiter_0,2018550,2019210
rover_orbiter,rover_1,orbiter_0,2063850,2064540
rover_orbiter,rover_1,orbiter_0,2103810,2104020
rover_orbiter,rover_1,orbiter_0,2110650,2111220
rover_orbiter,rover_1,orbiter_0,2148960,2149410
rover_orbiter,rover_1,orbiter_0,2156010,2156460
rover_orbiter,rover_1,orbiter_0,2195610,2196270
rover_orbiter,rover_1,orbiter_0,2240910,2241600
rover_orbiter,rover_1,orbiter_0,2280930,2281020
rover_orbiter,rover_1,orbiter_0,2287710,2288310
rover_orbiter,rover_1,orbiter_0,2326050,2326470
rover_orbiter,rover_1,orbiter_0,2333040,2333520
rover_orbiter,rover_1,orbiter_0,2372670,2373330
rover_orbiter,rover_1,orbiter_0,2417970,2418660
rover_orbiter,rover_1,orbiter_0,2464770,2465370
rover_orbiter,rover_1,orbiter_0,2503110,2503500
rover_orbiter,rover_1,orbiter_0,2510100,2510610
rover_orbiter,rover_1,orbiter_0,2549760,2550390
rover_orbiter,rover_1,orbiter_1,23400,24060
rover_orbiter,rover_1,orbiter_1,70140,70800
rover_orbiter,rover_1,orbiter_1,115470,116100
rover_orbiter,rover_1,orbiter_1,155220,155760
rover_orbiter,rover_1,orbiter_1,162420,162690
rover_orbiter,rover_1,orbiter_1,200460,201120
rover_orbiter,rover_1,orbiter_1,247200,247890
rover_orbiter,rover_1,orbiter_1,292530,293160
rover_orbiter,rover_1,orbiter_1,332280,332820
rover_orbiter,rover_1,orbiter_1,339450,339780
rover_orbiter,rover_1,orbiter_1,377550,378150
rover_orbiter,rover_1,orbiter_1,424260,424950
rover_orbiter,rover_1,orbiter_1,469590,470220
rover_orbiter,rover_1,orbiter_1,509370,509880
rover_orbiter,rover_1,orbiter_1,516480,516870
rover_orbiter,rover_1,orbiter_1,554610,555210
rover_orbiter,rover_1,orbiter_1,601320,602010
rover_orbiter,rover_1,orbiter_1,646650,647310
rover_orbiter,rover_1,orbiter_1,686460,686910
rover_orbiter,rover_1,orbiter_1,693510,693960
rover_orbiter,rover_1,orbiter_1,731670,732270
rover_orbiter,rover_1,orbiter_1,738930,739080
rover_orbiter,rover_1,orbiter_1,778380,779070
rover_orbiter,rover_1,orbiter_1,823710,824370
rover_orbiter,rover_1,orbiter_1,863550,863970
rover_orbiter,rover_1,orbiter_1,870570,871020
rover_orbiter,rover_1,orbiter_1,908760,909330
rover_orbiter,rover_1,orbiter_1,915960,916200
rover_orbiter,rover_1,orbiter_1,955440,956130
rover_orbiter,rover_1,orbiter_1,1000770,1001430
rover_orbiter,rover_1,orbiter_1,1040610,1041000
rover_orbiter,rover_1,orbiter_1,1047600,1048110
rover_orbiter,rover_1,orbiter_1,1085820,1086390
rover_orbiter,rover_1,orbiter_1,1092990,1093290
rover_orbiter,rover_1,orbiter_1,1132530,1133190
rover_orbiter,rover_1,orbiter_1,1177830,1178490
rover_orbiter,rover_1,orbiter_1,1217700,1218060
rover_orbiter,rover_1,orbiter_1,1224660,1225200
rover_orbiter,rover_1,orbiter_1,1262910,1263420
rover_orbiter,rover_1,orbiter_1,1270020,1270380
rover_orbiter,rover_1,orbiter_1,1309590,1310250
rover_orbiter,rover_1,orbiter_1,1354890,1355580
rover_orbiter,rover_1,orbiter_1,1394820,1395090
rover_orbiter,rover_1,orbiter_1,1401690,1402260
rover_orbiter,rover_1,orbiter_1,1439970,1440480
rover_orbiter,rover_1,orbiter_1,1447050,1447470
rover_orbiter,rover_1,orbiter_1,1486650,1487310
rover_orbiter,rover_1,orbiter_1,1531950,1532640
rover_orbiter,rover_1,orbiter_1,1571910,1572120
rover_orbiter,rover_1,orbiter_1,1578750,1579320
rover_orbiter,rover_1,orbiter_1,1617060,1617510
rover_orbiter,rover_1,orbiter_1,1624110,1624560
rover_orbiter,rover_1,orbiter_1,1663710,1664370
rover_orbiter,rover_1,orbiter_1,1709010,1709700
rover_orbiter,rover_1,orbiter_1,1749060,1749120
rover_orbiter,rover_1,orbiter_1,1755810,1756410
rover_orbiter,rover_1,orbiter_1,1794150,1794570
rover_orbiter,rover_1,orbiter_1,1801170,1801650
rover_orbiter,rover_1,orbiter_1,1840800,1841430
rover_orbiter,rover_1,orbiter_1,1886070,1886760
rover_orbiter,rover_1,orbiter_1,1932870,1933470
rover_orbiter,rover_1,orbiter_1,1971240,1971600
rover_orbiter,rover_1,orbiter_1,1978200,1978710
rover_orbiter,rover_1,orbiter_1,2017860,2018490
rover_orbiter,rover_1,orbiter_1,2063130,2063820
rover_orbiter,rover_1,orbiter_1,2109930,2110560
rover_orbiter,rover_1,orbiter_1,2148330,2148630
rover_orbiter,rover_1,orbiter_1,2155260,2155800
rover_orbiter,rover_1,orbiter_1,2194920,2195550
rover_orbiter,rover_1,orbiter_1,2240220,2240880
rover_orbiter,rover_1,orbiter_1,2286990,2287620
rover_orbiter,rover_1,orbiter_1,2325420,2325660
rover_orbiter,rover_1,orbiter_1,2332320,2332890
rover_orbiter,rover_1,orbiter_1,2372010,2372610
rover_orbiter,rover_1,orbiter_1,2417280,2417940
rover_orbiter,rover_1,orbiter_1,2464020,2464680
rover_orbiter,rover_1,orbiter_1,2502540,2502660
rover_orbiter,rover_1,orbiter_1,2509380,2509950
rover_orbiter,rover_1,orbiter_1,2549070,2549670
rover_orbiter,rover_1,orbiter_2,22710,23310
rover_orbiter,rover_1,orbiter_2,69420,70110
rover_orbiter,rover_1,orbiter_2,114750,115410
rover_orbiter,rover_1,orbiter_2,154560,155010
rover_orbiter,rover_1,orbiter_2,161610,162060
rover_orbiter,rover_1,orbiter_2,199800,200370
rover_orbiter,rover_1,orbiter_2,207030,207180
rover_orbiter,rover_1,orbiter_2,246480,247170
rover_orbiter,rover_1,orbiter_2,291810,292470
rover_orbiter,rover_1,orbiter_2,331650,332070
rover_orbiter,rover_1,orbiter_2,338670,339150
rover_orbiter,rover_1,orbiter_2,376860,377430
rover_orbiter,rover_1,orbiter_2,384060,384300
rover_orbiter,rover_1,orbiter_2,423570,424230
rover_orbiter,rover_1,orbiter_2,468870,469530
rover_orbiter,rover_1,orbiter_2,508740,509100
rover_orbiter,rover_1,orbiter_2,515700,516210
rover_orbiter,rover_1,orbiter_2,553950,554490
rover_orbiter,rover_1,orbiter_2,561090,561390
rover_orbiter,rover_1,orbiter_2,600630,601290
rover_orbiter,rover_1,orbiter_2,645930,646620
rover_orbiter,rover_1,orbiter_2,685830,686160
rover_orbiter,rover_1,orbiter_2,692760,693300
rover_orbiter,rover_1,orbiter_2,731010,731520
rover_orbiter,rover_1,orbiter_2,738120,738480
rover_orbiter,rover_1,orbiter_2,777690,778380
rover_orbiter,rover_1,orbiter_2,822990,823680
rover_orbiter,rover_1,orbiter_2,862920,863190
rover_orbiter,rover_1,orbiter_2,869820,870360
rover_orbiter,rover_1,orbiter_2,908100,908580
rover_orbiter,rover_1,orbiter_2,915150,915570
rover_orbiter,rover_1,orbiter_2,954750,955440
rover_orbiter,rover_1,orbiter_2,1000050,1000740
rover_orbiter,rover_1,orbiter_2,1040040,1040220
rover_orbiter,rover_1,orbiter_2,1046850,1047450
rover_orbiter,rover_1,orbiter_2,1085160,1085610
rover_orbiter,rover_1,orbiter_2,1092210,1092660
rover_orbiter,rover_1,orbiter_2,1131810,1132500
rover_orbiter,rover_1,orbiter_2,1177110,1177800
rover_orbiter,rover_1,orbiter_2,1223910,1224510
rover_orbiter,rover_1,orbiter_2,1262250,1262670
rover_orbiter,rover_1,orbiter_2,1269270,1269750
rover_orbiter,rover_1,orbiter_2,1308900,1309560
rover_orbiter,rover_1,orbiter_2,1354170,1354860
rover_orbiter,rover_1,orbiter_2,1400970,1401570
rover_orbiter,rover_1,orbiter_2,1439340,1439700
rover_orbiter,rover_1,orbiter_2,1446300,1446840
rover_orbiter,rover_1,orbiter_2,1485960,1486620
rover_orbiter,rover_1,orbiter_2,1531230,1531920
rover_orbiter,rover_1,orbiter_2,1578030,1578660
rover_orbiter,rover_1,orbiter_2,1616430,1616730
rover_orbiter,rover_1,orbiter_2,1623360,1623900
rover_orbiter,rover_1,orbiter_2,1663020,1663650
rover_orbiter,rover_1,orbiter_2,1708320,1708980
rover_orbiter,rover_1,orbiter_2,1755090,1755720
rover_orbiter,rover_1,orbiter_2,1793550,1793760
rover_orbiter,rover_1,orbiter_2,1800420,1800990
rover_orbiter,rover_1,orbiter_2,1840110,1840710
rover_orbiter,rover_1,orbiter_2,1885380,1886040
rover_orbiter,rover_1,orbiter_2,1932150,1932780
rover_orbiter,rover_1,orbiter_2,1970670,1970730
rover_orbiter,rover_1,orbiter_2,1977480,1978050
rover_orbiter,rover_1,orbiter_2,2017170,2017770
rover_orbiter,rover_1,orbiter_2,2062440,2063100
rover_orbiter,rover_1,orbiter_2,2109210,2109870
rover_orbiter,rover_1,orbiter_2,2154510,2155140
rover_orbiter,rover_1,orbiter_2,2194260,2194830
rover_orbiter,rover_1,orbiter_2,2201520,2201670
rover_orbiter,rover_1,orbiter_2,2239500,2240160
rover_orbiter,rover_1,orbiter_2,2286270,2286930
rover_orbiter,rover_1,orbiter_2,2331570,2332200
rover_orbiter,rover_1,orbiter_2,2371320,2371890
rover_orbiter,rover_1,orbiter_2,2378550,2378790
rover_orbiter,rover_1,orbiter_2,2416590,2417220
rover_orbiter,rover_1,orbiter_2,2463330,2463990
rover_orbiter,rover_1,orbiter_2,2508630,2509290
rover_orbiter,rover_1,orbiter_2,2548410,2548950
rover_orbiter,rover_1,orbiter_2,2555550,2555880
rover_orbiter,rover_1,orbiter_3,22050,22590
rover_orbiter,rover_1,orbiter_3,29190,29520
rover_orbiter,rover_1,orbiter_3,68730,69420
rover_orbiter,rover_1,orbiter_3,114030,114720
rover_orbiter,rover_1,orbiter_3,153930,154260
rover_orbiter,rover_1,orbiter_3,160860,161400
rover_orbiter,rover_1,orbiter_3,199110,199620
rover_orbiter,rover_1,orbiter_3,206220,206610
rover_orbiter,rover_1,orbiter_3,245790,246480
rover_orbiter,rover_1,orbiter_3,291090,291780
rover_orbiter,rover_1,orbiter_3,331020,331290
rover_orbiter,rover_1,orbiter_3,337920,338460
rover_orbiter,rover_1,orbiter_3,376200,376680
rover_orbiter,rover_1,orbiter_3,383250,383700
rover_orbiter,rover_1,orbiter_3,422850,423540
rover_orbiter,rover_1,orbiter_3,468150,468840
rover_orbiter,rover_1,orbiter_3,508140,508290
rover_orbiter,rover_1,orbiter_3,514950,515550
rover_orbiter,rover_1,orbiter_3,553290,553710
rover_orbiter,rover_1,orbiter_3,560310,560760
rover_orbiter,rover_1,orbiter_3,599940,600600
rover_orbiter,rover_1,orbiter_3,645210,645900
rover_orbiter,rover_1,orbiter_3,692010,692610
rover_orbiter,rover_1,orbiter_3,730350,730770
rover_orbiter,rover_1,orbiter_3,737370,737850
rover_orbiter,rover_1,orbiter_3,777000,777660
rover_orbiter,rover_1,orbiter_3,822270,822960
rover_orbiter,rover_1,orbiter_3,869070,869700
rover_orbiter,rover_1,orbiter_3,907440,907800
rover_orbiter,rover_1,orbiter_3,914400,914940
rover_orbiter,rover_1,orbiter_3,954060,954720
rover_orbiter,rover_1,orbiter_3,999360,1000020
rover_orbiter,rover_1,orbiter_3,1046130,1046760
rover_orbiter,rover_1,orbiter_3,1084530,1084830
rover_orbiter,rover_1,orbiter_3,1091460,1092000
rover_orbiter,rover_1,orbiter_3,1131150,1131780
rover_orbiter,rover_1,orbiter_3,1176420,1177080
rover_orbiter,rover_1,orbiter_3,1223190,1223820
rover_orbiter,rover_1,orbiter_3,1261650,1261860
rover_orbiter,rover_1,orbiter_3,1268520,1269090
rover_orbiter,rover_1,orbiter_3,1308210,1308810
rover_orbiter,rover_1,orbiter_3,1353480,1354140
rover_orbiter,rover_1,orbiter_3,1400250,1400910
rover_orbiter,rover_1,orbiter_3,1438800,1438800
rover_orbiter,rover_1,orbiter_3,1445580,1446150
rover_orbiter,rover_1,orbiter_3,1485270,1485870
rover_orbiter,rover_1,orbiter_3,1530540,1531200
rover_orbiter,rover_1,orbiter_3,1577310,1577970
rover_orbiter,rover_1,orbiter_3,1622640,1623240
rover_orbiter,rover_1,orbiter_3,1662360,1662930
rover_orbiter,rover_1,orbiter_3,1669620,1669800
rover_orbiter,rover_1,orbiter_3,1707630,1708260
rover_orbiter,rover_1,orbiter_3,1754370,1755030
rover_orbiter,rover_1,orbiter_3,1799670,1800300
rover_orbiter,rover_1,orbiter_3,1839420,1839990
rover_orbiter,rover_1,orbiter_3,1846620,1846890
rover_orbiter,rover_1,orbiter_3,1884690,1885320
rover_orbiter,rover_1,orbiter_3,1931430,1932090
rover_orbiter,rover_1,orbiter_3,1976730,1977390
rover_orbiter,rover_1,orbiter_3,2016510,2017050
rover_orbiter,rover_1,orbiter_3,2023650,2023980
rover_orbiter,rover_1,orbiter_3,2061750,2062380
rover_orbiter,rover_1,orbiter_3,2108490,2109150
rover_orbiter,rover_1,orbiter_3,2153790,2154450
rover_orbiter,rover_1,orbiter_3,2193600,2194080
rover_orbiter,rover_1,orbiter_3,2200710,2201070
rover_orbiter,rover_1,orbiter_3,2238840,2239440
rover_orbiter,rover_1,orbiter_3,2285550,2286240
rover_orbiter,rover_1,orbiter_3,2330850,2331510
rover_orbiter,rover_1,orbiter_3,2370660,2371140
rover_orbiter,rover_1,orbiter_3,2377740,2378160
rover_orbiter,rover_1,orbiter_3,2415900,2416500
rover_orbiter,rover_1,orbiter_3,2423160,2423280
rover_orbiter,rover_1,orbiter_3,2462610,2463300
rover_orbiter,rover_1,orbiter_3,2507910,2508600
rover_orbiter,rover_1,orbiter_3,2547750,2548200
rover_orbiter,rover_1,orbiter_3,2554770,2555250
rover_orbiter,rover_1,orbiter_4,21390,21810
rover_orbiter,rover_1,orbiter_4,28410,28890
rover_orbiter,rover_1,orbiter_4,68040,68700
rover_orbiter,rover_1,orbiter_4,113310,114000
rover_orbiter,rover_1,orbiter_4,160110,160710
rover_orbiter,rover_1,orbiter_4,198480,198870
rover_orbiter,rover_1,orbiter_4,205470,205950
rover_orbiter,rover_1,orbiter_4,245100,245760
rover_orbiter,rover_1,orbiter_4,290400,291060
rover_orbiter,rover_1,orbiter_4,337170,337800
rover_orbiter,rover_1,orbiter_4,375570,375900
rover_orbiter,rover_1,orbiter_4,382500,383040
rover_orbiter,rover_1,orbiter_4,422160,422820
rover_orbiter,rover_1,orbiter_4,467460,468120
rover_orbiter,rover_1,orbiter_4,514230,514860
rover_orbiter,rover_1,orbiter_4,552660,552930
rover_orbiter,rover_1,orbiter_4,559560,560130
rover_orbiter,rover_1,orbiter_4,599250,599880
rover_orbiter,rover_1,orbiter_4,644520,645180
rover_orbiter,rover_1,orbiter_4,691290,691920
rover_orbiter,rover_1,orbiter_4,729750,729930
rover_orbiter,rover_1,orbiter_4,736620,737190
rover_orbiter,rover_1,orbiter_4,776310,776940
rover_orbiter,rover_1,orbiter_4,821580,822240
rover_orbiter,rover_1,orbiter_4,868350,869010
rover_orbiter,rover_1,orbiter_4,913680,914280
rover_orbiter,rover_1,orbiter_4,953400,953970
rover_orbiter,rover_1,orbiter_4,998640,999300
rover_orbiter,rover_1,orbiter_4,1045410,1046070
rover_orbiter,rover_1,orbiter_4,1090740,1091340
rover_orbiter,rover_1,orbiter_4,1130460,1131030
rover_orbiter,rover_1,orbiter_4,1137720,1137900
rover_orbiter,rover_1,orbiter_4,1175730,1176360
rover_orbiter,rover_1,orbiter_4,1222470,1223130
rover_orbiter,rover_1,orbiter_4,1267800,1268400
rover_orbiter,rover_1,orbiter_4,1307550,1308090
rover_orbiter,rover_1,orbiter_4,1314720,1315020
rover_orbiter,rover_1,orbiter_4,1352790,1353420
rover_orbiter,rover_1,orbiter_4,1399530,1400190
rover_orbiter,rover_1,orbiter_4,1444830,1445490
rover_orbiter,rover_1,orbiter_4,1484610,1485150
rover_orbiter,rover_1,orbiter_4,1491750,1492110
rover_orbiter,rover_1,orbiter_4,1529850,1530480
rover_orbiter,rover_1,orbiter_4,1576590,1577280
rover_orbiter,rover_1,orbiter_4,1621890,1622550
rover_orbiter,rover_1,orbiter_4,1661700,1662210
rover_orbiter,rover_1,orbiter_4,1668810,1669200
rover_orbiter,rover_1,orbiter_4,1706940,1707540
rover_orbiter,rover_1,orbiter_4,1753650,1754340
rover_orbiter,rover_1,orbiter_4,1798950,1799640
rover_orbiter,rover_1,orbiter_4,1838790,1839240
rover_orbiter,rover_1,orbiter_4,1845840,1846260
rover_orbiter,rover_1,orbiter_4,1884000,1884600
rover_orbiter,rover_1,orbiter_4,1891260,1891410
rover_orbiter,rover_1,orbiter_4,1930710,1931400
rover_orbiter,rover_1,orbiter_4,1976010,1976700
rover_orbiter,rover_1,orbiter_4,2015850,2016300
rover_orbiter,rover_1,orbiter_4,2022870,2023350
rover_orbiter,rover_1,orbiter_4,2061090,2061660
rover_orbiter,rover_1,orbiter_4,2068260,2068530
rover_orbiter,rover_1,orbiter_4,2107770,2108460
rover_orbiter,rover_1,orbiter_4,2153070,2153760
rover_orbiter,rover_1,orbiter_4,2192940,2193330
rover_orbiter,rover_1,orbiter_4,2199930,2200440
rover_orbiter,rover_1,orbiter_4,2238150,2238690
rover_orbiter,rover_1,orbiter_4,2245290,2245620
rover_orbiter,rover_1,orbiter_4,2284830,2285520
rover_orbiter,rover_1,orbiter_4,2330160,2330820
rover_orbiter,rover_1,orbiter_4,2370030,2370390
rover_orbiter,rover_1,orbiter_4,2376990,2377500
rover_orbiter,rover_1,orbiter_4,2415240,2415750
rover_orbiter,rover_1,orbiter_4,2422350,2422710
rover_orbiter,rover_1,orbiter_4,2461920,2462580
rover_orbiter,rover_1,orbiter_4,2507220,2507880
rover_orbiter,rover_1,orbiter_4,2547150,2547420
rover_orbiter,rover_1,orbiter_4,2554020,2554590
rover_orbiter,rover_1,orbiter_5,20760,21030
rover_orbiter,rover_1,orbiter_5,27660,28230
rover_orbiter,rover_1,orbiter_5,67350,67980
rover_orbiter,rover_1,orbiter_5,112620,113310
rover_orbiter,rover_1,orbiter_5,159390,160050
rover_orbiter,rover_1,orbiter_5,197880,198030
rover_orbiter,rover_1,orbiter_5,204720,205290
rover_orbiter,rover_1,orbiter_5,244410,245040
rover_orbiter,rover_1,orbiter_5,289680,290370
rover_orbiter,rover_1,orbiter_5,336450,337110
rover_orbiter,rover_1,orbiter_5,381780,382380
rover_orbiter,rover_1,orbiter_5,421500,422100
rover_orbiter,rover_1,orbiter_5,428820,428880
rover_orbiter,rover_1,orbiter_5,466770,467430
rover_orbiter,rover_1,orbiter_5,513510,514170
rover_orbiter,rover_1,orbiter_5,558840,559440
rover_orbiter,rover_1,orbiter_5,598560,599130
rover_orbiter,rover_1,orbiter_5,605790,606000
rover_orbiter,rover_1,orbiter_5,643830,644460
rover_orbiter,rover_1,orbiter_5,690570,691230
rover_orbiter,rover_1,orbiter_5,735900,736530
rover_orbiter,rover_1,orbiter_5,775650,776190
rover_orbiter,rover_1,orbiter_5,782820,783120
rover_orbiter,rover_1,orbiter_5,820890,821520
rover_orbiter,rover_1,orbiter_5,867630,868320
rover_orbiter,rover_1,orbiter_5,912960,913590
rover_orbiter,rover_1,orbiter_5,952710,953250
rover_orbiter,rover_1,orbiter_5,959850,960210
rover_orbiter,rover_1,orbiter_5,997980,998580
rover_orbiter,rover_1,orbiter_5,1044690,1045380
rover_orbiter,rover_1,orbiter_5,1090020,1090650
rover_orbiter,rover_1,orbiter_5,1129800,1130310
rover_orbiter,rover_1,orbiter_5,1136880,1137300
rover_orbiter,rover_1,orbiter_5,1175040,1175640
rover_orbiter,rover_1,orbiter_5,1221750,1222440
rover_orbiter,rover_1,orbiter_5,1267080,1267740
rover_orbiter,rover_1,orbiter_5,1306890,1307340
rover_orbiter,rover_1,orbiter_5,1313940,1314390
rover_orbiter,rover_1,orbiter_5,1352100,1352700
rover_orbiter,rover_1,orbiter_5,1359360,1359510
rover_orbiter,rover_1,orbiter_5,1398810,1399500
rover_orbiter,rover_1,orbiter_5,1444140,1444800
rover_orbiter,rover_1,orbiter_5,1483980,1484400
rover_orbiter,rover_1,orbiter_5,1490970,1491450
rover_orbiter,rover_1,orbiter_5,1529190,1529760
rover_orbiter,rover_1,orbiter_5,1536360,1536630
rover_orbiter,rover_1,orbiter_5,1575870,1576560
rover_orbiter,rover_1,orbiter_5,1621200,1621860
rover_orbiter,rover_1,orbiter_5,1661070,1661430
rover_orbiter,rover_1,orbiter_5,1668030,1668540
rover_orbiter,rover_1,orbiter_5,1706250,1706790
rover_orbiter,rover_1,orbiter_5,1713390,1713720
rover_orbiter,rover_1,orbiter_5,1752960,1753620
rover_orbiter,rover_1,orbiter_5,1798260,1798920
rover_orbiter,rover_1,orbiter_5,1838160,1838460
rover_orbiter,rover_1,orbiter_5,1845090,1845630
rover_orbiter,rover_1,orbiter_5,1883340,1883850
rover_orbiter,rover_1,orbiter_5,1890450,1890810
rover_orbiter,rover_1,orbiter_5,1930020,1930680
rover_orbiter,rover_1,orbiter_5,1975320,1976010
rover_orbiter,rover_1,orbiter_5,2015250,2015520
rover_orbiter,rover_1,orbiter_5,2022120,2022690
rover_orbiter,rover_1,orbiter_5,2060430,2060880
rover_orbiter,rover_1,orbiter_5,2067480,2067900
rover_orbiter,rover_1,orbiter_5,2107080,2107740
rover_orbiter,rover_1,orbiter_5,2152380,2153070
rover_orbiter,rover_1,orbiter_5,2192370,2192520
rover_orbiter,rover_1,orbiter_5,2199180,2199780
rover_orbiter,rover_1,orbiter_5,2237490,2237940
rover_orbiter,rover_1,orbiter_5,2244540,2244990
rover_orbiter,rover_1,orbiter_5,2284140,2284800
rover_orbiter,rover_1,orbiter_5,2329440,2330130
rover_orbiter,rover_1,orbiter_5,2376240,2376840
rover_orbiter,rover_1,orbiter_5,2414580,2414970
rover_orbiter,rover_1,orbiter_5,2421570,2422080
rover_orbiter,rover_1,orbiter_5,2461230,2461860
rover_orbiter,rover_1,orbiter_5,2506500,2507190
rover_orbiter,rover_1,orbiter_5,2553300,2553900
rover_orbiter,rover_1,orbiter_5,2591670,2592000
rover_orbiter,rover_1,orbiter_6,26940,27540
rover_orbiter,rover_1,orbiter_6,66690,67230
rover_orbiter,rover_1,orbiter_6,73890,74130
rover_orbiter,rover_1,orbiter_6,111930,112590
rover_orbiter,rover_1,orbiter_6,158670,159360
rover_orbiter,rover_1,orbiter_6,204000,204630
rover_orbiter,rover_1,orbiter_6,243750,244290
rover_orbiter,rover_1,orbiter_6,250920,251220
rover_orbiter,rover_1,orbiter_6,288990,289620
rover_orbiter,rover_1,orbiter_6,335730,336420
rover_orbiter,rover_1,orbiter_6,381060,381690
rover_orbiter,rover_1,orbiter_6,420840,421350
rover_orbiter,rover_1,orbiter_6,427950,428310
rover_orbiter,rover_1,orbiter_6,466080,466680
rover_orbiter,rover_1,orbiter_6,512790,513480
rover_orbiter,rover_1,orbiter_6,558120,558780
rover_orbiter,rover_1,orbiter_6,597900,598410
rover_orbiter,rover_1,orbiter_6,604980,605400
rover_orbiter,rover_1,orbiter_6,643140,643740
rover_orbiter,rover_1,orbiter_6,650460,650490
rover_orbiter,rover_1,orbiter_6,689850,690540
rover_orbiter,rover_1,orbiter_6,735180,735840
rover_orbiter,rover_1,orbiter_6,774990,775440
rover_orbiter,rover_1,orbiter_6,782040,782490
rover_orbiter,rover_1,orbiter_6,820230,820800
rover_orbiter,rover_1,orbiter_6,827430,827640
rover_orbiter,rover_1,orbiter_6,866910,867600
rover_orbiter,rover_1,orbiter_6,912240,912900
rover_orbiter,rover_1,orbiter_6,952080,952500
rover_orbiter,rover_1,orbiter_6,959070,959580
rover_orbiter,rover_1,orbiter_6,997290,997860
rover_orbiter,rover_1,orbiter_6,1004460,1004730
rover_orbiter,rover_1,orbiter_6,1043970,1044660
rover_orbiter,rover_1,orbiter_6,1089300,1089960
rover_orbiter,rover_1,orbiter_6,1129170,1129530
rover_orbiter,rover_1,orbiter_6,1136130,1136640
rover_orbiter,rover_1,orbiter_6,1174380,1174890
rover_orbiter,rover_1,orbiter_6,1181490,1181850
rover_orbiter,rover_1,orbiter_6,1221060,1221720
rover_orbiter,rover_1,orbiter_6,1266360,1267050
rover_orbiter,rover_1,orbiter_6,1306260,1306560
rover_orbiter,rover_1,orbiter_6,1313190,1313730
rover_orbiter,rover_1,orbiter_6,1351440,1351950
rover_orbiter,rover_1,orbiter_6,1358550,1358940
rover_orbiter,rover_1,orbiter_6,1398120,1398780
rover_orbiter,rover_1,orbiter_6,1443420,1444110
rover_orbiter,rover_1,orbiter_6,1483350,1483590
rover_orbiter,rover_1,orbiter_6,1490220,1490790
rover_orbiter,rover_1,orbiter_6,1528530,1529010
rover_orbiter,rover_1,orbiter_6,1535580,1536030
rover_orbiter,rover_1,orbiter_6,1575180,1575840
rover_orbiter,rover_1,orbiter_6,1620480,1621170
rover_orbiter,rover_1,orbiter_6,1660470,1660620
rover_orbiter,rover_1,orbiter_6,1667280,1667880
rover_orbiter,rover_1,orbiter_6,1705590,1706040
rover_orbiter,rover_1,orbiter_6,1712640,1713090
rover_orbiter,rover_1,orbiter_6,1752240,1752900
rover_orbiter,rover_1,orbiter_6,1797540,1798230
rover_orbiter,rover_1,orbiter_6,1844340,1844940
rover_orbiter,rover_1,orbiter_6,1882680,1883070
rover_orbiter,rover_1,orbiter_6,1889670,1890180
rover_orbiter,rover_1,orbiter_6,1929330,1929960
rover_orbiter,rover_1,orbiter_6,1974600,1975290
rover_orbiter,rover_1,orbiter_6,2021400,2022000
rover_orbiter,rover_1,orbiter_6,2059770,2060130
rover_orbiter,rover_1,orbiter_6,2066730,2067270
rover_orbiter,rover_1,orbiter_6,2106390,2107020
rover_orbiter,rover_1,orbiter_6,2151660,2152350
rover_orbiter,rover_1,orbiter_6,2198460,2199090
rover_orbiter,rover_1,orbiter_6,2236860,2237160
rover_orbiter,rover_1,orbiter_6,2243790,2244330
rover_orbiter,rover_1,orbiter_6,2283450,2284080
rover_orbiter,rover_1,orbiter_6,2328750,2329410
rover_orbiter,rover_1,orbiter_6,2375490,2376150
rover_orbiter,rover_1,orbiter_6,2413980,2414160
rover_orbiter,rover_1,orbiter_6,2420850,2421420
rover_orbiter,rover_1,orbiter_6,2460540,2461140
rover_orbiter,rover_1,orbiter_6,2505810,2506470
rover_orbiter,rover_1,orbiter_6,2552550,2553210
rover_orbiter,rover_1,orbiter_7,26220,26880
rover_orbiter,rover_1,orbiter_7,66030,66510
rover_orbiter,rover_1,orbiter_7,73080,73500
rover_orbiter,rover_1,orbiter_7,111240,111840
rover_orbiter,rover_1,orbiter_7,118530,118620
rover_orbiter,rover_1,orbiter_7,157950,158640
rover_orbiter,rover_1,orbiter_7,203280,203940
rover_orbiter,rover_1,orbiter_7,243090,243540
rover_orbiter,rover_1,orbiter_7,250140,250590
rover_orbiter,rover_1,orbiter_7,288330,288900
rover_orbiter,rover_1,orbiter_7,295530,295740
rover_orbiter,rover_1,orbiter_7,335010,335700
rover_orbiter,rover_1,orbiter_7,380340,381000
rover_orbiter,rover_1,orbiter_7,420180,420600
rover_orbiter,rover_1,orbiter_7,427170,427680
rover_orbiter,rover_1,orbiter_7,465390,465960
rover_orbiter,rover_1,orbiter_7,472560,472860
rover_orbiter,rover_1,orbiter_7,512100,512760
rover_orbiter,rover_1,orbiter_7,557400,558060
rover_orbiter,rover_1,orbiter_7,597270,597630
rover_orbiter,rover_1,orbiter_7,604230,604740
rover_orbiter,rover_1,orbiter_7,642480,642990
rover_orbiter,rover_1,orbiter_7,649590,649950
rover_orbiter,rover_1,orbiter_7,689160,689820
rover_orbiter,rover_1,orbiter_7,734460,735150
rover_orbiter,rover_1,orbiter_7,774360,774660
rover_orbiter,rover_1,orbiter_7,781290,781830
rover_orbiter,rover_1,orbiter_7,819540,820050
rover_orbiter,rover_1,orbiter_7,826650,827040
rover_orbiter,rover_1,orbiter_7,866220,866910
rover_orbiter,rover_1,orbiter_7,911520,912210
rover_orbiter,rover_1,orbiter_7,951480,951690
rover_orbiter,rover_1,orbiter_7,958320,958890
rover_orbiter,rover_1,orbiter_7,996630,997110
rover_orbiter,rover_1,orbiter_7,1003680,1004130
rover_orbiter,rover_1,orbiter_7,1043280,1043970
rover_orbiter,rover_1,orbiter_7,1088580,1089270
rover_orbiter,rover_1,orbiter_7,1128600,1128720
rover_orbiter,rover_1,orbiter_7,1135380,1135980
rover_orbiter,rover_1,orbiter_7,1173720,1174140
rover_orbiter,rover_1,orbiter_7,1180740,1181220
rover_orbiter,rover_1,orbiter_7,1220370,1221030
rover_orbiter,rover_1,orbiter_7,1265640,1266330
rover_orbiter,rover_1,orbiter_7,1312440,1313040
rover_orbiter,rover_1,orbiter_7,1350810,1351170
rover_orbiter,rover_1,orbiter_7,1357770,1358280
rover_orbiter,rover_1,orbiter_7,1397430,1398090
rover_orbiter,rover_1,orbiter_7,1442700,1443390
rover_orbiter,rover_1,orbiter_7,1489500,1490130
rover_orbiter,rover_1,orbiter_7,1527900,1528200
rover_orbiter,rover_1,orbiter_7,1534830,1535370
rover_orbiter,rover_1,orbiter_7,1574490,1575150
rover_orbiter,rover_1,orbiter_7,1619790,1620450
rover_orbiter,rover_1,orbiter_7,1666560,1667190
rover_orbiter,rover_1,orbiter_7,1704990,1705230
rover_orbiter,rover_1,orbiter_7,1711890,1712430
rover_orbiter,rover_1,orbiter_7,1751580,1752180
rover_orbiter,rover_1,orbiter_7,1796850,1797510
rover_orbiter,rover_1,orbiter_7,1843620,1844250
rover_orbiter,rover_1,orbiter_7,1882110,1882260
rover_orbiter,rover_1,orbiter_7,1888950,1889520
rover_orbiter,rover_1,orbiter_7,1928640,1929240
rover_orbiter,rover_1,orbiter_7,1973910,1974570
rover_orbiter,rover_1,orbiter_7,2020680,2021340
rover_orbiter,rover_1,orbiter_7,2066010,2066580
rover_orbiter,rover_1,orbiter_7,2105700,2106300
rover_orbiter,rover_1,orbiter_7,2113050,2113080
rover_orbiter,rover_1,orbiter_7,2150970,2151630
rover_orbiter,rover_1,orbiter_7,2197740,2198400
rover_orbiter,rover_1,orbiter_7,2243040,2243670
rover_orbiter,rover_1,orbiter_7,2282790,2283360
rover_orbiter,rover_1,orbiter_7,2290020,2290230
rover_orbiter,rover_1,orbiter_7,2328060,2328690
rover_orbiter,rover_1,orbiter_7,2374800,2375460
rover_orbiter,rover_1,orbiter_7,2420100,2420730
rover_orbiter,rover_1,orbiter_7,2459880,2460420
rover_orbiter,rover_1,orbiter_7,2467050,2467350
rover_orbiter,rover_1,orbiter_7,2505120,2505750
rover_orbiter,rover_1,orbiter_7,2551860,2552520
rover_orbiter,rover_1,orbiter_8,25500,26190
rover_orbiter,rover_1,orbiter_8,65370,65730
rover_orbiter,rover_1,orbiter_8,72330,72870
rover_orbiter,rover_1,orbiter_8,110580,111090
rover_orbiter,rover_1,orbiter_8,117690,118050
rover_orbiter,rover_1,orbiter_8,157260,157950
rover_orbiter,rover_1,orbiter_8,202560,203250
rover_orbiter,rover_1,orbiter_8,242490,242760
rover_orbiter,rover_1,orbiter_8,249390,249930
rover_orbiter,rover_1,orbiter_8,287670,288150
rover_orbiter,rover_1,orbiter_8,294750,295140
rover_orbiter,rover_1,orbiter_8,334320,335010
rover_orbiter,rover_1,orbiter_8,379620,380310
rover_orbiter,rover_1,orbiter_8,419580,419790
rover_orbiter,rover_1,orbiter_8,426420,427020
rover_orbiter,rover_1,orbiter_8,464730,465210
rover_orbiter,rover_1,orbiter_8,471780,472230
rover_orbiter,rover_1,orbiter_8,511380,512070
rover_orbiter,rover_1,orbiter_8,556680,557370
rover_orbiter,rover_1,orbiter_8,596730,596790
rover_orbiter,rover_1,orbiter_8,603480,604080
rover_orbiter,rover_1,orbiter_8,641820,642240
rover_orbiter,rover_1,orbiter_8,648840,649320
rover_orbiter,rover_1,orbiter_8,688470,689130
rover_orbiter,rover_1,orbiter_8,733740,734430
rover_orbiter,rover_1,orbiter_8,780540,781140
rover_orbiter,rover_1,orbiter_8,818910,819270
rover_orbiter,rover_1,orbiter_8,825870,826410
rover_orbiter,rover_1,orbiter_8,865530,866190
rover_orbiter,rover_1,orbiter_8,910830,911490
rover_orbiter,rover_1,orbiter_8,957600,958230
rover_orbiter,rover_1,orbiter_8,996000,996300
rover_orbiter,rover_1,orbiter_8,1002930,1003470
rover_orbiter,rover_1,orbiter_8,1042590,1043250
rover_orbiter,rover_1,orbiter_8,1087890,1088550
rover_orbiter,rover_1,orbiter_8,1134660,1135290
rover_orbiter,rover_1,orbiter_8,1173090,1173330
rover_orbiter,rover_1,orbiter_8,1179990,1180560
rover_orbiter,rover_1,orbiter_8,1219680,1220310
rover_orbiter,rover_1,orbiter_8,1264950,1265610
rover_orbiter,rover_1,orbiter_8,1311720,1312350
rover_orbiter,rover_1,orbiter_8,1350210,1350360
rover_orbiter,rover_1,orbiter_8,1357050,1357620
rover_orbiter,rover_1,orbiter_8,1396740,1397340
rover_orbiter,rover_1,orbiter_8,1442010,1442670
rover_orbiter,rover_1,orbiter_8,1488780,1489440
rover_orbiter,rover_1,orbiter_8,1534110,1534710
rover_orbiter,rover_1,orbiter_8,1573830,1574400
rover_orbiter,rover_1,orbiter_8,1581120,1581210
rover_orbiter,rover_1,orbiter_8,1619070,1619730
rover_orbiter,rover_1,orbiter_8,1665840,1666500
rover_orbiter,rover_1,orbiter_8,1711140,1711770
rover_orbiter,rover_1,orbiter_8,1750890,1751460
rover_orbiter,rover_1,orbiter_8,1758120,1758330
rover_orbiter,rover_1,orbiter_8,1796160,1796790
rover_orbiter,rover_1,orbiter_8,1842900,1843560
rover_orbiter,rover_1,orbiter_8,1888200,1888860
rover_orbiter,rover_1,orbiter_8,1927980,1928520
rover_orbiter,rover_1,orbiter_8,1935150,1935450
rover_orbiter,rover_1,orbiter_8,1973220,1973850
rover_orbiter,rover_1,orbiter_8,2019960,2020620
rover_orbiter,rover_1,orbiter_8,2065260,2065920
rover_orbiter,rover_1,orbiter_8,2105040,2105580
rover_orbiter,rover_1,orbiter_8,2112180,2112540
rover_orbiter,rover_1,orbiter_8,2150280,2150910
rover_orbiter,rover_1,orbiter_8,2197020,2197710
rover_orbiter,rover_1,orbiter_8,2242320,2242980
rover_orbiter,rover_1,orbiter_8,2282130,2282610
rover_orbiter,rover_1,orbiter_8,2289210,2289630
rover_orbiter,rover_1,orbiter_8,2327370,2327970
rover_orbiter,rover_1,orbiter_8,2334690,2334690
rover_orbiter,rover_1,orbiter_8,2374080,2374770
rover_orbiter,rover_1,orbiter_8,2419380,2420040
rover_orbiter,rover_1,orbiter_8,2459220,2459670
rover_orbiter,rover_1,orbiter_8,2466270,2466720
rover_orbiter,rover_1,orbiter_8,2504430,2505030
rover_orbiter,rover_1,orbiter_8,2511660,2511840
rover_orbiter,rover_1,orbiter_8,2551140,2551830
rover_orbiter,rover_1,orbiter_9,24780,25470
rover_orbiter,rover_1,orbiter_9,64830,64890
rover_orbiter,rover_1,orbiter_9,71580,72180
rover_orbiter,rover_1,orbiter_9,109920,110340
rover_orbiter,rover_1,orbiter_9,116940,117420
rover_orbiter,rover_1,orbiter_9,156570,157230
rover_orbiter,rover_1,orbiter_9,201870,202530
rover_orbiter,rover_1,orbiter_9,248640,249270
rover_orbiter,rover_1,orbiter_9,287010,287370
rover_orbiter,rover_1,orbiter_9,293970,294510
rover_orbiter,rover_1,orbiter_9,333630,334290
rover_orbiter,rover_1,orbiter_9,378930,379590
rover_orbiter,rover_1,orbiter_9,425700,426330
rover_orbiter,rover_1,orbiter_9,464100,464400
rover_orbiter,rover_1,orbiter_9,471030,471570
rover_orbiter,rover_1,orbiter_9,510720,511350
rover_orbiter,rover_1,orbiter_9,555990,556650
rover_orbiter,rover_1,orbiter_9,602760,603390
rover_orbiter,rover_1,orbiter_9,641220,641430
rover_orbiter,rover_1,orbiter_9,648090,648660
rover_orbiter,rover_1,orbiter_9,687780,688410
rover_orbiter,rover_1,orbiter_9,733050,733710
rover_orbiter,rover_1,orbiter_9,779820,780480
rover_orbiter,rover_1,orbiter_9,818340,818430
rover_orbiter,rover_1,orbiter_9,825150,825720
rover_orbiter,rover_1,orbiter_9,864840,865470
rover_orbiter,rover_1,orbiter_9,910110,910770
rover_orbiter,rover_1,orbiter_9,956880,957540
rover_orbiter,rover_1,orbiter_9,1002210,1002810
rover_orbiter,rover_1,orbiter_9,1041930,1042500
rover_orbiter,rover_1,orbiter_9,1049220,1049340
rover_orbiter,rover_1,orbiter_9,1087200,1087830
rover_orbiter,rover_1,orbiter_9,1133940,1134600
rover_orbiter,rover_1,orbiter_9,1179270,1179870
rover_orbiter,rover_1,orbiter_9,1218990,1219560
rover_orbiter,rover_1,orbiter_9,1226220,1226460
rover_orbiter,rover_1,orbiter_9,1264260,1264890
rover_orbiter,rover_1,orbiter_9,1311000,1311660
rover_orbiter,rover_1,orbiter_9,1356300,1356960
rover_orbiter,rover_1,orbiter_9,1396080,1396620
rover_orbiter,rover_1,orbiter_9,1403250,1403550
rover_orbiter,rover_1,orbiter_9,1441320,1441950
rover_orbiter,rover_1,orbiter_9,1488060,1488750
rover_orbiter,rover_1,orbiter_9,1533360,1534020
rover_orbiter,rover_1,orbiter_9,1573170,1573680
rover_orbiter,rover_1,orbiter_9,1580280,1580640
rover_orbiter,rover_1,orbiter_9,1618410,1619010
rover_orbiter,rover_1,orbiter_9,1665120,1665810
rover_orbiter,rover_1,orbiter_9,1710420,1711080
rover_orbiter,rover_1,orbiter_9,1750230,1750710
rover_orbiter,rover_1,orbiter_9,1757310,1757730
rover_orbiter,rover_1,orbiter_9,1795470,1796070
rover_orbiter,rover_1,orbiter_9,1802760,1802820
rover_orbiter,rover_1,orbiter_9,1842180,1842870
rover_orbiter,rover_1,orbiter_9,1887480,1888170
rover_orbiter,rover_1,orbiter_9,1927320,1927770
rover_orbiter,rover_1,orbiter_9,1934370,1934820
rover_orbiter,rover_1,orbiter_9,1972530,1973130
rover_orbiter,rover_1,orbiter_9,1979760,1979970
rover_orbiter,rover_1,orbiter_9,2019240,2019930
rover_orbiter,rover_1,orbiter_9,2064540,2065230
rover_orbiter,rover_1,orbiter_9,2104410,2104800
rover_orbiter,rover_1,orbiter_9,2111400,2111880
rover_orbiter,rover_1,orbiter_9,2149620,2150160
rover_orbiter,rover_1,orbiter_9,2156790,2157060
rover_orbiter,rover_1,orbiter_9,2196300,2196990
rover_orbiter,rover_1,orbiter_9,2241600,2242290
rover_orbiter,rover_1,orbiter_9,2281500,2281860
rover_orbiter,rover_1,orbiter_9,2288460,2288970
rover_orbiter,rover_1,orbiter_9,2326680,2327220
rover_orbiter,rover_1,orbiter_9,2333820,2334180
rover_orbiter,rover_1,orbiter_9,2373360,2374050
rover_orbiter,rover_1,orbiter_9,2418690,2419350
rover_orbiter,rover_1,orbiter_9,2458590,2458890
rover_orbiter,rover_1,orbiter_9,2465490,2466060
rover_orbiter,rover_1,orbiter_9,2503770,2504280
rover_orbiter,rover_1,orbiter_9,2510850,2511270
rover_orbiter,rover_1,orbiter_9,2550450,2551110
rover_orbiter,rover_2,orbiter_0,10380,11070
rover_orbiter,rover_2,orbiter_0,56250,56880
rover_orbiter,rover_2,orbiter_0,95520,95940
rover_orbiter,rover_2,orbiter_0,102570,102960
rover_orbiter,rover_2,orbiter_0,141270,141870
rover_orbiter,rover_2,orbiter_0,187440,188130
rover_orbiter,rover_2,orbiter_0,233310,233940
rover_orbiter,rover_2,orbiter_0,272580,273000
rover_orbiter,rover_2,orbiter_0,279600,280050
rover_orbiter,rover_2,orbiter_0,318330,318930
rover_orbiter,rover_2,orbiter_0,364500,365190
rover_orbiter,rover_2,orbiter_0,410370,411000
rover_orbiter,rover_2,orbiter_0,449670,450030
rover_orbiter,rover_2,orbiter_0,456660,457140
rover_orbiter,rover_2,orbiter_0,495390,495990
rover_orbiter,rover_2,orbiter_0,541560,542250
rover_orbiter,rover_2,orbiter_0,587430,588090
rover_orbiter,rover_2,orbiter_0,626790,627060
rover_orbiter,rover_2,orbiter_0,633690,634200
rover_orbiter,rover_2,orbiter_0,672480,673050
rover_orbiter,rover_2,orbiter_0,718620,719310
rover_orbiter,rover_2,orbiter_0,764490,765150
rover_orbiter,rover_2,orbiter_0,803880,804090
rover_orbiter,rover_2,orbiter_0,810750,811290
rover_orbiter,rover_2,orbiter_0,849570,850110
rover_orbiter,rover_2,orbiter_0,856770,856950
rover_orbiter,rover_2,orbiter_0,895710,896370
rover_orbiter,rover_2,orbiter_0,941550,942210
rover_orbiter,rover_2,orbiter_0,987810,988380
rover_orbiter,rover_2,orbiter_0,1026630,1027140
rover_orbiter,rover_2,orbiter_0,1033770,1034070
rover_orbiter,rover_2,orbiter_0,1072770,1073430
rover_orbiter,rover_2,orbiter_0,1118610,1119270
rover_orbiter,rover_2,orbiter_0,1164870,1165440
rover_orbiter,rover_2,orbiter_0,1203720,1204200
rover_orbiter,rover_2,orbiter_0,1210830,1211160
rover_orbiter,rover_2,orbiter_0,1249830,1250490
rover_orbiter,rover_2,orbiter_0,1295670,1296360
rover_orbiter,rover_2,orbiter_0,1341900,1342530
rover_orbiter,rover_2,orbiter_0,1380810,1381230
rover_orbiter,rover_2,orbiter_0,1387860,1388250
rover_orbiter,rover_2,orbiter_0,1426890,1427550
rover_orbiter,rover_2,orbiter_0,1472730,1473420
rover_orbiter,rover_2,orbiter_0,1518960,1519590
rover_orbiter,rover_2,orbiter_0,1557870,1558290
rover_orbiter,rover_2,orbiter_0,1564890,1565340
rover_orbiter,rover_2,orbiter_0,1603980,1604610
rover_orbiter,rover_2,orbiter_0,1649790,1650480
rover_orbiter,rover_2,orbiter_0,1696020,1696650
rover_orbiter,rover_2,orbiter_0,1734960,1735320
rover_orbiter,rover_2,orbiter_0,1741950,1742430
rover_orbiter,rover_2,orbiter_0,1781040,1781670
rover_orbiter,rover_2,orbiter_0,1826850,1827540
rover_orbiter,rover_2,orbiter_0,1873080,1873740
rover_orbiter,rover_2,orbiter_0,1912080,1912350
rover_orbiter,rover_2,orbiter_0,1918980,1919490
rover_orbiter,rover_2,orbiter_0,1958130,1958730
rover_orbiter,rover_2,orbiter_0,2003910,2004600
rover_orbiter,rover_2,orbiter_0,2050140,2050800
rover_orbiter,rover_2,orbiter_0,2089170,2089350
rover_orbiter,rover_2,orbiter_0,2096040,2096580
rover_orbiter,rover_2,orbiter_0,2135190,2135760
rover_orbiter,rover_2,orbiter_0,2181000,2181660
rover_orbiter,rover_2,orbiter_0,2227200,2227860
rover_orbiter,rover_2,orbiter_0,2273100,2273670
rover_orbiter,rover_2,orbiter_0,2312280,2312820
rover_orbiter,rover_2,orbiter_0,2319540,2319660
rover_orbiter,rover_2,orbiter_0,2358060,2358720
rover_orbiter,rover_2,orbiter_0,2404260,2404920
rover_orbiter,rover_2,orbiter_0,2450160,2450730
rover_orbiter,rover_2,orbiter_0,2489340,2489880
rover_orbiter,rover_2,orbiter_0,2496540,2496780
rover_orbiter,rover_2,orbiter_0,2535120,2535780
rover_orbiter,rover_2,orbiter_0,2581320,2582010
rover_orbiter,rover_2,orbiter_1,9660,10350
rover_orbiter,rover_2,orbiter_1,55530,56190
rover_orbiter,rover_2,orbiter_1,94890,95160
rover_orbiter,rover_2,orbiter_1,101790,102330
rover_orbiter,rover_2,orbiter_1,140580,141150
rover_orbiter,rover_2,orbiter_1,147870,147930
rover_orbiter,rover_2,orbiter_1,186720,187410
rover_orbiter,rover_2,orbiter_1,232590,233250
rover_orbiter,rover_2,orbiter_1,272010,272190
rover_orbiter,rover_2,orbiter_1,278850,279390
rover_orbiter,rover_2,orbiter_1,317670,318210
rover_orbiter,rover_2,orbiter_1,324870,325080
rover_orbiter,rover_2,orbiter_1,363810,364470
rover_orbiter,rover_2,orbiter_1,409650,410310
rover_orbiter,rover_2,orbiter_1,455910,456480
rover_orbiter,rover_2,orbiter_1,494730,495240
rover_orbiter,rover_2,orbiter_1,501870,502170
rover_orbiter,rover_2,orbiter_1,540870,541530
rover_orbiter,rover_2,orbiter_1,586710,587400
rover_orbiter,rover_2,orbiter_1,632970,633540
rover_orbiter,rover_2,orbiter_1,671820,672300
rover_orbiter,rover_2,orbiter_1,678930,679260
rover_orbiter,rover_2,orbiter_1,717930,718590
rover_orbiter,rover_2,orbiter_1,763770,764460
rover_orbiter,rover_2,orbiter_1,810000,810630
rover_orbiter,rover_2,orbiter_1,848910,849330
rover_orbiter,rover_2,orbiter_1,855960,856350
rover_orbiter,rover_2,orbiter_1,895020,895650
rover_orbiter,rover_2,orbiter_1,940830,941520
rover_orbiter,rover_2,orbiter_1,987060,987690
rover_orbiter,rover_2,orbiter_1,1026000,1026390
rover_orbiter,rover_2,orbiter_1,1032990,1033440
rover_orbiter,rover_2,orbiter_1,1072080,1072710
rover_orbiter,rover_2,orbiter_1,1117890,1118580
rover_orbiter,rover_2,orbiter_1,1164120,1164780
rover_orbiter,rover_2,orbiter_1,1203090,1203420
rover_orbiter,rover_2,orbiter_1,1210050,1210530
rover_orbiter,rover_2,orbiter_1,1249140,1249770
rover_orbiter,rover_2,orbiter_1,1294950,1295640
rover_orbiter,rover_2,orbiter_1,1341180,1341840
rover_orbiter,rover_2,orbiter_1,1380180,1380450
rover_orbiter,rover_2,orbiter_1,1387080,1387620
rover_orbiter,rover_2,orbiter_1,1426230,1426830
rover_orbiter,rover_2,orbiter_1,1472040,1472700
rover_orbiter,rover_2,orbiter_1,1518240,1518900
rover_orbiter,rover_2,orbiter_1,1557300,1557450
rover_orbiter,rover_2,orbiter_1,1564140,1564680
rover_orbiter,rover_2,orbiter_1,1603290,1603860
rover_orbiter,rover_2,orbiter_1,1649100,1649760
rover_orbiter,rover_2,orbiter_1,1695300,1695960
rover_orbiter,rover_2,orbiter_1,1741200,1741770
rover_orbiter,rover_2,orbiter_1,1780380,1780920
rover_orbiter,rover_2,orbiter_1,1787610,1787760
rover_orbiter,rover_2,orbiter_1,1826160,1826820
rover_orbiter,rover_2,orbiter_1,1872360,1873050
rover_orbiter,rover_2,orbiter_1,1918260,1918830
rover_orbiter,rover_2,orbiter_1,1957470,1957980
rover_orbiter,rover_2,orbiter_1,1964640,1964880
rover_orbiter,rover_2,orbiter_1,2003220,2003880
rover_orbiter,rover_2,orbiter_1,2049420,2050110
rover_orbiter,rover_2,orbiter_1,2095290,2095920
rover_orbiter,rover_2,orbiter_1,2134530,2135010
rover_orbiter,rover_2,orbiter_1,2141670,2141970
rover_orbiter,rover_2,orbiter_1,2180310,2180940
rover_orbiter,rover_2,orbiter_1,2226480,2227170
rover_orbiter,rover_2,orbiter_1,2272350,2272980
rover_orbiter,rover_2,orbiter_1,2311620,2312070
rover_orbiter,rover_2,orbiter_1,2318700,2319060
rover_orbiter,rover_2,orbiter_1,2357370,2358000
rover_orbiter,rover_2,orbiter_1,2403540,2404230
rover_orbiter,rover_2,orbiter_1,2449410,2450070
rover_orbiter,rover_2,orbiter_1,2488710,2489100
rover_orbiter,rover_2,orbiter_1,2495730,2496150
rover_orbiter,rover_2,orbiter_1,2534460,2535060
rover_orbiter,rover_2,orbiter_1,2580600,2581290
rover_orbiter,rover_2,orbiter_2,8970,9630
rover_orbiter,rover_2,orbiter_2,54810,55500
rover_orbiter,rover_2,orbiter_2,101070,101640
rover_orbiter,rover_2,orbiter_2,139920,140400
rover_orbiter,rover_2,orbiter_2,147000,147390
rover_orbiter,rover_2,orbiter_2,186030,186690
rover_orbiter,rover_2,orbiter_2,231870,232560
rover_orbiter,rover_2,orbiter_2,278100,278730
rover_orbiter,rover_2,orbiter_2,317010,317430
rover_orbiter,rover_2,orbiter_2,324060,324480
rover_orbiter,rover_2,orbiter_2,363120,363750
rover_orbiter,rover_2,orbiter_2,408930,409620
rover_orbiter,rover_2,orbiter_2,455160,455790
rover_orbiter,rover_2,orbiter_2,494100,494490
rover_orbiter,rover_2,orbiter_2,501090,501570
rover_orbiter,rover_2,orbiter_2,540180,540810
rover_orbiter,rover_2,orbiter_2,585990,586680
rover_orbiter,rover_2,orbiter_2,632220,632880
rover_orbiter,rover_2,orbiter_2,671190,671520
rover_orbiter,rover_2,orbiter_2,678150,678630
rover_orbiter,rover_2,orbiter_2,717270,717870
rover_orbiter,rover_2,orbiter_2,763080,763740
rover_orbiter,rover_2,orbiter_2,809280,809940
rover_orbiter,rover_2,orbiter_2,848310,848550
rover_orbiter,rover_2,orbiter_2,855180,855720
rover_orbiter,rover_2,orbiter_2,894330,894930
rover_orbiter,rover_2,orbiter_2,940140,940800
rover_orbiter,rover_2,orbiter_2,986340,987000
rover_orbiter,rover_2,orbiter_2,1025430,1025550
rover_orbiter,rover_2,orbiter_2,1032240,1032810
rover_orbiter,rover_2,orbiter_2,1071420,1071960
rover_orbiter,rover_2,orbiter_2,1117200,1117860
rover_orbiter,rover_2,orbiter_2,1163400,1164090
rover_orbiter,rover_2,orbiter_2,1209300,1209870
rover_orbiter,rover_2,orbiter_2,1248480,1249020
rover_orbiter,rover_2,orbiter_2,1255710,1255890
rover_orbiter,rover_2,orbiter_2,1294260,1294920
rover_orbiter,rover_2,orbiter_2,1340460,1341150
rover_orbiter,rover_2,orbiter_2,1386360,1386960
rover_orbiter,rover_2,orbiter_2,1425570,1426080
rover_orbiter,rover_2,orbiter_2,1432710,1432980
rover_orbiter,rover_2,orbiter_2,1471350,1471980
rover_orbiter,rover_2,orbiter_2,1517520,1518210
rover_orbiter,rover_2,orbiter_2,1563420,1564020
rover_orbiter,rover_2,orbiter_2,1602630,1603110
rover_orbiter,rover_2,orbiter_2,1609740,1610100
rover_orbiter,rover_2,orbiter_2,1648410,1649040
rover_orbiter,rover_2,orbiter_2,1694580,1695270
rover_orbiter,rover_2,orbiter_2,1740450,1741080
rover_orbiter,rover_2,orbiter_2,1779720,1780170
rover_orbiter,rover_2,orbiter_2,1786800,1787190
rover_orbiter,rover_2,orbiter_2,1825470,1826100
rover_orbiter,rover_2,orbiter_2,1871640,1872330
rover_orbiter,rover_2,orbiter_2,1917510,1918170
rover_orbiter,rover_2,orbiter_2,1956810,1957200
rover_orbiter,rover_2,orbiter_2,1963830,1964280
rover_orbiter,rover_2,orbiter_2,2002560,2003160
rover_orbiter,rover_2,orbiter_2,2048730,2049390
rover_orbiter,rover_2,orbiter_2,2094570,2095230
rover_orbiter,rover_2,orbiter_2,2133900,2134260
rover_orbiter,rover_2,orbiter_2,2140890,2141340
rover_orbiter,rover_2,orbiter_2,2179620,2180220
rover_orbiter,rover_2,orbiter_2,2225790,2226480
rover_orbiter,rover_2,orbiter_2,2271630,2272290
rover_orbiter,rover_2,orbiter_2,2310990,2311290
rover_orbiter,rover_2,orbiter_2,2317920,2318430
rover_orbiter,rover_2,orbiter_2,2356710,2357280
rover_orbiter,rover_2,orbiter_2,2402850,2403540
rover_orbiter,rover_2,orbiter_2,2448690,2449380
rover_orbiter,rover_2,orbiter_2,2488110,2488320
rover_orbiter,rover_2,orbiter_2,2494980,2495520
rover_orbiter,rover_2,orbiter_2,2533770,2534310
rover_orbiter,rover_2,orbiter_2,2541000,2541180
rover_orbiter,rover_2,orbiter_2,2579910,2580600
rover_orbiter,rover_2,orbiter_3,8280,8910
rover_orbiter,rover_2,orbiter_3,54120,54780
rover_orbiter,rover_2,orbiter_3,100320,100980
rover_orbiter,rover_2,orbiter_3,139290,139620
rover_orbiter,rover_2,orbiter_3,146250,146760
rover_orbiter,rover_2,orbiter_3,185370,185970
rover_orbiter,rover_2,orbiter_3,231180,231840
rover_orbiter,rover_2,orbiter_3,277380,278040
rover_orbiter,rover_2,orbiter_3,316410,316620
rover_orbiter,rover_2,orbiter_3,323310,323820
rover_orbiter,rover_2,orbiter_3,362430,363030
rover_orbiter,rover_2,orbiter_3,408240,408900
rover_orbiter,rover_2,orbiter_3,454440,455100
rover_orbiter,rover_2,orbiter_3,493530,493620
rover_orbiter,rover_2,orbiter_3,500340,500910
rover_orbiter,rover_2,orbiter_3,539520,540090
rover_orbiter,rover_2,orbiter_3,585300,585960
rover_orbiter,rover_2,orbiter_3,631500,632190
rover_orbiter,rover_2,orbiter_3,677400,677970
rover_orbiter,rover_2,orbiter_3,716580,717120
rover_orbiter,rover_2,orbiter_3,723810,723990
rover_orbiter,rover_2,orbiter_3,762360,763020
rover_orbiter,rover_2,orbiter_3,808560,809250
rover_orbiter,rover_2,orbiter_3,854460,855060
rover_orbiter,rover_2,orbiter_3,893670,894180
rover_orbiter,rover_2,orbiter_3,900810,901110
rover_orbiter,rover_2,orbiter_3,939450,940080
rover_orbiter,rover_2,orbiter_3,985620,986310
rover_orbiter,rover_2,orbiter_3,1031520,1032120
rover_orbiter,rover_2,orbiter_3,1070760,1071240
rover_orbiter,rover_2,orbiter_3,1077840,1078200
rover_orbiter,rover_2,orbiter_3,1116510,1117140
rover_orbiter,rover_2,orbiter_3,1162680,1163370
rover_orbiter,rover_2,orbiter_3,1208580,1209210
rover_orbiter,rover_2,orbiter_3,1247820,1248270
rover_orbiter,rover_2,orbiter_3,1254900,1255290
rover_orbiter,rover_2,orbiter_3,1293570,1294200
rover_orbiter,rover_2,orbiter_3,1339770,1340430
rover_orbiter,rover_2,orbiter_3,1385610,1386270
rover_orbiter,rover_2,orbiter_3,1424910,1425300
rover_orbiter,rover_2,orbiter_3,1431930,1432380
rover_orbiter,rover_2,orbiter_3,1470660,1471260
rover_orbiter,rover_2,orbiter_3,1516830,1517520
rover_orbiter,rover_2,orbiter_3,1562670,1563330
rover_orbiter,rover_2,orbiter_3,1602000,1602360
rover_orbiter,rover_2,orbiter_3,1608990,1609470
rover_orbiter,rover_2,orbiter_3,1647720,1648320
rover_orbiter,rover_2,orbiter_3,1693890,1694580
rover_orbiter,rover_2,orbiter_3,1739730,1740420
rover_orbiter,rover_2,orbiter_3,1779120,1779390
rover_orbiter,rover_2,orbiter_3,1786020,1786530
rover_orbiter,rover_2,orbiter_3,1824810,1825380
rover_orbiter,rover_2,orbiter_3,1832100,1832160
rover_orbiter,rover_2,orbiter_3,1870950,1871640
rover_orbiter,rover_2,orbiter_3,1916790,1917480
rover_orbiter,rover_2,orbiter_3,1956210,1956390
rover_orbiter,rover_2,orbiter_3,1963080,1963620
rover_orbiter,rover_2,orbiter_3,2001870,2002410
rover_orbiter,rover_2,orbiter_3,2009070,2009280
rover_orbiter,rover_2,orbiter_3,2048010,2048700
rover_orbiter,rover_2,orbiter_3,2093850,2094540
rover_orbiter,rover_2,orbiter_3,2140140,2140680
rover_orbiter,rover_2,orbiter_3,2178960,2179470
rover_orbiter,rover_2,orbiter_3,2186100,2186400
rover_orbiter,rover_2,orbiter_3,2225100,2225760
rover_orbiter,rover_2,orbiter_3,2270940,2271600
rover_orbiter,rover_2,orbiter_3,2317170,2317770
rover_orbiter,rover_2,orbiter_3,2356050,2356500
rover_orbiter,rover_2,orbiter_3,2363130,2363490
rover_orbiter,rover_2,orbiter_3,2402160,2402820
rover_orbiter,rover_2,orbiter_3,2448000,2448660
rover_orbiter,rover_2,orbiter_3,2494230,2494830
rover_orbiter,rover_2,orbiter_3,2533110,2533560
rover_orbiter,rover_2,orbiter_3,2540190,2540580
rover_orbiter,rover_2,orbiter_3,2579220,2579880
rover_orbiter,rover_2,orbiter_4,7620,8190
rover_orbiter,rover_2,orbiter_4,14910,14970
rover_orbiter,rover_2,orbiter_4,53400,54090
rover_orbiter,rover_2,orbiter_4,99600,100290
rover_orbiter,rover_2,orbiter_4,145500,146070
rover_orbiter,rover_2,orbiter_4,184710,185220
rover_orbiter,rover_2,orbiter_4,191910,192120
rover_orbiter,rover_2,orbiter_4,230490,231150
rover_orbiter,rover_2,orbiter_4,276660,277350
rover_orbiter,rover_2,orbiter_4,322560,323160
rover_orbiter,rover_2,orbiter_4,361770,362280
rover_orbiter,rover_2,orbiter_4,368910,369210
rover_orbiter,rover_2,orbiter_4,407550,408180
rover_orbiter,rover_2,orbiter_4,453720,454410
rover_orbiter,rover_2,orbiter_4,499620,500220
rover_orbiter,rover_2,orbiter_4,538860,539340
rover_orbiter,rover_2,orbiter_4,545940,546300
rover_orbiter,rover_2,orbiter_4,584610,585240
rover_orbiter,rover_2,orbiter_4,630810,631470
rover_orbiter,rover_2,orbiter_4,676680,677310
rover_orbiter,rover_2,orbiter_4,715950,716370
rover_orbiter,rover_2,orbiter_4,723000,723390
rover_orbiter,rover_2,orbiter_4,761700,762300
rover_orbiter,rover_2,orbiter_4,807870,808560
rover_orbiter,rover_2,orbiter_4,853740,854370
rover_orbiter,rover_2,orbiter_4,893040,893400
rover_orbiter,rover_2,orbiter_4,900030,900480
rover_orbiter,rover_2,orbiter_4,938760,939360
rover_orbiter,rover_2,orbiter_4,984930,985620
rover_orbiter,rover_2,orbiter_4,1030800,1031430
rover_orbiter,rover_2,orbiter_4,1070130,1070460
rover_orbiter,rover_2,orbiter_4,1077090,1077570
rover_orbiter,rover_2,orbiter_4,1115850,1116420
rover_orbiter,rover_2,orbiter_4,1161990,1162680
rover_orbiter,rover_2,orbiter_4,1207830,1208520
rover_orbiter,rover_2,orbiter_4,1247220,1247490
rover_orbiter,rover_2,orbiter_4,1254120,1254660
rover_orbiter,rover_2,orbiter_4,1292910,1293480
rover_orbiter,rover_2,orbiter_4,1300170,1300260
rover_orbiter,rover_2,orbiter_4,1339050,1339740
rover_orbiter,rover_2,orbiter_4,1384920,1385580
rover_orbiter,rover_2,orbiter_4,1424340,1424490
rover_orbiter,rover_2,orbiter_4,1431180,1431720
rover_orbiter,rover_2,orbiter_4,1470000,1470510
rover_orbiter,rover_2,orbiter_4,1477170,1477410
rover_orbiter,rover_2,orbiter_4,1516140,1516800
rover_orbiter,rover_2,orbiter_4,1561980,1562640
rover_orbiter,rover_2,orbiter_4,1608240,1608810
rover_orbiter,rover_2,orbiter_4,1647060,1647570
rover_orbiter,rover_2,orbiter_4,1654200,1654500
rover_orbiter,rover_2,orbiter_4,1693200,1693860
rover_orbiter,rover_2,orbiter_4,1739040,1739700
rover_orbiter,rover_2,orbiter_4,1785270,1785870
rover_orbiter,rover_2,orbiter_4,1824150,1824600
rover_orbiter,rover_2,orbiter_4,1831230,1831590
rover_orbiter,rover_2,orbiter_4,1870260,1870920
rover_orbiter,rover_2,orbiter_4,1916100,1916790
rover_orbiter,rover_2,orbiter_4,1962330,1962960
rover_orbiter,rover_2,orbiter_4,2001240,2001660
rover_orbiter,rover_2,orbiter_4,2008290,2008680
rover_orbiter,rover_2,orbiter_4,2047320,2047980
rover_orbiter,rover_2,orbiter_4,2093160,2093850
rover_orbiter,rover_2,orbiter_4,2139390,2140020
rover_orbiter,rover_2,orbiter_4,2178330,2178690
rover_orbiter,rover_2,orbiter_4,2185320,2185770
rover_orbiter,rover_2,orbiter_4,2224410,2225040
rover_orbiter,rover_2,orbiter_4,2270220,2270910
rover_orbiter,rover_2,orbiter_4,2316450,2317080
rover_orbiter,rover_2,orbiter_4,2355420,2355720
rover_orbiter,rover_2,orbiter_4,2362380,2362860
rover_orbiter,rover_2,orbiter_4,2401470,2402100
rover_orbiter,rover_2,orbiter_4,2447280,2447970
rover_orbiter,rover_2,orbiter_4,2493510,2494170
rover_orbiter,rover_2,orbiter_4,2532510,2532750
rover_orbiter,rover_2,orbiter_4,2539410,2539950
rover_orbiter,rover_2,orbiter_4,2578560,2579130
rover_orbiter,rover_2,orbiter_5,6960,7440
rover_orbiter,rover_2,orbiter_5,14040,14430
rover_orbiter,rover_2,orbiter_5,52710,53340
rover_orbiter,rover_2,orbiter_5,98910,99600
rover_orbiter,rover_2,orbiter_5,144780,145410
rover_orbiter,rover_2,orbiter_5,184050,184470
rover_orbiter,rover_2,orbiter_5,191100,191520
rover_orbiter,rover_2,orbiter_5,229800,230400
rover_orbiter,rover_2,orbiter_5,275970,276660
rover_orbiter,rover_2,orbiter_5,321840,322470
rover_orbiter,rover_2,orbiter_5,361140,361500
rover_orbiter,rover_2,orbiter_5,368130,368580
rover_orbiter,rover_2,orbiter_5,406860,407460
rover_orbiter,rover_2,orbiter_5,453030,453720
rover_orbiter,rover_2,orbiter_5,498900,499560
rover_orbiter,rover_2,orbiter_5,538230,538560
rover_orbiter,rover_2,orbiter_5,545190,545670
rover_orbiter,rover_2,orbiter_5,583950,584520
rover_orbiter,rover_2,orbiter_5,630090,630780
rover_orbiter,rover_2,orbiter_5,675960,676620
rover_orbiter,rover_2,orbiter_5,715320,715590
rover_orbiter,rover_2,orbiter_5,722220,722760
rover_orbiter,rover_2,orbiter_5,761010,761580
rover_orbiter,rover_2,orbiter_5,768270,768390
rover_orbiter,rover_2,orbiter_5,807150,807840
rover_orbiter,rover_2,orbiter_5,853020,853680
rover_orbiter,rover_2,orbiter_5,892440,892590
rover_orbiter,rover_2,orbiter_5,899280,899820
rover_orbiter,rover_2,orbiter_5,938100,938610
rover_orbiter,rover_2,orbiter_5,945270,945510
rover_orbiter,rover_2,orbiter_5,984240,984900
rover_orbiter,rover_2,orbiter_5,1030080,1030740
rover_orbiter,rover_2,orbiter_5,1076340,1076910
rover_orbiter,rover_2,orbiter_5,1115160,1115670
rover_orbiter,rover_2,orbiter_5,1122300,1122630
rover_orbiter,rover_2,orbiter_5,1161300,1161960
rover_orbiter,rover_2,orbiter_5,1207140,1207830
rover_orbiter,rover_2,orbiter_5,1253370,1253970
rover_orbiter,rover_2,orbiter_5,1292250,1292730
rover_orbiter,rover_2,orbiter_5,1299330,1299720
rover_orbiter,rover_2,orbiter_5,1338360,1339020
rover_orbiter,rover_2,orbiter_5,1384200,1384890
rover_orbiter,rover_2,orbiter_5,1430430,1431060
rover_orbiter,rover_2,orbiter_5,1469340,1469760
rover_orbiter,rover_2,orbiter_5,1476390,1476810
rover_orbiter,rover_2,orbiter_5,1515450,1516080
rover_orbiter,rover_2,orbiter_5,1561260,1561950
rover_orbiter,rover_2,orbiter_5,1607490,1608120
rover_orbiter,rover_2,orbiter_5,1646430,1646790
rover_orbiter,rover_2,orbiter_5,1653420,1653870
rover_orbiter,rover_2,orbiter_5,1692510,1693140
rover_orbiter,rover_2,orbiter_5,1738320,1739010
rover_orbiter,rover_2,orbiter_5,1784550,1785210
rover_orbiter,rover_2,orbiter_5,1823520,1823820
rover_orbiter,rover_2,orbiter_5,1830480,1830960
rover_orbiter,rover_2,orbiter_5,1869570,1870200
rover_orbiter,rover_2,orbiter_5,1915380,1916070
rover_orbiter,rover_2,orbiter_5,1961610,1962270
rover_orbiter,rover_2,orbiter_5,2000640,2000850
rover_orbiter,rover_2,orbiter_5,2007510,2008050
rover_orbiter,rover_2,orbiter_5,2046660,2047230
rover_orbiter,rover_2,orbiter_5,2092470,2093130
rover_orbiter,rover_2,orbiter_5,2138670,2139330
rover_orbiter,rover_2,orbiter_5,2177760,2177850
rover_orbiter,rover_2,orbiter_5,2184570,2185110
rover_orbiter,rover_2,orbiter_5,2223720,2224290
rover_orbiter,rover_2,orbiter_5,2269530,2270190
rover_orbiter,rover_2,orbiter_5,2315730,2316390
rover_orbiter,rover_2,orbiter_5,2361630,2362200
rover_orbiter,rover_2,orbiter_5,2400810,2401350
rover_orbiter,rover_2,orbiter_5,2408010,2408220
rover_orbiter,rover_2,orbiter_5,2446590,2447250
rover_orbiter,rover_2,orbiter_5,2492790,2493480
rover_orbiter,rover_2,orbiter_5,2538660,2539260
rover_orbiter,rover_2,orbiter_5,2577900,2578410
rover_orbiter,rover_2,orbiter_5,2585040,2585310
rover_orbiter,rover_2,orbiter_6,6330,6660
rover_orbiter,rover_2,orbiter_6,13290,13770
rover_orbiter,rover_2,orbiter_6,52050,52620
rover_orbiter,rover_2,orbiter_6,98190,98880
rover_orbiter,rover_2,orbiter_6,144060,144720
rover_orbiter,rover_2,orbiter_6,183450,183660
rover_orbiter,rover_2,orbiter_6,190320,190860
rover_orbiter,rover_2,orbiter_6,229110,229680
rover_orbiter,rover_2,orbiter_6,236370,236520
rover_orbiter,rover_2,orbiter_6,275280,275940
rover_orbiter,rover_2,orbiter_6,321120,321780
rover_orbiter,rover_2,orbiter_6,360570,360660
rover_orbiter,rover_2,orbiter_6,367380,367950
rover_orbiter,rover_2,orbiter_6,406200,406710
rover_orbiter,rover_2,orbiter_6,413370,413640
rover_orbiter,rover_2,orbiter_6,452340,453000
rover_orbiter,rover_2,orbiter_6,498180,498870
rover_orbiter,rover_2,orbiter_6,544440,545010
rover_orbiter,rover_2,orbiter_6,583290,583770
rover_orbiter,rover_2,orbiter_6,590400,590730
rover_orbiter,rover_2,orbiter_6,629400,630060
rover_orbiter,rover_2,orbiter_6,675240,675930
rover_orbiter,rover_2,orbiter_6,721470,722100
rover_orbiter,rover_2,orbiter_6,760350,760830
rover_orbiter,rover_2,orbiter_6,767430,767820
rover_orbiter,rover_2,orbiter_6,806460,807120
rover_orbiter,rover_2,orbiter_6,852300,852990
rover_orbiter,rover_2,orbiter_6,898530,899160
rover_orbiter,rover_2,orbiter_6,937440,937860
rover_orbiter,rover_2,orbiter_6,944490,944910
rover_orbiter,rover_2,orbiter_6,983550,984180
rover_orbiter,rover_2,orbiter_6,1029360,1030050
rover_orbiter,rover_2,orbiter_6,1075590,1076220
rover_orbiter,rover_2,orbiter_6,1114530,1114890
rover_orbiter,rover_2,orbiter_6,1121520,1122000
rover_orbiter,rover_2,orbiter_6,1160610,1161240
rover_orbiter,rover_2,orbiter_6,1206420,1207110
rover_orbiter,rover_2,orbiter_6,1252650,1253310
rover_orbiter,rover_2,orbiter_6,1291620,1291920
rover_orbiter,rover_2,orbiter_6,1298580,1299060
rover_orbiter,rover_2,orbiter_6,1337700,1338300
rover_orbiter,rover_2,orbiter_6,1383510,1384170
rover_orbiter,rover_2,orbiter_6,1429710,1430370
rover_orbiter,rover_2,orbiter_6,1468740,1468950
rover_orbiter,rover_2,orbiter_6,1475610,1476150
rover_orbiter,rover_2,orbiter_6,1514760,1515360
rover_orbiter,rover_2,orbiter_6,1560570,1561230
rover_orbiter,rover_2,orbiter_6,1606770,1607430
rover_orbiter,rover_2,orbiter_6,1645890,1645950
rover_orbiter,rover_2,orbiter_6,1652670,1653240
rover_orbiter,rover_2,orbiter_6,1691850,1692390
rover_orbiter,rover_2,orbiter_6,1699140,1699170
rover_orbiter,rover_2,orbiter_6,1737630,1738290
rover_orbiter,rover_2,orbiter_6,1783830,1784520
rover_orbiter,rover_2,orbiter_6,1829730,1830300
rover_orbiter,rover_2,orbiter_6,1868910,1869450
rover_orbiter,rover_2,orbiter_6,1876110,1876320
rover_orbiter,rover_2,orbiter_6,1914690,1915350
rover_orbiter,rover_2,orbiter_6,1960890,1961580
rover_orbiter,rover_2,orbiter_6,2006790,2007390
rover_orbiter,rover_2,orbiter_6,2046000,2046510
rover_orbiter,rover_2,orbiter_6,2053140,2053440
rover_orbiter,rover_2,orbiter_6,2091780,2092410
rover_orbiter,rover_2,orbiter_6,2137950,2138640
rover_orbiter,rover_2,orbiter_6,2183820,2184450
rover_orbiter,rover_2,orbiter_6,2223090,2223540
rover_orbiter,rover_2,orbiter_6,2230170,2230530
rover_orbiter,rover_2,orbiter_6,2268840,2269470
rover_orbiter,rover_2,orbiter_6,2315010,2315700
rover_orbiter,rover_2,orbiter_6,2360880,2361510
rover_orbiter,rover_2,orbiter_6,2400150,2400600
rover_orbiter,rover_2,orbiter_6,2407200,2407620
rover_orbiter,rover_2,orbiter_6,2445900,2446530
rover_orbiter,rover_2,orbiter_6,2492070,2492760
rover_orbiter,rover_2,orbiter_6,2537940,2538600
rover_orbiter,rover_2,orbiter_6,2577240,2577630
rover_orbiter,rover_2,orbiter_6,2584260,2584710
rover_orbiter,rover_2,orbiter_7,12540,13110
rover_orbiter,rover_2,orbiter_7,51390,51870
rover_orbiter,rover_2,orbiter_7,58500,58830
rover_orbiter,rover_2,orbiter_7,97500,98160
rover_orbiter,rover_2,orbiter_7,143340,144030
rover_orbiter,rover_2,orbiter_7,189600,190200
rover_orbiter,rover_2,orbiter_7,228480,228930
rover_orbiter,rover_2,orbiter_7,235530,235920
rover_orbiter,rover_2,orbiter_7,274590,275220
rover_orbiter,rover_2,orbiter_7,320400,321090
rover_orbiter,rover_2,orbiter_7,366630,367260
rover_orbiter,rover_2,orbiter_7,405570,405960
rover_orbiter,rover_2,orbiter_7,412590,413010
rover_orbiter,rover_2,orbiter_7,451650,452280
rover_orbiter,rover_2,orbiter_7,497460,498150
rover_orbiter,rover_2,orbiter_7,543690,544350
rover_orbiter,rover_2,orbiter_7,582660,582990
rover_orbiter,rover_2,orbiter_7,589620,590100
rover_orbiter,rover_2,orbiter_7,628710,629340
rover_orbiter,rover_2,orbiter_7,674520,675210
rover_orbiter,rover_2,orbiter_7,720750,721410
rover_orbiter,rover_2,orbiter_7,759750,760020
rover_orbiter,rover_2,orbiter_7,766680,767190
rover_orbiter,rover_2,orbiter_7,805800,806400
rover_orbiter,rover_2,orbiter_7,851610,852270
rover_orbiter,rover_2,orbiter_7,897810,898470
rover_orbiter,rover_2,orbiter_7,936840,937050
rover_orbiter,rover_2,orbiter_7,943710,944250
rover_orbiter,rover_2,orbiter_7,982860,983460
rover_orbiter,rover_2,orbiter_7,1028670,1029330
rover_orbiter,rover_2,orbiter_7,1074870,1075530
rover_orbiter,rover_2,orbiter_7,1120770,1121340
rover_orbiter,rover_2,orbiter_7,1159950,1160490
rover_orbiter,rover_2,orbiter_7,1167210,1167300
rover_orbiter,rover_2,orbiter_7,1205730,1206390
rover_orbiter,rover_2,orbiter_7,1251930,1252620
rover_orbiter,rover_2,orbiter_7,1297830,1298400
rover_orbiter,rover_2,orbiter_7,1337010,1337550
rover_orbiter,rover_2,orbiter_7,1344210,1344450
rover_orbiter,rover_2,orbiter_7,1382790,1383450
rover_orbiter,rover_2,orbiter_7,1428990,1429680
rover_orbiter,rover_2,orbiter_7,1474890,1475490
rover_orbiter,rover_2,orbiter_7,1514100,1514610
rover_orbiter,rover_2,orbiter_7,1521240,1521540
rover_orbiter,rover_2,orbiter_7,1559880,1560510
rover_orbiter,rover_2,orbiter_7,1606050,1606740
rover_orbiter,rover_2,orbiter_7,1651920,1652550
rover_orbiter,rover_2,orbiter_7,1691190,1691640
rover_orbiter,rover_2,orbiter_7,1698270,1698630
rover_orbiter,rover_2,orbiter_7,1736940,1737570
rover_orbiter,rover_2,orbiter_7,1783110,1783800
rover_orbiter,rover_2,orbiter_7,1828980,1829640
rover_orbiter,rover_2,orbiter_7,1868280,1868700
rover_orbiter,rover_2,orbiter_7,1875300,1875720
rover_orbiter,rover_2,orbiter_7,1914000,1914630
rover_orbiter,rover_2,orbiter_7,1960200,1960860
rover_orbiter,rover_2,orbiter_7,2006040,2006700
rover_orbiter,rover_2,orbiter_7,2045370,2045730
rover_orbiter,rover_2,orbiter_7,2052360,2052810
rover_orbiter,rover_2,orbiter_7,2091090,2091690
rover_orbiter,rover_2,orbiter_7,2137260,2137920
rover_orbiter,rover_2,orbiter_7,2183100,2183760
rover_orbiter,rover_2,orbiter_7,2222460,2222760
rover_orbiter,rover_2,orbiter_7,2229390,2229900
rover_orbiter,rover_2,orbiter_7,2268150,2268750
rover_orbiter,rover_2,orbiter_7,2314320,2315010
rover_orbiter,rover_2,orbiter_7,2360160,2360850
rover_orbiter,rover_2,orbiter_7,2399550,2399790
rover_orbiter,rover_2,orbiter_7,2406450,2406960
rover_orbiter,rover_2,orbiter_7,2445240,2445780
rover_orbiter,rover_2,orbiter_7,2452500,2452620
rover_orbiter,rover_2,orbiter_7,2491380,2492070
rover_orbiter,rover_2,orbiter_7,2537220,2537910
rover_orbiter,rover_2,orbiter_7,2576670,2576820
rover_orbiter,rover_2,orbiter_7,2583510,2584050
rover_orbiter,rover_2,orbiter_8,11790,12450
rover_orbiter,rover_2,orbiter_8,50760,51090
rover_orbiter,rover_2,orbiter_8,57720,58200
rover_orbiter,rover_2,orbiter_8,96840,97440
rover_orbiter,rover_2,orbiter_8,142650,143310
rover_orbiter,rover_2,orbiter_8,188850,189510
rover_orbiter,rover_2,orbiter_8,227850,228120
rover_orbiter,rover_2,orbiter_8,234780,235290
rover_orbiter,rover_2,orbiter_8,273900,274500
rover_orbiter,rover_2,orbiter_8,319710,320370
rover_orbiter,rover_2,orbiter_8,365910,366570
rover_orbiter,rover_2,orbiter_8,404970,405150
rover_orbiter,rover_2,orbiter_8,411810,412350
rover_orbiter,rover_2,orbiter_8,450990,451560
rover_orbiter,rover_2,orbiter_8,496770,497430
rover_orbiter,rover_2,orbiter_8,542970,543660
rover_orbiter,rover_2,orbiter_8,588870,589440
rover_orbiter,rover_2,orbiter_8,628050,628590
rover_orbiter,rover_2,orbiter_8,635310,635430
rover_orbiter,rover_2,orbiter_8,673830,674490
rover_orbiter,rover_2,orbiter_8,720030,720720
rover_orbiter,rover_2,orbiter_8,765930,766530
rover_orbiter,rover_2,orbiter_8,805140,805650
rover_orbiter,rover_2,orbiter_8,812310,812550
rover_orbiter,rover_2,orbiter_8,850920,851550
rover_orbiter,rover_2,orbiter_8,897090,897780
rover_orbiter,rover_2,orbiter_8,942990,943590
rover_orbiter,rover_2,orbiter_8,982200,982710
rover_orbiter,rover_2,orbiter_8,989340,989640
rover_orbiter,rover_2,orbiter_8,1027980,1028610
rover_orbiter,rover_2,orbiter_8,1074150,1074840
rover_orbiter,rover_2,orbiter_8,1120050,1120650
rover_orbiter,rover_2,orbiter_8,1159290,1159740
rover_orbiter,rover_2,orbiter_8,1166370,1166760
rover_orbiter,rover_2,orbiter_8,1205040,1205670
rover_orbiter,rover_2,orbiter_8,1251240,1251900
rover_orbiter,rover_2,orbiter_8,1297080,1297740
rover_orbiter,rover_2,orbiter_8,1336380,1336800
rover_orbiter,rover_2,orbiter_8,1343400,1343820
rover_orbiter,rover_2,orbiter_8,1382130,1382730
rover_orbiter,rover_2,orbiter_8,1428300,1428990
rover_orbiter,rover_2,orbiter_8,1474140,1474800
rover_orbiter,rover_2,orbiter_8,1513470,1513830
rover_orbiter,rover_2,orbiter_8,1520460,1520910
rover_orbiter,rover_2,orbiter_8,1559190,1559790
rover_orbiter,rover_2,orbiter_8,1605360,1606050
rover_orbiter,rover_2,orbiter_8,1651200,1651860
rover_orbiter,rover_2,orbiter_8,1690560,1690860
rover_orbiter,rover_2,orbiter_8,1697490,1698000
rover_orbiter,rover_2,orbiter_8,1736280,1736850
rover_orbiter,rover_2,orbiter_8,1782420,1783110
rover_orbiter,rover_2,orbiter_8,1828260,1828950
rover_orbiter,rover_2,orbiter_8,1867650,1867890
rover_orbiter,rover_2,orbiter_8,1874550,1875090
rover_orbiter,rover_2,orbiter_8,1913340,1913880
rover_orbiter,rover_2,orbiter_8,1920570,1920720
rover_orbiter,rover_2,orbiter_8,1959480,1960170
rover_orbiter,rover_2,orbiter_8,2005320,2006010
rover_orbiter,rover_2,orbiter_8,2044800,2044890
rover_orbiter,rover_2,orbiter_8,2051610,2052150
rover_orbiter,rover_2,orbiter_8,2090430,2090940
rover_orbiter,rover_2,orbiter_8,2097600,2097840
rover_orbiter,rover_2,orbiter_8,2136540,2137230
rover_orbiter,rover_2,orbiter_8,2182380,2183070
rover_orbiter,rover_2,orbiter_8,2228640,2229240
rover_orbiter,rover_2,orbiter_8,2267490,2268000
rover_orbiter,rover_2,orbiter_8,2274630,2274930
rover_orbiter,rover_2,orbiter_8,2313630,2314290
rover_orbiter,rover_2,orbiter_8,2359470,2360130
rover_orbiter,rover_2,orbiter_8,2405700,2406300
rover_orbiter,rover_2,orbiter_8,2444580,2445030
rover_orbiter,rover_2,orbiter_8,2451660,2452050
rover_orbiter,rover_2,orbiter_8,2490690,2491350
rover_orbiter,rover_2,orbiter_8,2536530,2537220
rover_orbiter,rover_2,orbiter_8,2582760,2583390
rover_orbiter,rover_2,orbiter_9,11070,11760
rover_orbiter,rover_2,orbiter_9,56970,57540
rover_orbiter,rover_2,orbiter_9,96150,96690
rover_orbiter,rover_2,orbiter_9,103380,103560
rover_orbiter,rover_2,orbiter_9,141930,142620
rover_orbiter,rover_2,orbiter_9,188130,188820
rover_orbiter,rover_2,orbiter_9,234030,234630
rover_orbiter,rover_2,orbiter_9,273240,273750
rover_orbiter,rover_2,orbiter_9,280410,280650
rover_orbiter,rover_2,orbiter_9,319020,319680
rover_orbiter,rover_2,orbiter_9,365190,365880
rover_orbiter,rover_2,orbiter_9,411090,411690
rover_orbiter,rover_2,orbiter_9,450330,450810
rover_orbiter,rover_2,orbiter_9,457440,457770
rover_orbiter,rover_2,orbiter_9,496080,496710
rover_orbiter,rover_2,orbiter_9,542280,542940
rover_orbiter,rover_2,orbiter_9,588150,588780
rover_orbiter,rover_2,orbiter_9,627390,627840
rover_orbiter,rover_2,orbiter_9,634470,634860
rover_orbiter,rover_2,orbiter_9,673140,673770
rover_orbiter,rover_2,orbiter_9,719340,720030
rover_orbiter,rover_2,orbiter_9,765210,765840
rover_orbiter,rover_2,orbiter_9,804480,804900
rover_orbiter,rover_2,orbiter_9,811500,811950
rover_orbiter,rover_2,orbiter_9,850230,850830
rover_orbiter,rover_2,orbiter_9,896400,897090
rover_orbiter,rover_2,orbiter_9,942270,942900
rover_orbiter,rover_2,orbiter_9,981570,981930
rover_orbiter,rover_2,orbiter_9,988560,989040
rover_orbiter,rover_2,orbiter_9,1027290,1027890
rover_orbiter,rover_2,orbiter_9,1073460,1074150
rover_orbiter,rover_2,orbiter_9,1119330,1119990
rover_orbiter,rover_2,orbiter_9,1158660,1158960
rover_orbiter,rover_2,orbiter_9,1165590,1166100
rover_orbiter,rover_2,orbiter_9,1204380,1204950
rover_orbiter,rover_2,orbiter_9,1250520,1251210
rover_orbiter,rover_2,orbiter_9,1296390,1297050
rover_orbiter,rover_2,orbiter_9,1335780,1335990
rover_orbiter,rover_2,orbiter_9,1342650,1343190
rover_orbiter,rover_2,orbiter_9,1381440,1381980
rover_orbiter,rover_2,orbiter_9,1388670,1388850
rover_orbiter,rover_2,orbiter_9,1427580,1428270
rover_orbiter,rover_2,orbiter_9,1473450,1474110
rover_orbiter,rover_2,orbiter_9,1512930,1512990
rover_orbiter,rover_2,orbiter_9,1519710,1520250
rover_orbiter,rover_2,orbiter_9,1558530,1559040
rover_orbiter,rover_2,orbiter_9,1565700,1565970
rover_orbiter,rover_2,orbiter_9,1604670,1605330
rover_orbiter,rover_2,orbiter_9,1650510,1651170
rover_orbiter,rover_2,orbiter_9,1696740,1697340
rover_orbiter,rover_2,orbiter_9,1735620,1736100
rover_orbiter,rover_2,orbiter_9,1742730,1743060
rover_orbiter,rover_2,orbiter_9,1781730,1782390
rover_orbiter,rover_2,orbiter_9,1827570,1828260
rover_orbiter,rover_2,orbiter_9,1873800,1874400
rover_orbiter,rover_2,orbiter_9,1912680,1913130
rover_orbiter,rover_2,orbiter_9,1919760,1920150
rover_orbiter,rover_2,orbiter_9,1958790,1959450
rover_orbiter,rover_2,orbiter_9,2004630,2005320
rover_orbiter,rover_2,orbiter_9,2050860,2051490
rover_orbiter,rover_2,orbiter_9,2089770,2090190
rover_orbiter,rover_2,orbiter_9,2096790,2097240
rover_orbiter,rover_2,orbiter_9,2135880,2136510
rover_orbiter,rover_2,orbiter_9,2181690,2182380
rover_orbiter,rover_2,orbiter_9,2227920,2228550
rover_orbiter,rover_2,orbiter_9,2266860,2267220
rover_orbiter,rover_2,orbiter_9,2273850,2274330
rover_orbiter,rover_2,orbiter_9,2312940,2313570
rover_orbiter,rover_2,orbiter_9,2358750,2359440
rover_orbiter,rover_2,orbiter_9,2404980,2405640
rover_orbiter,rover_2,orbiter_9,2443950,2444250
rover_orbiter,rover_2,orbiter_9,2450880,2451390
rover_orbiter,rover_2,orbiter_9,2490000,2490600
rover_orbiter,rover_2,orbiter_9,2535810,2536500
rover_orbiter,rover_2,orbiter_9,2582040,2582700
