link_type,node_a,node_b,window_start_s,window_end_s
orbiter_earth,orbiter_0,earth,0,2280
orbiter_earth,orbiter_0,earth,4800,9360
orbiter_earth,orbiter_0,earth,11880,16440
orbiter_earth,orbiter_0,earth,18960,23520
orbiter_earth,orbiter_0,earth,26040,30600
orbiter_earth,orbiter_0,earth,33120,37680
orbiter_earth,orbiter_0,earth,40230,44760
orbiter_earth,orbiter_0,earth,47310,51870
orbiter_earth,orbiter_0,earth,54390,58950
orbiter_earth,orbiter_0,earth,61470,66030
orbiter_earth,orbiter_0,earth,68550,73110
orbiter_earth,orbiter_0,earth,75630,80190
orbiter_earth,orbiter_0,earth,82710,87270
orbiter_earth,orbiter_0,earth,89790,94350
orbiter_earth,orbiter_0,earth,96870,101430
orbiter_earth,orbiter_0,earth,103950,108510
orbiter_earth,orbiter_0,earth,111030,115590
orbiter_earth,orbiter_0,earth,118110,122670
orbiter_earth,orbiter_0,earth,125220,129750
orbiter_earth,orbiter_0,earth,132300,136860
orbiter_earth,orbiter_0,earth,139380,143940
orbiter_earth,orbiter_0,earth,146460,151020
orbiter_earth,orbiter_0,earth,153540,158100
orbiter_earth,orbiter_0,earth,160620,165180
orbiter_earth,orbiter_0,earth,167700,172260
orbiter_earth,orbiter_0,earth,174780,179340
orbiter_earth,orbiter_0,earth,181860,186420
orbiter_earth,orbiter_0,earth,188940,193500
orbiter_earth,orbiter_0,earth,196020,200580
orbiter_earth,orbiter_0,earth,203100,207660
orbiter_earth,orbiter_0,earth,210210,214740
orbiter_earth,orbiter_0,earth,217290,221850
orbiter_earth,orbiter_0,earth,224370,228930
orbiter_earth,orbiter_0,earth,231450,236010
orbiter_earth,orbiter_0,earth,238530,243090
orbiter_earth,orbiter_0,earth,245610,250170
orbiter_earth,orbiter_0,earth,252690,257250
orbiter_earth,orbiter_0,earth,259770,264330
orbiter_earth,orbiter_0,earth,266850,271410
orbiter_earth,orbiter_0,earth,273930,278490
orbiter_earth,orbiter_0,earth,281010,285570
orbiter_earth,orbiter_0,earth,288090,292650
orbiter_earth,orbiter_0,earth,295200,299730
orbiter_earth,orbiter_0,earth,302280,306840
orbiter_earth,orbiter_0,earth,309360,313920
orbiter_earth,orbiter_0,earth,316440,321000
orbiter_earth,orbiter_0,earth,323520,328080
orbiter_earth,orbiter_0,earth,330600,335160
orbiter_earth,orbiter_0,earth,337680,342240
orbiter_earth,orbiter_0,earth,344760,349320
orbiter_earth,orbiter_0,earth,351840,356400
orbiter_earth,orbiter_0,earth,358920,363480
orbiter_earth,orbiter_0,earth,366000,370560
orbiter_earth,orbiter_0,earth,373080,377640
orbiter_earth,orbiter_0,earth,380190,384720
orbiter_earth,orbiter_0,earth,387270,391830
orbiter_earth,orbiter_0,earth,394350,398910
orbiter_earth,orbiter_0,earth,401430,405990
orbiter_earth,orbiter_0,earth,408510,413070
orbiter_earth,orbiter_0,earth,415590,420150
orbiter_earth,orbiter_0,earth,422670,427230
orbiter_earth,orbiter_0,earth,429750,434310
orbiter_earth,orbiter_0,earth,436830,441390
orbiter_earth,orbiter_0,earth,443910,448470
orbiter_earth,orbiter_0,earth,450990,455550
orbiter_earth,orbiter_0,earth,458070,462630
orbiter_earth,orbiter_0,earth,465180,469710
orbiter_earth,orbiter_0,earth,472260,476820
orbiter_earth,orbiter_0,earth,479340,483900
orbiter_earth,orbiter_0,earth,486420,490980
orbiter_earth,orbiter_0,earth,493500,498060
orbiter_earth,orbiter_0,earth,500580,505140
orbiter_earth,orbiter_0,earth,507660,512220
orbiter_earth,orbiter_0,earth,514740,519300
orbiter_earth,orbiter_0,earth,521820,526380
orbiter_earth,orbiter_0,earth,528900,533460
orbiter_earth,orbiter_0,earth,535980,540540
orbiter_earth,orbiter_0,earth,543060,547620
orbiter_earth,orbiter_0,earth,550170,554700
orbiter_earth,orbiter_0,earth,557250,561810
orbiter_earth,orbiter_0,earth,564330,568890
orbiter_earth,orbiter_0,earth,571410,575970
orbiter_earth,orbiter_0,earth,578490,583050
orbiter_earth,orbiter_0,earth,585570,590130
orbiter_earth,orbiter_0,earth,592650,597210
orbiter_earth,orbiter_0,earth,599730,604290
orbiter_earth,orbiter_0,earth,606810,611370
orbiter_earth,orbiter_0,earth,613890,618450
orbiter_earth,orbiter_0,earth,620970,625530
orbiter_earth,orbiter_0,earth,628050,632610
orbiter_earth,orbiter_0,earth,635160,639690
orbiter_earth,orbiter_0,earth,642240,646800
orbiter_earth,orbiter_0,earth,649320,653880
orbiter_earth,orbiter_0,earth,656400,660960
orbiter_earth,orbiter_0,earth,663480,668040
orbiter_earth,orbiter_0,earth,670560,675120
orbiter_earth,orbiter_0,earth,677640,682200
orbiter_earth,orbiter_0,earth,684720,689280
orbiter_earth,orbiter_0,earth,691800,696360
orbiter_earth,orbiter_0,earth,698880,703440
orbiter_earth,orbiter_0,earth,705960,710520
orbiter_earth,orbiter_0,earth,713040,717600
orbiter_earth,orbiter_0,earth,720150,724680
orbiter_earth,orbiter_0,earth,727230,731790
orbiter_earth,orbiter_0,earth,734310,738870
orbiter_earth,orbiter_0,earth,741390,745950
orbiter_earth,orbiter_0,earth,748470,753030
orbiter_earth,orbiter_0,earth,755550,760110
orbiter_earth,orbiter_0,earth,762630,767190
orbiter_earth,orbiter_0,earth,769710,774270
orbiter_earth,orbiter_0,earth,776790,781350
orbiter_earth,orbiter_0,earth,783870,788430
orbiter_earth,orbiter_0,earth,790950,795510
orbiter_earth,orbiter_0,earth,798030,802590
orbiter_earth,orbiter_0,earth,805140,809670
orbiter_earth,orbiter_0,earth,812220,816780
orbiter_earth,orbiter_0,earth,819300,823860
orbiter_earth,orbiter_0,earth,826380,830940
orbiter_earth,orbiter_0,earth,833460,838020
orbiter_earth,orbiter_0,earth,840540,845100
orbiter_earth,orbiter_0,earth,847620,852180
orbiter_earth,orbiter_0,earth,854700,859260
orbiter_earth,orbiter_0,earth,861780,866340
orbiter_earth,orbiter_0,earth,868860,873420
orbiter_earth,orbiter_0,earth,875940,880500
orbiter_earth,orbiter_0,earth,883050,887580
orbiter_earth,orbiter_0,earth,890130,894660
orbiter_earth,orbiter_0,earth,897210,901770
orbiter_earth,orbiter_0,earth,904290,908850
orbiter_earth,orbiter_0,earth,911370,915930
orbiter_earth,orbiter_0,earth,918450,923010
orbiter_earth,orbiter_0,earth,925530,930090
orbiter_earth,orbiter_0,earth,932610,937170
orbiter_earth,orbiter_0,earth,939690,944250
orbiter_earth,orbiter_0,earth,946770,951330
orbiter_earth,orbiter_0,earth,953850,958410
orbiter_earth,orbiter_0,earth,960930,965490
orbiter_earth,orbiter_0,earth,968040,972570
orbiter_earth,orbiter_0,earth,975120,979650
orbiter_earth,orbiter_0,earth,982200,986760
orbiter_earth,orbiter_0,earth,989280,993840
orbiter_earth,orbiter_0,earth,996360,1000920
orbiter_earth,orbiter_0,earth,1003440,1008000
orbiter_earth,orbiter_0,earth,1010520,1015080
orbiter_earth,orbiter_0,earth,1017600,1022160
orbiter_earth,orbiter_0,earth,1024680,1029240
orbiter_earth,orbiter_0,earth,1031760,1036320
orbiter_earth,orbiter_0,earth,1038840,1043400
orbiter_earth,orbiter_0,earth,1045920,1050480
orbiter_earth,orbiter_0,earth,1053030,1057560
orbiter_earth,orbiter_0,earth,1060110,1064640
orbiter_earth,orbiter_0,earth,1067190,1071750
orbiter_earth,orbiter_0,earth,1074270,1078830
orbiter_earth,orbiter_0,earth,1081350,1085910
orbiter_earth,orbiter_0,earth,1088430,1092990
orbiter_earth,orbiter_0,earth,1095510,1100070
orbiter_earth,orbiter_0,earth,1102590,1107150
orbiter_earth,orbiter_0,earth,1109670,1114230
orbiter_earth,orbiter_0,earth,1116750,1121310
orbiter_earth,orbiter_0,earth,1123830,1128390
orbiter_earth,orbiter_0,earth,1130910,1135470
orbiter_earth,orbiter_0,earth,1138020,1142550
orbiter_earth,orbiter_0,earth,1145100,1149630
orbiter_earth,orbiter_0,earth,1152180,1156740
orbiter_earth,orbiter_0,earth,1159260,1163820
orbiter_earth,orbiter_0,earth,1166340,1170900
orbiter_earth,orbiter_0,earth,1173420,1177980
orbiter_earth,orbiter_0,earth,1180500,1185060
orbiter_earth,orbiter_0,earth,1187580,1192140
orbiter_earth,orbiter_0,earth,1194660,1199220
orbiter_earth,orbiter_0,earth,1201740,1206300
orbiter_earth,orbiter_0,earth,1208820,1213380
orbiter_earth,orbiter_0,earth,1215900,1220460
orbiter_earth,orbiter_0,earth,1223010,1227540
orbiter_earth,orbiter_0,earth,1230090,1234620
orbiter_earth,orbiter_0,earth,1237170,1241730
orbiter_earth,orbiter_0,earth,1244250,1248810
orbiter_earth,orbiter_0,earth,1251330,1255890
orbiter_earth,orbiter_0,earth,1258410,1262970
orbiter_earth,orbiter_0,earth,1265490,1270050
orbiter_earth,orbiter_0,earth,1272570,1277130
orbiter_earth,orbiter_0,earth,1279650,1284210
orbiter_earth,orbiter_0,earth,1286730,1291290
orbiter_earth,orbiter_0,earth,1293810,1298370
orbiter_earth,orbiter_0,earth,1300890,1305450
orbiter_earth,orbiter_0,earth,1308000,1312530
orbiter_earth,orbiter_0,earth,1315080,1319610
orbiter_earth,orbiter_0,earth,1322160,1326720
orbiter_earth,orbiter_0,earth,1329240,1333800
orbiter_earth,orbiter_0,earth,1336320,1340880
orbiter_earth,orbiter_0,earth,1343400,1347960
orbiter_earth,orbiter_0,earth,1350480,1355040
orbiter_earth,orbiter_0,earth,1357560,1362120
orbiter_earth,orbiter_0,earth,1364640,1369200
orbiter_earth,orbiter_0,earth,1371720,1376280
orbiter_earth,orbiter_0,earth,1378800,1383360
orbiter_earth,orbiter_0,earth,1385880,1390440
orbiter_earth,orbiter_0,earth,1392990,1397520
orbiter_earth,orbiter_0,earth,1400070,1404600
orbiter_earth,orbiter_0,earth,1407150,1411710
orbiter_earth,orbiter_0,earth,1414230,1418790
orbiter_earth,orbiter_0,earth,1421310,1425870
orbiter_earth,orbiter_0,earth,1428390,1432950
orbiter_earth,orbiter_0,earth,1435470,1440030
orbiter_earth,orbiter_0,earth,1442550,1447110
orbiter_earth,orbiter_0,earth,1449630,1454190
orbiter_earth,orbiter_0,earth,1456710,1461270
orbiter_earth,orbiter_0,earth,1463790,1468350
orbiter_earth,orbiter_0,earth,1470870,1475430
orbiter_earth,orbiter_0,earth,1477980,1482510
orbiter_earth,orbiter_0,earth,1485060,1489590
orbiter_earth,orbiter_0,earth,1492140,1496700
orbiter_earth,orbiter_0,earth,1499220,1503780
orbiter_earth,orbiter_0,earth,1506300,1510860
orbiter_earth,orbiter_0,earth,1513380,1517940
orbiter_earth,orbiter_0,earth,1520460,1525020
orbiter_earth,orbiter_0,earth,1527540,1532100
orbiter_earth,orbiter_0,earth,1534620,1539180
orbiter_earth,orbiter_0,earth,1541700,1546260
orbiter_earth,orbiter_0,earth,1548780,1553340
orbiter_earth,orbiter_0,earth,1555860,1560420
orbiter_earth,orbiter_0,earth,1562970,1567500
orbiter_earth,orbiter_0,earth,1570050,1574580
orbiter_earth,orbiter_0,earth,1577130,1581690
orbiter_earth,orbiter_0,earth,1584210,1588770
orbiter_earth,orbiter_0,earth,1591290,1595850
orbiter_earth,orbiter_0,earth,1598370,1602930
orbiter_earth,orbiter_0,earth,1605450,1610010
orbiter_earth,orbiter_0,earth,1612530,1617090
orbiter_earth,orbiter_0,earth,1619610,1624170
orbiter_earth,orbiter_0,earth,1626690,1631250
orbiter_earth,orbiter_0,earth,1633770,1638330
orbiter_earth,orbiter_0,earth,1640850,1645410
orbiter_earth,orbiter_0,earth,1647960,1652490
orbiter_earth,orbiter_0,earth,1655040,1659570
orbiter_earth,orbiter_0,earth,1662120,1666680
orbiter_earth,orbiter_0,earth,1669200,1673760
orbiter_earth,orbiter_0,earth,1676280,1680840
orbiter_earth,orbiter_0,earth,1683360,1687920
orbiter_earth,orbiter_0,earth,1690440,1695000
orbiter_earth,orbiter_0,earth,1697520,1702080
orbiter_earth,orbiter_0,earth,1704600,1709160
orbiter_earth,orbiter_0,earth,1711680,1716240
orbiter_earth,orbiter_0,earth,1718760,1723320
orbiter_earth,orbiter_0,earth,1725840,1730400
orbiter_earth,orbiter_0,earth,1732950,1737480
orbiter_earth,orbiter_0,earth,1740030,1744560
orbiter_earth,orbiter_0,earth,1747110,1751670
orbiter_earth,orbiter_0,earth,1754190,1758750
orbiter_earth,orbiter_0,earth,1761270,1765830
orbiter_earth,orbiter_0,earth,1768350,1772910
orbiter_earth,orbiter_0,earth,1775430,1779990
orbiter_earth,orbiter_0,earth,1782510,1787070
orbiter_earth,orbiter_0,earth,1789590,1794150
orbiter_earth,orbiter_0,earth,1796670,1801230
orbiter_earth,orbiter_0,earth,1803750,1808310
orbiter_earth,orbiter_0,earth,1810830,1815390
orbiter_earth,orbiter_0,earth,1817940,1822470
orbiter_earth,orbiter_0,earth,1825020,1829550
orbiter_earth,orbiter_0,earth,1832100,1836660
orbiter_earth,orbiter_0,earth,1839180,1843740
orbiter_earth,orbiter_0,earth,1846260,1850820
orbiter_earth,orbiter_0,earth,1853340,1857900
orbiter_earth,orbiter_0,earth,1860420,1864980
orbiter_earth,orbiter_0,earth,1867500,1872060
orbiter_earth,orbiter_0,earth,1874580,1879140
orbiter_earth,orbiter_0,earth,1881660,1886220
orbiter_earth,orbiter_0,earth,1888740,1893300
orbiter_earth,orbiter_0,earth,1895820,1900380
orbiter_earth,orbiter_0,earth,1902930,1907460
orbiter_earth,orbiter_0,earth,1910010,1914540
orbiter_earth,orbiter_0,earth,1917090,1921650
orbiter_earth,orbiter_0,earth,1924170,1928730
orbiter_earth,orbiter_0,earth,1931250,1935810
orbiter_earth,orbiter_0,earth,1938330,1942890
orbiter_earth,orbiter_0,earth,1945410,1949970
orbiter_earth,orbiter_0,earth,1952490,1957050
orbiter_earth,orbiter_0,earth,1959570,1964130
orbiter_earth,orbiter_0,earth,1966650,1971210
orbiter_earth,orbiter_0,earth,1973730,1978290
orbiter_earth,orbiter_0,earth,1980810,1985370
orbiter_earth,orbiter_0,earth,1987920,1992450
orbiter_earth,orbiter_0,earth,1995000,1999530
orbiter_earth,orbiter_0,earth,2002080,2006640
orbiter_earth,orbiter_0,earth,2009160,2013720
orbiter_earth,orbiter_0,earth,2016240,2020800
orbiter_earth,orbiter_0,earth,2023320,2027880
orbiter_earth,orbiter_0,earth,2030400,2034960
orbiter_earth,orbiter_0,earth,2037480,2042040
orbiter_earth,orbiter_0,earth,2044560,2049120
orbiter_earth,orbiter_0,earth,2051640,2056200
orbiter_earth,orbiter_0,earth,2058720,2063280
orbiter_earth,orbiter_0,earth,2065800,2070360
orbiter_earth,orbiter_0,earth,2072910,2077440
orbiter_earth,orbiter_0,earth,2079990,2084550
orbiter_earth,orbiter_0,earth,2087070,2091630
orbiter_earth,orbiter_0,earth,2094150,2098710
orbiter_earth,orbiter_0,earth,2101230,2105790
orbiter_earth,orbiter_0,earth,2108310,2112870
orbiter_earth,orbiter_0,earth,2115390,2119950
orbiter_earth,orbiter_0,earth,2122470,2127030
orbiter_earth,orbiter_0,earth,2129550,2134110
orbiter_earth,orbiter_0,earth,2136630,2141190
orbiter_earth,orbiter_0,earth,2143710,2148270
orbiter_earth,orbiter_0,earth,2150790,2155350
orbiter_earth,orbiter_0,earth,2157900,2162430
orbiter_earth,orbiter_0,earth,2164980,2169540
orbiter_earth,orbiter_0,earth,2172060,2176620
orbiter_earth,orbiter_0,earth,2179140,2183700
orbiter_earth,orbiter_0,earth,2186220,2190780
orbiter_earth,orbiter_0,earth,2193300,2197860
orbiter_earth,orbiter_0,earth,2200380,2204940
orbiter_earth,orbiter_0,earth,2207460,2212020
orbiter_earth,orbiter_0,earth,2214540,2219100
orbiter_earth,orbiter_0,earth,2221620,2226180
orbiter_earth,orbiter_0,earth,2228700,2233260
orbiter_earth,orbiter_0,earth,2235780,2240340
orbiter_earth,orbiter_0,earth,2242890,2247420
orbiter_earth,orbiter_0,earth,2249970,2254530
orbiter_earth,orbiter_0,earth,2257050,2261610
orbiter_earth,orbiter_0,earth,2264130,2268690
orbiter_earth,orbiter_0,earth,2271210,2275770
orbiter_earth,orbiter_0,earth,2278290,2282850
orbiter_earth,orbiter_0,earth,2285370,2289930
orbiter_earth,orbiter_0,earth,2292450,2297010
orbiter_earth,orbiter_0,earth,2299530,2304090
orbiter_earth,orbiter_0,earth,2306610,2311170
orbiter_earth,orbiter_0,earth,2313690,2318250
orbiter_earth,orbiter_0,earth,2320770,2325330
orbiter_earth,orbiter_0,earth,2327880,2332410
orbiter_earth,orbiter_0,earth,2334960,2339520
orbiter_earth,orbiter_0,earth,2342040,2346600
orbiter_earth,orbiter_0,earth,2349120,2353680
orbiter_earth,orbiter_0,earth,2356200,2360760
orbiter_earth,orbiter_0,earth,2363280,2367840
orbiter_earth,orbiter_0,earth,2370360,2374920
orbiter_earth,orbiter_0,earth,2377440,2382000
orbiter_earth,orbiter_0,earth,2384520,2389080
orbiter_earth,orbiter_0,earth,2391600,2396160
orbiter_earth,orbiter_0,earth,2398680,2403240
orbiter_earth,orbiter_0,earth,2405760,2410320
orbiter_earth,orbiter_0,earth,2412870,2417400
orbiter_earth,orbiter_0,earth,2419950,2424510
orbiter_earth,orbiter_0,earth,2427030,2431590
orbiter_earth,orbiter_0,earth,2434110,2438670
orbiter_earth,orbiter_0,earth,2441190,2445750
orbiter_earth,orbiter_0,earth,2448270,2452830
orbiter_earth,orbiter_0,earth,2455350,2459910
orbiter_earth,orbiter_0,earth,2462430,2466990
orbiter_earth,orbiter_0,earth,2469510,2474070
orbiter_earth,orbiter_0,earth,2476590,2481150
orbiter_earth,orbiter_0,earth,2483670,2488230
orbiter_earth,orbiter_0,earth,2490750,2495310
orbiter_earth,orbiter_0,earth,2497860,2502390
orbiter_earth,orbiter_0,earth,2504940,2509500
orbiter_earth,orbiter_0,earth,2512020,2516580
orbiter_earth,orbiter_0,earth,2519100,2523660
orbiter_earth,orbiter_0,earth,2526180,2530740
orbiter_earth,orbiter_0,earth,2533260,2537820
orbiter_earth,orbiter_0,earth,2540340,2544900
orbiter_earth,orbiter_0,earth,2547420,2551980
orbiter_earth,orbiter_0,earth,2554500,2559060
orbiter_earth,orbiter_0,earth,2561580,2566140
orbiter_earth,orbiter_0,earth,2568660,2573220
orbiter_earth,orbiter_0,earth,2575740,2580300
orbiter_earth,orbiter_0,earth,2582850,2587380
orbiter_earth,orbiter_0,earth,2589930,2592000
orbiter_earth,orbiter_1,earth,0,1110
orbiter_earth,orbiter_1,earth,3630,8190
orbiter_earth,orbiter_1,earth,10710,15270
orbiter_earth,orbiter_1,earth,17790,22350
orbiter_earth,orbiter_1,earth,24870,29430
orbiter_earth,orbiter_1,earth,31950,36510
orbiter_earth,orbiter_1,earth,39030,43590
orbiter_earth,orbiter_1,earth,46110,50670
orbiter_earth,orbiter_1,earth,53190,57750
orbiter_earth,orbiter_1,earth,60270,64830
orbiter_earth,orbiter_1,earth,67380,71910
orbiter_earth,orbiter_1,earth,74460,79020
orbiter_earth,orbiter_1,earth,81540,86100
orbiter_earth,orbiter_1,earth,88620,93180
orbiter_earth,orbiter_1,earth,95700,100260
orbiter_earth,orbiter_1,earth,102780,107340
orbiter_earth,orbiter_1,earth,109860,114420
orbiter_earth,orbiter_1,earth,116940,121500
orbiter_earth,orbiter_1,earth,124020,128580
orbiter_earth,orbiter_1,earth,131100,135660
orbiter_earth,orbiter_1,earth,138180,142740
orbiter_earth,orbiter_1,earth,145260,149820
orbiter_earth,orbiter_1,earth,152370,156900
orbiter_earth,orbiter_1,earth,159450,164010
orbiter_earth,orbiter_1,earth,166530,171090
orbiter_earth,orbiter_1,earth,173610,178170
orbiter_earth,orbiter_1,earth,180690,185250
orbiter_earth,orbiter_1,earth,187770,192330
orbiter_earth,orbiter_1,earth,194850,199410
orbiter_earth,orbiter_1,earth,201930,206490
orbiter_earth,orbiter_1,earth,209010,213570
orbiter_earth,orbiter_1,earth,216090,220650
orbiter_earth,orbiter_1,earth,223170,227730
orbiter_earth,orbiter_1,earth,230250,234810
orbiter_earth,orbiter_1,earth,237360,241890
orbiter_earth,orbiter_1,earth,244440,249000
orbiter_earth,orbiter_1,earth,251520,256080
orbiter_earth,orbiter_1,earth,258600,263160
orbiter_earth,orbiter_1,earth,265680,270240
orbiter_earth,orbiter_1,earth,272760,277320
orbiter_earth,orbiter_1,earth,279840,284400
orbiter_earth,orbiter_1,earth,286920,291480
orbiter_earth,orbiter_1,earth,294000,298560
orbiter_earth,orbiter_1,earth,301080,305640
orbiter_earth,orbiter_1,earth,308160,312720
orbiter_earth,orbiter_1,earth,315240,319800
orbiter_earth,orbiter_1,earth,322350,326880
orbiter_earth,orbiter_1,earth,329430,333990
orbiter_earth,orbiter_1,earth,336510,341070
orbiter_earth,orbiter_1,earth,343590,348150
orbiter_earth,orbiter_1,earth,350670,355230
orbiter_earth,orbiter_1,earth,357750,362310
orbiter_earth,orbiter_1,earth,364830,369390
orbiter_earth,orbiter_1,earth,371910,376470
orbiter_earth,orbiter_1,earth,378990,383550
orbiter_earth,orbiter_1,earth,386070,390630
orbiter_earth,orbiter_1,earth,393150,397710
orbiter_earth,orbiter_1,earth,400230,404790
orbiter_earth,orbiter_1,earth,407340,411870
orbiter_earth,orbiter_1,earth,414420,418980
orbiter_earth,orbiter_1,earth,421500,426060
orbiter_earth,orbiter_1,earth,428580,433140
orbiter_earth,orbiter_1,earth,435660,440220
orbiter_earth,orbiter_1,earth,442740,447300
orbiter_earth,orbiter_1,earth,449820,454380
orbiter_earth,orbiter_1,earth,456900,461460
orbiter_earth,orbiter_1,earth,463980,468540
orbiter_earth,orbiter_1,earth,471060,475620
orbiter_earth,orbiter_1,earth,478140,482700
orbiter_earth,orbiter_1,earth,485220,489780
orbiter_earth,orbiter_1,earth,492330,496860
orbiter_earth,orbiter_1,earth,499410,503970
orbiter_earth,orbiter_1,earth,506490,511050
orbiter_earth,orbiter_1,earth,513570,518130
orbiter_earth,orbiter_1,earth,520650,525210
orbiter_earth,orbiter_1,earth,527730,532290
orbiter_earth,orbiter_1,earth,534810,539370
orbiter_earth,orbiter_1,earth,541890,546450
orbiter_earth,orbiter_1,earth,548970,553530
orbiter_earth,orbiter_1,earth,556050,560610
orbiter_earth,orbiter_1,earth,563130,567690
orbiter_earth,orbiter_1,earth,570210,574770
orbiter_earth,orbiter_1,earth,577320,581850
orbiter_earth,orbiter_1,earth,584400,588960
orbiter_earth,orbiter_1,earth,591480,596040
orbiter_earth,orbiter_1,earth,598560,603120
orbiter_earth,orbiter_1,earth,605640,610200
orbiter_earth,orbiter_1,earth,612720,617280
orbiter_earth,orbiter_1,earth,619800,624360
orbiter_earth,orbiter_1,earth,626880,631440
orbiter_earth,orbiter_1,earth,633960,638520
orbiter_earth,orbiter_1,earth,641040,645600
orbiter_earth,orbiter_1,earth,648120,652680
orbiter_earth,orbiter_1,earth,655200,659760
orbiter_earth,orbiter_1,earth,662310,666840
orbiter_earth,orbiter_1,earth,669390,673950
orbiter_earth,orbiter_1,earth,676470,681030
orbiter_earth,orbiter_1,earth,683550,688110
orbiter_earth,orbiter_1,earth,690630,695190
orbiter_earth,orbiter_1,earth,697710,702270
orbiter_earth,orbiter_1,earth,704790,709350
orbiter_earth,orbiter_1,earth,711870,716430
orbiter_earth,orbiter_1,earth,718950,723510
orbiter_earth,orbiter_1,earth,726030,730590
orbiter_earth,orbiter_1,earth,733110,737670
orbiter_earth,orbiter_1,earth,740190,744750
orbiter_earth,orbiter_1,earth,747300,751830
orbiter_earth,orbiter_1,earth,754380,758940
orbiter_earth,orbiter_1,earth,761460,766020
orbiter_earth,orbiter_1,earth,768540,773100
orbiter_earth,orbiter_1,earth,775620,780180
orbiter_earth,orbiter_1,earth,782700,787260
orbiter_earth,orbiter_1,earth,789780,794340
orbiter_earth,orbiter_1,earth,796860,801420
orbiter_earth,orbiter_1,earth,803940,808500
orbiter_earth,orbiter_1,earth,811020,815580
orbiter_earth,orbiter_1,earth,818100,822660
orbiter_earth,orbiter_1,earth,825180,829740
orbiter_earth,orbiter_1,earth,832290,836820
orbiter_earth,orbiter_1,earth,839370,843930
orbiter_earth,orbiter_1,earth,846450,851010
orbiter_earth,orbiter_1,earth,853530,858090
orbiter_earth,orbiter_1,earth,860610,865170
orbiter_earth,orbiter_1,earth,867690,872250
orbiter_earth,orbiter_1,earth,874770,879330
orbiter_earth,orbiter_1,earth,881850,886410
orbiter_earth,orbiter_1,earth,888930,893490
orbiter_earth,orbiter_1,earth,896010,900570
orbiter_earth,orbiter_1,earth,903090,907650
orbiter_earth,orbiter_1,earth,910170,914730
orbiter_earth,orbiter_1,earth,917280,921810
orbiter_earth,orbiter_1,earth,924360,928920
orbiter_earth,orbiter_1,earth,931440,936000
orbiter_earth,orbiter_1,earth,938520,943080
orbiter_earth,orbiter_1,earth,945600,950160
orbiter_earth,orbiter_1,earth,952680,957240
orbiter_earth,orbiter_1,earth,959760,964320
orbiter_earth,orbiter_1,earth,966840,971400
orbiter_earth,orbiter_1,earth,973920,978480
orbiter_earth,orbiter_1,earth,981000,985560
orbiter_earth,orbiter_1,earth,988080,992640
orbiter_earth,orbiter_1,earth,995160,999720
orbiter_earth,orbiter_1,earth,1002270,1006800
orbiter_earth,orbiter_1,earth,1009350,1013910
orbiter_earth,orbiter_1,earth,1016430,1020990
orbiter_earth,orbiter_1,earth,1023510,1028070
orbiter_earth,orbiter_1,earth,1030590,1035150
orbiter_earth,orbiter_1,earth,1037670,1042230
orbiter_earth,orbiter_1,earth,1044750,1049310
orbiter_earth,orbiter_1,earth,1051830,1056390
orbiter_earth,orbiter_1,earth,1058910,1063470
orbiter_earth,orbiter_1,earth,1065990,1070550
orbiter_earth,orbiter_1,earth,1073070,1077630
orbiter_earth,orbiter_1,earth,1080150,1084710
orbiter_earth,orbiter_1,earth,1087260,1091790
orbiter_earth,orbiter_1,earth,1094340,1098900
orbiter_earth,orbiter_1,earth,1101420,1105980
orbiter_earth,orbiter_1,earth,1108500,1113060
orbiter_earth,orbiter_1,earth,1115580,1120140
orbiter_earth,orbiter_1,earth,1122660,1127220
orbiter_earth,orbiter_1,earth,1129740,1134300
orbiter_earth,orbiter_1,earth,1136820,1141380
orbiter_earth,orbiter_1,earth,1143900,1148460
orbiter_earth,orbiter_1,earth,1150980,1155540
orbiter_earth,orbiter_1,earth,1158060,1162620
orbiter_earth,orbiter_1,earth,1165140,1169700
orbiter_earth,orbiter_1,earth,1172250,1176780
orbiter_earth,orbiter_1,earth,1179330,1183890
orbiter_earth,orbiter_1,earth,1186410,1190970
orbiter_earth,orbiter_1,earth,1193490,1198050
orbiter_earth,orbiter_1,earth,1200570,1205130
orbiter_earth,orbiter_1,earth,1207650,1212210
orbiter_earth,orbiter_1,earth,1214730,1219290
orbiter_earth,orbiter_1,earth,1221810,1226370
orbiter_earth,orbiter_1,earth,1228890,1233450
orbiter_earth,orbiter_1,earth,1235970,1240530
orbiter_earth,orbiter_1,earth,1243050,1247610
orbiter_earth,orbiter_1,earth,1250130,1254690
orbiter_earth,orbiter_1,earth,1257240,1261770
orbiter_earth,orbiter_1,earth,1264320,1268880
orbiter_earth,orbiter_1,earth,1271400,1275960
orbiter_earth,orbiter_1,earth,1278480,1283040
orbiter_earth,orbiter_1,earth,1285560,1290120
orbiter_earth,orbiter_1,earth,1292640,1297200
orbiter_earth,orbiter_1,earth,1299720,1304280
orbiter_earth,orbiter_1,earth,1306800,1311360
orbiter_earth,orbiter_1,earth,1313880,1318440
orbiter_earth,orbiter_1,earth,1320960,1325520
orbiter_earth,orbiter_1,earth,1328040,1332600
orbiter_earth,orbiter_1,earth,1335150,1339680
orbiter_earth,orbiter_1,earth,1342230,1346760
orbiter_earth,orbiter_1,earth,1349310,1353870
orbiter_earth,orbiter_1,earth,1356390,1360950
orbiter_earth,orbiter_1,earth,1363470,1368030
orbiter_earth,orbiter_1,earth,1370550,1375110
orbiter_earth,orbiter_1,earth,1377630,1382190
orbiter_earth,orbiter_1,earth,1384710,1389270
orbiter_earth,orbiter_1,earth,1391790,1396350
orbiter_earth,orbiter_1,earth,1398870,1403430
orbiter_earth,orbiter_1,earth,1405950,1410510
orbiter_earth,orbiter_1,earth,1413030,1417590
orbiter_earth,orbiter_1,earth,1420140,1424670
orbiter_earth,orbiter_1,earth,1427220,1431750
orbiter_earth,orbiter_1,earth,1434300,1438860
orbiter_earth,orbiter_1,earth,1441380,1445940
orbiter_earth,orbiter_1,earth,1448460,1453020
orbiter_earth,orbiter_1,earth,1455540,1460100
orbiter_earth,orbiter_1,earth,1462620,1467180
orbiter_earth,orbiter_1,earth,1469700,1474260
orbiter_earth,orbiter_1,earth,1476780,1481340
orbiter_earth,orbiter_1,earth,1483860,1488420
orbiter_earth,orbiter_1,earth,1490940,1495500
orbiter_earth,orbiter_1,earth,1498020,1502580
orbiter_earth,orbiter_1,earth,1505130,1509660
orbiter_earth,orbiter_1,earth,1512210,1516740
orbiter_earth,orbiter_1,earth,1519290,1523850
orbiter_earth,orbiter_1,earth,1526370,1530930
orbiter_earth,orbiter_1,earth,1533450,1538010
orbiter_earth,orbiter_1,earth,1540530,1545090
orbiter_earth,orbiter_1,earth,1547610,1552170
orbiter_earth,orbiter_1,earth,1554690,1559250
orbiter_earth,orbiter_1,earth,1561770,1566330
orbiter_earth,orbiter_1,earth,1568850,1573410
orbiter_earth,orbiter_1,earth,1575930,1580490
orbiter_earth,orbiter_1,earth,1583010,1587570
orbiter_earth,orbiter_1,earth,1590120,1594650
orbiter_earth,orbiter_1,earth,1597200,1601730
orbiter_earth,orbiter_1,earth,1604280,1608840
orbiter_earth,orbiter_1,earth,1611360,1615920
orbiter_earth,orbiter_1,earth,1618440,1623000
orbiter_earth,orbiter_1,earth,1625520,1630080
orbiter_earth,orbiter_1,earth,1632600,1637160
orbiter_earth,orbiter_1,earth,1639680,1644240
orbiter_earth,orbiter_1,earth,1646760,1651320
orbiter_earth,orbiter_1,earth,1653840,1658400
orbiter_earth,orbiter_1,earth,1660920,1665480
orbiter_earth,orbiter_1,earth,1668000,1672560
orbiter_earth,orbiter_1,earth,1675110,1679640
orbiter_earth,orbiter_1,earth,1682190,1686720
orbiter_earth,orbiter_1,earth,1689270,1693830
orbiter_earth,orbiter_1,earth,1696350,1700910
orbiter_earth,orbiter_1,earth,1703430,1707990
orbiter_earth,orbiter_1,earth,1710510,1715070
orbiter_earth,orbiter_1,earth,1717590,1722150
orbiter_earth,orbiter_1,earth,1724670,1729230
orbiter_earth,orbiter_1,earth,1731750,1736310
orbiter_earth,orbiter_1,earth,1738830,1743390
orbiter_earth,orbiter_1,earth,1745910,1750470
orbiter_earth,orbiter_1,earth,1752990,1757550
orbiter_earth,orbiter_1,earth,1760100,1764630
orbiter_earth,orbiter_1,earth,1767180,1771710
orbiter_earth,orbiter_1,earth,1774260,1778820
orbiter_earth,orbiter_1,earth,1781340,1785900
orbiter_earth,orbiter_1,earth,1788420,1792980
orbiter_earth,orbiter_1,earth,1795500,1800060
orbiter_earth,orbiter_1,earth,1802580,1807140
orbiter_earth,orbiter_1,earth,1809660,1814220
orbiter_earth,orbiter_1,earth,1816740,1821300
orbiter_earth,orbiter_1,earth,1823820,1828380
orbiter_earth,orbiter_1,earth,1830900,1835460
orbiter_earth,orbiter_1,earth,1837980,1842540
orbiter_earth,orbiter_1,earth,1845090,1849620
orbiter_earth,orbiter_1,earth,1852170,1856700
orbiter_earth,orbiter_1,earth,1859250,1863810
orbiter_earth,orbiter_1,earth,1866330,1870890
orbiter_earth,orbiter_1,earth,1873410,1877970
orbiter_earth,orbiter_1,earth,1880490,1885050
orbiter_earth,orbiter_1,earth,1887570,1892130
orbiter_earth,orbiter_1,earth,1894650,1899210
orbiter_earth,orbiter_1,earth,1901730,1906290
orbiter_earth,orbiter_1,earth,1908810,1913370
orbiter_earth,orbiter_1,earth,1915890,1920450
orbiter_earth,orbiter_1,earth,1922970,1927530
orbiter_earth,orbiter_1,earth,1930080,1934610
orbiter_earth,orbiter_1,earth,1937160,1941690
orbiter_earth,orbiter_1,earth,1944240,1948800
orbiter_earth,orbiter_1,earth,1951320,1955880
orbiter_earth,orbiter_1,earth,1958400,1962960
orbiter_earth,orbiter_1,earth,1965480,1970040
orbiter_earth,orbiter_1,earth,1972560,1977120
orbiter_earth,orbiter_1,earth,1979640,1984200
orbiter_earth,orbiter_1,earth,1986720,1991280
orbiter_earth,orbiter_1,earth,1993800,1998360
orbiter_earth,orbiter_1,earth,2000880,2005440
orbiter_earth,orbiter_1,earth,2007960,2012520
orbiter_earth,orbiter_1,earth,2015070,2019600
orbiter_earth,orbiter_1,earth,2022150,2026680
orbiter_earth,orbiter_1,earth,2029230,2033790
orbiter_earth,orbiter_1,earth,2036310,2040870
orbiter_earth,orbiter_1,earth,2043390,2047950
orbiter_earth,orbiter_1,earth,2050470,2055030
orbiter_earth,orbiter_1,earth,2057550,2062110
orbiter_earth,orbiter_1,earth,2064630,2069190
orbiter_earth,orbiter_1,earth,2071710,2076270
orbiter_earth,orbiter_1,earth,2078790,2083350
orbiter_earth,orbiter_1,earth,2085870,2090430
orbiter_earth,orbiter_1,earth,2092950,2097510
orbiter_earth,orbiter_1,earth,2100060,2104590
orbiter_earth,orbiter_1,earth,2107140,2111670
orbiter_earth,orbiter_1,earth,2114220,2118780
orbiter_earth,orbiter_1,earth,2121300,2125860
orbiter_earth,orbiter_1,earth,2128380,2132940
orbiter_earth,orbiter_1,earth,2135460,2140020
orbiter_earth,orbiter_1,earth,2142540,2147100
orbiter_earth,orbiter_1,earth,2149620,2154180
orbiter_earth,orbiter_1,earth,2156700,2161260
orbiter_earth,orbiter_1,earth,2163780,2168340
orbiter_earth,orbiter_1,earth,2170860,2175420
orbiter_earth,orbiter_1,earth,2177940,2182500
orbiter_earth,orbiter_1,earth,2185050,2189580
orbiter_earth,orbiter_1,earth,2192130,2196660
orbiter_earth,orbiter_1,earth,2199210,2203770
orbiter_earth,orbiter_1,earth,2206290,2210850
orbiter_earth,orbiter_1,earth,2213370,2217930
orbiter_earth,orbiter_1,earth,2220450,2225010
orbiter_earth,orbiter_1,earth,2227530,2232090
orbiter_earth,orbiter_1,earth,2234610,2239170
orbiter_earth,orbiter_1,earth,2241690,2246250
orbiter_earth,orbiter_1,earth,2248770,2253330
orbiter_earth,orbiter_1,earth,2255850,2260410
orbiter_earth,orbiter_1,earth,2262930,2267490
orbiter_earth,orbiter_1,earth,2270040,2274570
orbiter_earth,orbiter_1,earth,2277120,2281650
orbiter_earth,orbiter_1,earth,2284200,2288760
orbiter_earth,orbiter_1,earth,2291280,2295840
orbiter_earth,orbiter_1,earth,2298360,2302920
orbiter_earth,orbiter_1,earth,2305440,2310000
orbiter_earth,orbiter_1,earth,2312520,2317080
orbiter_earth,orbiter_1,earth,2319600,2324160
orbiter_earth,orbiter_1,earth,2326680,2331240
orbiter_earth,orbiter_1,earth,2333760,2338320
orbiter_earth,orbiter_1,earth,2340840,2345400
orbiter_earth,orbiter_1,earth,2347920,2352480
orbiter_earth,orbiter_1,earth,2355030,2359560
orbiter_earth,orbiter_1,earth,2362110,2366640
orbiter_earth,orbiter_1,earth,2369190,2373750
orbiter_earth,orbiter_1,earth,2376270,2380830
orbiter_earth,orbiter_1,earth,2383350,2387910
orbiter_earth,orbiter_1,earth,2390430,2394990
orbiter_earth,orbiter_1,earth,2397510,2402070
orbiter_earth,orbiter_1,earth,2404590,2409150
orbiter_earth,orbiter_1,earth,2411670,2416230
orbiter_earth,orbiter_1,earth,2418750,2423310
orbiter_earth,orbiter_1,earth,2425830,2430390
orbiter_earth,orbiter_1,earth,2432910,2437470
orbiter_earth,orbiter_1,earth,2440020,2444550
orbiter_earth,orbiter_1,earth,2447100,2451630
orbiter_earth,orbiter_1,earth,2454180,2458740
orbiter_earth,orbiter_1,earth,2461260,2465820
orbiter_earth,orbiter_1,earth,2468340,2472900
orbiter_earth,orbiter_1,earth,2475420,2479980
orbiter_earth,orbiter_1,earth,2482500,2487060
orbiter_earth,orbiter_1,earth,2489580,2494140
orbiter_earth,orbiter_1,earth,2496660,2501220
orbiter_earth,orbiter_1,earth,2503740,2508300
orbiter_earth,orbiter_1,earth,2510820,2515380
orbiter_earth,orbiter_1,earth,2517900,2522460
orbiter_earth,orbiter_1,earth,2525010,2529540
orbiter_earth,orbiter_1,earth,2532090,2536650
orbiter_earth,orbiter_1,earth,2539170,2543730
orbiter_earth,orbiter_1,earth,2546250,2550810
orbiter_earth,orbiter_1,earth,2553330,2557890
orbiter_earth,orbiter_1,earth,2560410,2564970
orbiter_earth,orbiter_1,earth,2567490,2572050
orbiter_earth,orbiter_1,earth,2574570,2579130
orbiter_earth,orbiter_1,earth,2581650,2586210
orbiter_earth,orbiter_1,earth,2588730,2592000
orbiter_earth,orbiter_2,earth,2430,6990
orbiter_earth,orbiter_2,earth,9540,14070
orbiter_earth,orbiter_2,earth,16620,21150
orbiter_earth,orbiter_2,earth,23700,28260
orbiter_earth,orbiter_2,earth,30780,35340
orbiter_earth,orbiter_2,earth,37860,42420
orbiter_earth,orbiter_2,earth,44940,49500
orbiter_earth,orbiter_2,earth,52020,56580
orbiter_earth,orbiter_2,earth,59100,63660
orbiter_earth,orbiter_2,earth,66180,70740
orbiter_earth,orbiter_2,earth,73260,77820
orbiter_earth,orbiter_2,earth,80340,84900
orbiter_earth,orbiter_2,earth,87420,91980
orbiter_earth,orbiter_2,earth,94530,99060
orbiter_earth,orbiter_2,earth,101610,106140
orbiter_earth,orbiter_2,earth,108690,113250
orbiter_earth,orbiter_2,earth,115770,120330
orbiter_earth,orbiter_2,earth,122850,127410
orbiter_earth,orbiter_2,earth,129930,134490
orbiter_earth,orbiter_2,earth,137010,141570
orbiter_earth,orbiter_2,earth,144090,148650
orbiter_earth,orbiter_2,earth,151170,155730
orbiter_earth,orbiter_2,earth,158250,162810
orbiter_earth,orbiter_2,earth,165330,169890
orbiter_earth,orbiter_2,earth,172410,176970
orbiter_earth,orbiter_2,earth,179520,184050
orbiter_earth,orbiter_2,earth,186600,191160
orbiter_earth,orbiter_2,earth,193680,198240
orbiter_earth,orbiter_2,earth,200760,205320
orbiter_earth,orbiter_2,earth,207840,212400
orbiter_earth,orbiter_2,earth,214920,219480
orbiter_earth,orbiter_2,earth,222000,226560
orbiter_earth,orbiter_2,earth,229080,233640
orbiter_earth,orbiter_2,earth,236160,240720
orbiter_earth,orbiter_2,earth,243240,247800
orbiter_earth,orbiter_2,earth,250320,254880
orbiter_earth,orbiter_2,earth,257400,261960
orbiter_earth,orbiter_2,earth,264510,269040
orbiter_earth,orbiter_2,earth,271590,276150
orbiter_earth,orbiter_2,earth,278670,283230
orbiter_earth,orbiter_2,earth,285750,290310
orbiter_earth,orbiter_2,earth,292830,297390
orbiter_earth,orbiter_2,earth,299910,304470
orbiter_earth,orbiter_2,earth,306990,311550
orbiter_earth,orbiter_2,earth,314070,318630
orbiter_earth,orbiter_2,earth,321150,325710
orbiter_earth,orbiter_2,earth,328230,332790
orbiter_earth,orbiter_2,earth,335310,339870
orbiter_earth,orbiter_2,earth,342390,346950
orbiter_earth,orbiter_2,earth,349500,354030
orbiter_earth,orbiter_2,earth,356580,361140
orbiter_earth,orbiter_2,earth,363660,368220
orbiter_earth,orbiter_2,earth,370740,375300
orbiter_earth,orbiter_2,earth,377820,382380
orbiter_earth,orbiter_2,earth,384900,389460
orbiter_earth,orbiter_2,earth,391980,396540
orbiter_earth,orbiter_2,earth,399060,403620
orbiter_earth,orbiter_2,earth,406140,410700
orbiter_earth,orbiter_2,earth,413220,417780
orbiter_earth,orbiter_2,earth,420300,424860
orbiter_earth,orbiter_2,earth,427380,431940
orbiter_earth,orbiter_2,earth,434490,439020
orbiter_earth,orbiter_2,earth,441570,446130
orbiter_earth,orbiter_2,earth,448650,453210
orbiter_earth,orbiter_2,earth,455730,460290
orbiter_earth,orbiter_2,earth,462810,467370
orbiter_earth,orbiter_2,earth,469890,474450
orbiter_earth,orbiter_2,earth,476970,481530
orbiter_earth,orbiter_2,earth,484050,488610
orbiter_earth,orbiter_2,earth,491130,495690
orbiter_earth,orbiter_2,earth,498210,502770
orbiter_earth,orbiter_2,earth,505290,509850
orbiter_earth,orbiter_2,earth,512370,516930
orbiter_earth,orbiter_2,earth,519480,524010
orbiter_earth,orbiter_2,earth,526560,531120
orbiter_earth,orbiter_2,earth,533640,538200
orbiter_earth,orbiter_2,earth,540720,545280
orbiter_earth,orbiter_2,earth,547800,552360
orbiter_earth,orbiter_2,earth,554880,559440
orbiter_earth,orbiter_2,earth,561960,566520
orbiter_earth,orbiter_2,earth,569040,573600
orbiter_earth,orbiter_2,earth,576120,580680
orbiter_earth,orbiter_2,earth,583200,587760
orbiter_earth,orbiter_2,earth,590280,594840
orbiter_earth,orbiter_2,earth,597360,601920
orbiter_earth,orbiter_2,earth,604470,609000
orbiter_earth,orbiter_2,earth,611550,616110
orbiter_earth,orbiter_2,earth,618630,623190
orbiter_earth,orbiter_2,earth,625710,630270
orbiter_earth,orbiter_2,earth,632790,637350
orbiter_earth,orbiter_2,earth,639870,644430
orbiter_earth,orbiter_2,earth,646950,651510
orbiter_earth,orbiter_2,earth,654030,658590
orbiter_earth,orbiter_2,earth,661110,665670
orbiter_earth,orbiter_2,earth,668190,672750
orbiter_earth,orbiter_2,earth,675270,679830
orbiter_earth,orbiter_2,earth,682350,686910
orbiter_earth,orbiter_2,earth,689460,693990
orbiter_earth,orbiter_2,earth,696540,701100
orbiter_earth,orbiter_2,earth,703620,708180
orbiter_earth,orbiter_2,earth,710700,715260
orbiter_earth,orbiter_2,earth,717780,722340
orbiter_earth,orbiter_2,earth,724860,729420
orbiter_earth,orbiter_2,earth,731940,736500
orbiter_earth,orbiter_2,earth,739020,743580
orbiter_earth,orbiter_2,earth,746100,750660
orbiter_earth,orbiter_2,earth,753180,757740
orbiter_earth,orbiter_2,earth,760260,764820
orbiter_earth,orbiter_2,earth,767340,771900
orbiter_earth,orbiter_2,earth,774450,778980
orbiter_earth,orbiter_2,earth,781530,786090
orbiter_earth,orbiter_2,earth,788610,793170
orbiter_earth,orbiter_2,earth,795690,800250
orbiter_earth,orbiter_2,earth,802770,807330
orbiter_earth,orbiter_2,earth,809850,814410
orbiter_earth,orbiter_2,earth,816930,821490
orbiter_earth,orbiter_2,earth,824010,828570
orbiter_earth,orbiter_2,earth,831090,835650
orbiter_earth,orbiter_2,earth,838170,842730
orbiter_earth,orbiter_2,earth,845250,849810
orbiter_earth,orbiter_2,earth,852330,856890
orbiter_earth,orbiter_2,earth,859440,863970
orbiter_earth,orbiter_2,earth,866520,871080
orbiter_earth,orbiter_2,earth,873600,878160
orbiter_earth,orbiter_2,earth,880680,885240
orbiter_earth,orbiter_2,earth,887760,892320
orbiter_earth,orbiter_2,earth,894840,899400
orbiter_earth,orbiter_2,earth,901920,906480
orbiter_earth,orbiter_2,earth,909000,913560
orbiter_earth,orbiter_2,earth,916080,920640
orbiter_earth,orbiter_2,earth,923160,927720
orbiter_earth,orbiter_2,earth,930240,934800
orbiter_earth,orbiter_2,earth,937320,941880
orbiter_earth,orbiter_2,earth,944430,948960
orbiter_earth,orbiter_2,earth,951510,956070
orbiter_earth,orbiter_2,earth,958590,963150
orbiter_earth,orbiter_2,earth,965670,970230
orbiter_earth,orbiter_2,earth,972750,977310
orbiter_earth,orbiter_2,earth,979830,984390
orbiter_earth,orbiter_2,earth,986910,991470
orbiter_earth,orbiter_2,earth,993990,998550
orbiter_earth,orbiter_2,earth,1001070,1005630
orbiter_earth,orbiter_2,earth,1008150,1012710
orbiter_earth,orbiter_2,earth,1015230,1019790
orbiter_earth,orbiter_2,earth,1022310,1026870
orbiter_earth,orbiter_2,earth,1029420,1033950
orbiter_earth,orbiter_2,earth,1036500,1041060
orbiter_earth,orbiter_2,earth,1043580,1048140
orbiter_earth,orbiter_2,earth,1050660,1055220
orbiter_earth,orbiter_2,earth,1057740,1062300
orbiter_earth,orbiter_2,earth,1064820,1069380
orbiter_earth,orbiter_2,earth,1071900,1076460
orbiter_earth,orbiter_2,earth,1078980,1083540
orbiter_earth,orbiter_2,earth,1086060,1090620
orbiter_earth,orbiter_2,earth,1093140,1097700
orbiter_earth,orbiter_2,earth,1100220,1104780
orbiter_earth,orbiter_2,earth,1107300,1111860
orbiter_earth,orbiter_2,earth,1114410,1118940
orbiter_earth,orbiter_2,earth,1121490,1126050
orbiter_earth,orbiter_2,earth,1128570,1133130
orbiter_earth,orbiter_2,earth,1135650,1140210
orbiter_earth,orbiter_2,earth,1142730,1147290
orbiter_earth,orbiter_2,earth,1149810,1154370
orbiter_earth,orbiter_2,earth,1156890,1161450
orbiter_earth,orbiter_2,earth,1163970,1168530
orbiter_earth,orbiter_2,earth,1171050,1175610
orbiter_earth,orbiter_2,earth,1178130,1182690
orbiter_earth,orbiter_2,earth,1185210,1189770
orbiter_earth,orbiter_2,earth,1192290,1196850
orbiter_earth,orbiter_2,earth,1199400,1203930
orbiter_earth,orbiter_2,earth,1206480,1211040
orbiter_earth,orbiter_2,earth,1213560,1218120
orbiter_earth,orbiter_2,earth,1220640,1225200
orbiter_earth,orbiter_2,earth,1227720,1232280
orbiter_earth,orbiter_2,earth,1234800,1239360
orbiter_earth,orbiter_2,earth,1241880,1246440
orbiter_earth,orbiter_2,earth,1248960,1253520
orbiter_earth,orbiter_2,earth,1256040,1260600
orbiter_earth,orbiter_2,earth,1263120,1267680
orbiter_earth,orbiter_2,earth,1270200,1274760
orbiter_earth,orbiter_2,earth,1277280,1281840
orbiter_earth,orbiter_2,earth,1284390,1288920
orbiter_earth,orbiter_2,earth,1291470,1296030
orbiter_earth,orbiter_2,earth,1298550,1303110
orbiter_earth,orbiter_2,earth,1305630,1310190
orbiter_earth,orbiter_2,earth,1312710,1317270
orbiter_earth,orbiter_2,earth,1319790,1324350
orbiter_earth,orbiter_2,earth,1326870,1331430
orbiter_earth,orbiter_2,earth,1333950,1338510
orbiter_earth,orbiter_2,earth,1341030,1345590
orbiter_earth,orbiter_2,earth,1348110,1352670
orbiter_earth,orbiter_2,earth,1355190,1359750
orbiter_earth,orbiter_2,earth,1362270,1366830
orbiter_earth,orbiter_2,earth,1369380,1373910
orbiter_earth,orbiter_2,earth,1376460,1381020
orbiter_earth,orbiter_2,earth,1383540,1388100
orbiter_earth,orbiter_2,earth,1390620,1395180
orbiter_earth,orbiter_2,earth,1397700,1402260
orbiter_earth,orbiter_2,earth,1404780,1409340
orbiter_earth,orbiter_2,earth,1411860,1416420
orbiter_earth,orbiter_2,earth,1418940,1423500
orbiter_earth,orbiter_2,earth,1426020,1430580
orbiter_earth,orbiter_2,earth,1433100,1437660
orbiter_earth,orbiter_2,earth,1440180,1444740
orbiter_earth,orbiter_2,earth,1447260,1451820
orbiter_earth,orbiter_2,earth,1454370,1458900
orbiter_earth,orbiter_2,earth,1461450,1466010
orbiter_earth,orbiter_2,earth,1468530,1473090
orbiter_earth,orbiter_2,earth,1475610,1480170
orbiter_earth,orbiter_2,earth,1482690,1487250
orbiter_earth,orbiter_2,earth,1489770,1494330
orbiter_earth,orbiter_2,earth,1496850,1501410
orbiter_earth,orbiter_2,earth,1503930,1508490
orbiter_earth,orbiter_2,earth,1511010,1515570
orbiter_earth,orbiter_2,earth,1518090,1522650
orbiter_earth,orbiter_2,earth,1525170,1529730
orbiter_earth,orbiter_2,earth,1532250,1536810
orbiter_earth,orbiter_2,earth,1539360,1543890
orbiter_earth,orbiter_2,earth,1546440,1551000
orbiter_earth,orbiter_2,earth,1553520,1558080
orbiter_earth,orbiter_2,earth,1560600,1565160
orbiter_earth,orbiter_2,earth,1567680,1572240
orbiter_earth,orbiter_2,earth,1574760,1579320
orbiter_earth,orbiter_2,earth,1581840,1586400
orbiter_earth,orbiter_2,earth,1588920,1593480
orbiter_earth,orbiter_2,earth,1596000,1600560
orbiter_earth,orbiter_2,earth,1603080,1607640
orbiter_earth,orbiter_2,earth,1610160,1614720
orbiter_earth,orbiter_2,earth,1617240,1621800
orbiter_earth,orbiter_2,earth,1624350,1628880
orbiter_earth,orbiter_2,earth,1631430,1635990
orbiter_earth,orbiter_2,earth,1638510,1643070
orbiter_earth,orbiter_2,earth,1645590,1650150
orbiter_earth,orbiter_2,earth,1652670,1657230
orbiter_earth,orbiter_2,earth,1659750,1664310
orbiter_earth,orbiter_2,earth,1666830,1671390
orbiter_earth,orbiter_2,earth,1673910,1678470
orbiter_earth,orbiter_2,earth,1680990,1685550
orbiter_earth,orbiter_2,earth,1688070,1692630
orbiter_earth,orbiter_2,earth,1695150,1699710
orbiter_earth,orbiter_2,earth,1702230,1706790
orbiter_earth,orbiter_2,earth,1709340,1713870
orbiter_earth,orbiter_2,earth,1716420,1720980
orbiter_earth,orbiter_2,earth,1723500,1728060
orbiter_earth,orbiter_2,earth,1730580,1735140
orbiter_earth,orbiter_2,earth,1737660,1742220
orbiter_earth,orbiter_2,earth,1744740,1749300
orbiter_earth,orbiter_2,earth,1751820,1756380
orbiter_earth,orbiter_2,earth,1758900,1763460
orbiter_earth,orbiter_2,earth,1765980,1770540
orbiter_earth,orbiter_2,earth,1773060,1777620
orbiter_earth,orbiter_2,earth,1780140,1784700
orbiter_earth,orbiter_2,earth,1787250,1791780
orbiter_earth,orbiter_2,earth,1794330,1798860
orbiter_earth,orbiter_2,earth,1801410,1805970
orbiter_earth,orbiter_2,earth,1808490,1813050
orbiter_earth,orbiter_2,earth,1815570,1820130
orbiter_earth,orbiter_2,earth,1822650,1827210
orbiter_earth,orbiter_2,earth,1829730,1834290
orbiter_earth,orbiter_2,earth,1836810,1841370
orbiter_earth,orbiter_2,earth,1843890,1848450
orbiter_earth,orbiter_2,earth,1850970,1855530
orbiter_earth,orbiter_2,earth,1858050,1862610
orbiter_earth,orbiter_2,earth,1865130,1869690
orbiter_earth,orbiter_2,earth,1872240,1876770
orbiter_earth,orbiter_2,earth,1879320,1883850
orbiter_earth,orbiter_2,earth,1886400,1890960
orbiter_earth,orbiter_2,earth,1893480,1898040
orbiter_earth,orbiter_2,earth,1900560,1905120
orbiter_earth,orbiter_2,earth,1907640,1912200
orbiter_earth,orbiter_2,earth,1914720,1919280
orbiter_earth,orbiter_2,earth,1921800,1926360
orbiter_earth,orbiter_2,earth,1928880,1933440
orbiter_earth,orbiter_2,earth,1935960,1940520
orbiter_earth,orbiter_2,earth,1943040,1947600
orbiter_earth,orbiter_2,earth,1950120,1954680
orbiter_earth,orbiter_2,earth,1957230,1961760
orbiter_earth,orbiter_2,earth,1964310,1968840
orbiter_earth,orbiter_2,earth,1971390,1975950
orbiter_earth,orbiter_2,earth,1978470,1983030
orbiter_earth,orbiter_2,earth,1985550,1990110
orbiter_earth,orbiter_2,earth,1992630,1997190
orbiter_earth,orbiter_2,earth,1999710,2004270
orbiter_earth,orbiter_2,earth,2006790,2011350
orbiter_earth,orbiter_2,earth,2013870,2018430
orbiter_earth,orbiter_2,earth,2020950,2025510
orbiter_earth,orbiter_2,earth,2028030,2032590
orbiter_earth,orbiter_2,earth,2035110,2039670
orbiter_earth,orbiter_2,earth,2042220,2046750
orbiter_earth,orbiter_2,earth,2049300,2053830
orbiter_earth,orbiter_2,earth,2056380,2060940
orbiter_earth,orbiter_2,earth,2063460,2068020
orbiter_earth,orbiter_2,earth,2070540,2075100
orbiter_earth,orbiter_2,earth,2077620,2082180
orbiter_earth,orbiter_2,earth,2084700,2089260
orbiter_earth,orbiter_2,earth,2091780,2096340
orbiter_earth,orbiter_2,earth,2098860,2103420
orbiter_earth,orbiter_2,earth,2105940,2110500
orbiter_earth,orbiter_2,earth,2113020,2117580
orbiter_earth,orbiter_2,earth,2120100,2124660
orbiter_earth,orbiter_2,earth,2127210,2131740
orbiter_earth,orbiter_2,earth,2134290,2138820
orbiter_earth,orbiter_2,earth,2141370,2145930
orbiter_earth,orbiter_2,earth,2148450,2153010
orbiter_earth,orbiter_2,earth,2155530,2160090
orbiter_earth,orbiter_2,earth,2162610,2167170
orbiter_earth,orbiter_2,earth,2169690,2174250
orbiter_earth,orbiter_2,earth,2176770,2181330
orbiter_earth,orbiter_2,earth,2183850,2188410
orbiter_earth,orbiter_2,earth,2190930,2195490
orbiter_earth,orbiter_2,earth,2198010,2202570
orbiter_earth,orbiter_2,earth,2205090,2209650
orbiter_earth,orbiter_2,earth,2212200,2216730
orbiter_earth,orbiter_2,earth,2219280,2223810
orbiter_earth,orbiter_2,earth,2226360,2230920
orbiter_earth,orbiter_2,earth,2233440,2238000
orbiter_earth,orbiter_2,earth,2240520,2245080
orbiter_earth,orbiter_2,earth,2247600,2252160
orbiter_earth,orbiter_2,earth,2254680,2259240
orbiter_earth,orbiter_2,earth,2261760,2266320
orbiter_earth,orbiter_2,earth,2268840,2273400
orbiter_earth,orbiter_2,earth,2275920,2280480
orbiter_earth,orbiter_2,earth,2283000,2287560
orbiter_earth,orbiter_2,earth,2290080,2294640
orbiter_earth,orbiter_2,earth,2297190,2301720
orbiter_earth,orbiter_2,earth,2304270,2308800
orbiter_earth,orbiter_2,earth,2311350,2315910
orbiter_earth,orbiter_2,earth,2318430,2322990
orbiter_earth,orbiter_2,earth,2325510,2330070
orbiter_earth,orbiter_2,earth,2332590,2337150
orbiter_earth,orbiter_2,earth,2339670,2344230
orbiter_earth,orbiter_2,earth,2346750,2351310
orbiter_earth,orbiter_2,earth,2353830,2358390
orbiter_earth,orbiter_2,earth,2360910,2365470
orbiter_earth,orbiter_2,earth,2367990,2372550
orbiter_earth,orbiter_2,earth,2375070,2379630
orbiter_earth,orbiter_2,earth,2382180,2386710
orbiter_earth,orbiter_2,earth,2389260,2393790
orbiter_earth,orbiter_2,earth,2396340,2400900
orbiter_earth,orbiter_2,earth,2403420,2407980
orbiter_earth,orbiter_2,earth,2410500,2415060
orbiter_earth,orbiter_2,earth,2417580,2422140
orbiter_earth,orbiter_2,earth,2424660,2429220
orbiter_earth,orbiter_2,earth,2431740,2436300
orbiter_earth,orbiter_2,earth,2438820,2443380
orbiter_earth,orbiter_2,earth,2445900,2450460
orbiter_earth,orbiter_2,earth,2452980,2457540
orbiter_earth,orbiter_2,earth,2460060,2464620
orbiter_earth,orbiter_2,earth,2467170,2471700
orbiter_earth,orbiter_2,earth,2474250,2478780
orbiter_earth,orbiter_2,earth,2481330,2485890
orbiter_earth,orbiter_2,earth,2488410,2492970
orbiter_earth,orbiter_2,earth,2495490,2500050
orbiter_earth,orbiter_2,earth,2502570,2507130
orbiter_earth,orbiter_2,earth,2509650,2514210
orbiter_earth,orbiter_2,earth,2516730,2521290
orbiter_earth,orbiter_2,earth,2523810,2528370
orbiter_earth,orbiter_2,earth,2530890,2535450
orbiter_earth,orbiter_2,earth,2537970,2542530
orbiter_earth,orbiter_2,earth,2545050,2549610
orbiter_earth,orbiter_2,earth,2552160,2556690
orbiter_earth,orbiter_2,earth,2559240,2563770
orbiter_earth,orbiter_2,earth,2566320,2570880
orbiter_earth,orbiter_2,earth,2573400,2577960
orbiter_earth,orbiter_2,earth,2580480,2585040
orbiter_earth,orbiter_2,earth,2587560,2592000
orbiter_earth,orbiter_3,earth,1260,5820
orbiter_earth,orbiter_3,earth,8340,12900
orbiter_earth,orbiter_3,earth,15420,19980
orbiter_earth,orbiter_3,earth,22500,27060
orbiter_earth,orbiter_3,earth,29580,34140
orbiter_earth,orbiter_3,earth,36690,41220
orbiter_earth,orbiter_3,earth,43770,48300
orbiter_earth,orbiter_3,earth,50850,55410
orbiter_earth,orbiter_3,earth,57930,62490
orbiter_earth,orbiter_3,earth,65010,69570
orbiter_earth,orbiter_3,earth,72090,76650
orbiter_earth,orbiter_3,earth,79170,83730
orbiter_earth,orbiter_3,earth,86250,90810
orbiter_earth,orbiter_3,earth,93330,97890
orbiter_earth,orbiter_3,earth,100410,104970
orbiter_earth,orbiter_3,earth,107490,112050
orbiter_earth,orbiter_3,earth,114570,119130
orbiter_earth,orbiter_3,earth,121680,126210
orbiter_earth,orbiter_3,earth,128760,133290
orbiter_earth,orbiter_3,earth,135840,140400
orbiter_earth,orbiter_3,earth,142920,147480
orbiter_earth,orbiter_3,earth,150000,154560
orbiter_earth,orbiter_3,earth,157080,161640
orbiter_earth,orbiter_3,earth,164160,168720
orbiter_earth,orbiter_3,earth,171240,175800
orbiter_earth,orbiter_3,earth,178320,182880
orbiter_earth,orbiter_3,earth,185400,189960
orbiter_earth,orbiter_3,earth,192480,197040
orbiter_earth,orbiter_3,earth,199560,204120
orbiter_earth,orbiter_3,earth,206670,211200
orbiter_earth,orbiter_3,earth,213750,218280
orbiter_earth,orbiter_3,earth,220830,225390
orbiter_earth,orbiter_3,earth,227910,232470
orbiter_earth,orbiter_3,earth,234990,239550
orbiter_earth,orbiter_3,earth,242070,246630
orbiter_earth,orbiter_3,earth,249150,253710
orbiter_earth,orbiter_3,earth,256230,260790
orbiter_earth,orbiter_3,earth,263310,267870
orbiter_earth,orbiter_3,earth,270390,274950
orbiter_earth,orbiter_3,earth,277470,282030
orbiter_earth,orbiter_3,earth,284550,289110
orbiter_earth,orbiter_3,earth,291660,296190
orbiter_earth,orbiter_3,earth,298740,303270
orbiter_earth,orbiter_3,earth,305820,310380
orbiter_earth,orbiter_3,earth,312900,317460
orbiter_earth,orbiter_3,earth,319980,324540
orbiter_earth,orbiter_3,earth,327060,331620
orbiter_earth,orbiter_3,earth,334140,338700
orbiter_earth,orbiter_3,earth,341220,345780
orbiter_earth,orbiter_3,earth,348300,352860
orbiter_earth,orbiter_3,earth,355380,359940
orbiter_earth,orbiter_3,earth,362460,367020
orbiter_earth,orbiter_3,earth,369540,374100
orbiter_earth,orbiter_3,earth,376650,381180
orbiter_earth,orbiter_3,earth,383730,388260
orbiter_earth,orbiter_3,earth,390810,395370
orbiter_earth,orbiter_3,earth,397890,402450
orbiter_earth,orbiter_3,earth,404970,409530
orbiter_earth,orbiter_3,earth,412050,416610
orbiter_earth,orbiter_3,earth,419130,423690
orbiter_earth,orbiter_3,earth,426210,430770
orbiter_earth,orbiter_3,earth,433290,437850
orbiter_earth,orbiter_3,earth,440370,444930
orbiter_earth,orbiter_3,earth,447450,452010
orbiter_earth,orbiter_3,earth,454530,459090
orbiter_earth,orbiter_3,earth,461640,466170
orbiter_earth,orbiter_3,earth,468720,473250
orbiter_earth,orbiter_3,earth,475800,480360
orbiter_earth,orbiter_3,earth,482880,487440
orbiter_earth,orbiter_3,earth,489960,494520
orbiter_earth,orbiter_3,earth,497040,501600
orbiter_earth,orbiter_3,earth,504120,508680
orbiter_earth,orbiter_3,earth,511200,515760
orbiter_earth,orbiter_3,earth,518280,522840
orbiter_earth,orbiter_3,earth,525360,529920
orbiter_earth,orbiter_3,earth,532440,537000
orbiter_earth,orbiter_3,earth,539520,544080
orbiter_earth,orbiter_3,earth,546630,551160
orbiter_earth,orbiter_3,earth,553710,558240
orbiter_earth,orbiter_3,earth,560790,565350
orbiter_earth,orbiter_3,earth,567870,572430
orbiter_earth,orbiter_3,earth,574950,579510
orbiter_earth,orbiter_3,earth,582030,586590
orbiter_earth,orbiter_3,earth,589110,593670
orbiter_earth,orbiter_3,earth,596190,600750
orbiter_earth,orbiter_3,earth,603270,607830
orbiter_earth,orbiter_3,earth,610350,614910
orbiter_earth,orbiter_3,earth,617430,621990
orbiter_earth,orbiter_3,earth,624510,629070
orbiter_earth,orbiter_3,earth,631620,636150
orbiter_earth,orbiter_3,earth,638700,643260
orbiter_earth,orbiter_3,earth,645780,650340
orbiter_earth,orbiter_3,earth,652860,657420
orbiter_earth,orbiter_3,earth,659940,664500
orbiter_earth,orbiter_3,earth,667020,671580
orbiter_earth,orbiter_3,earth,674100,678660
orbiter_earth,orbiter_3,earth,681180,685740
orbiter_earth,orbiter_3,earth,688260,692820
orbiter_earth,orbiter_3,earth,695340,699900
orbiter_earth,orbiter_3,earth,702420,706980
orbiter_earth,orbiter_3,earth,709500,714060
orbiter_earth,orbiter_3,earth,716610,721140
orbiter_earth,orbiter_3,earth,723690,728250
orbiter_earth,orbiter_3,earth,730770,735330
orbiter_earth,orbiter_3,earth,737850,742410
orbiter_earth,orbiter_3,earth,744930,749490
orbiter_earth,orbiter_3,earth,752010,756570
orbiter_earth,orbiter_3,earth,759090,763650
orbiter_earth,orbiter_3,earth,766170,770730
orbiter_earth,orbiter_3,earth,773250,777810
orbiter_earth,orbiter_3,earth,780330,784890
orbiter_earth,orbiter_3,earth,787410,791970
orbiter_earth,orbiter_3,earth,794490,799050
orbiter_earth,orbiter_3,earth,801600,806130
orbiter_earth,orbiter_3,earth,808680,813240
orbiter_earth,orbiter_3,earth,815760,820320
orbiter_earth,orbiter_3,earth,822840,827400
orbiter_earth,orbiter_3,earth,829920,834480
orbiter_earth,orbiter_3,earth,837000,841560
orbiter_earth,orbiter_3,earth,844080,848640
orbiter_earth,orbiter_3,earth,851160,855720
orbiter_earth,orbiter_3,earth,858240,862800
orbiter_earth,orbiter_3,earth,865320,869880
orbiter_earth,orbiter_3,earth,872400,876960
orbiter_earth,orbiter_3,earth,879480,884040
orbiter_earth,orbiter_3,earth,886590,891120
orbiter_earth,orbiter_3,earth,893670,898230
orbiter_earth,orbiter_3,earth,900750,905310
orbiter_earth,orbiter_3,earth,907830,912390
orbiter_earth,orbiter_3,earth,914910,919470
orbiter_earth,orbiter_3,earth,921990,926550
orbiter_earth,orbiter_3,earth,929070,933630
orbiter_earth,orbiter_3,earth,936150,940710
orbiter_earth,orbiter_3,earth,943230,947790
orbiter_earth,orbiter_3,earth,950310,954870
orbiter_earth,orbiter_3,earth,957390,961950
orbiter_earth,orbiter_3,earth,964470,969030
orbiter_earth,orbiter_3,earth,971580,976110
orbiter_earth,orbiter_3,earth,978660,983220
orbiter_earth,orbiter_3,earth,985740,990300
orbiter_earth,orbiter_3,earth,992820,997380
orbiter_earth,orbiter_3,earth,999900,1004460
orbiter_earth,orbiter_3,earth,1006980,1011540
orbiter_earth,orbiter_3,earth,1014060,1018620
orbiter_earth,orbiter_3,earth,1021140,1025700
orbiter_earth,orbiter_3,earth,1028220,1032780
orbiter_earth,orbiter_3,earth,1035300,1039860
orbiter_earth,orbiter_3,earth,1042380,1046940
orbiter_earth,orbiter_3,earth,1049460,1054020
orbiter_earth,orbiter_3,earth,1056570,1061100
orbiter_earth,orbiter_3,earth,1063650,1068210
orbiter_earth,orbiter_3,earth,1070730,1075290
orbiter_earth,orbiter_3,earth,1077810,1082370
orbiter_earth,orbiter_3,earth,1084890,1089450
orbiter_earth,orbiter_3,earth,1091970,1096530
orbiter_earth,orbiter_3,earth,1099050,1103610
orbiter_earth,orbiter_3,earth,1106130,1110690
orbiter_earth,orbiter_3,earth,1113210,1117770
orbiter_earth,orbiter_3,earth,1120290,1124850
orbiter_earth,orbiter_3,earth,1127370,1131930
orbiter_earth,orbiter_3,earth,1134450,1139010
orbiter_earth,orbiter_3,earth,1141560,1146090
orbiter_earth,orbiter_3,earth,1148640,1153200
orbiter_earth,orbiter_3,earth,1155720,1160280
orbiter_earth,orbiter_3,earth,1162800,1167360
orbiter_earth,orbiter_3,earth,1169880,1174440
orbiter_earth,orbiter_3,earth,1176960,1181520
orbiter_earth,orbiter_3,earth,1184040,1188600
orbiter_earth,orbiter_3,earth,1191120,1195680
orbiter_earth,orbiter_3,earth,1198200,1202760
orbiter_earth,orbiter_3,earth,1205280,1209840
orbiter_earth,orbiter_3,earth,1212360,1216920
orbiter_earth,orbiter_3,earth,1219440,1224000
orbiter_earth,orbiter_3,earth,1226550,1231080
orbiter_earth,orbiter_3,earth,1233630,1238190
orbiter_earth,orbiter_3,earth,1240710,1245270
orbiter_earth,orbiter_3,earth,1247790,1252350
orbiter_earth,orbiter_3,earth,1254870,1259430
orbiter_earth,orbiter_3,earth,1261950,1266510
orbiter_earth,orbiter_3,earth,1269030,1273590
orbiter_earth,orbiter_3,earth,1276110,1280670
orbiter_earth,orbiter_3,earth,1283190,1287750
orbiter_earth,orbiter_3,earth,1290270,1294830
orbiter_earth,orbiter_3,earth,1297350,1301910
orbiter_earth,orbiter_3,earth,1304430,1308990
orbiter_earth,orbiter_3,earth,1311540,1316070
orbiter_earth,orbiter_3,earth,1318620,1323180
orbiter_earth,orbiter_3,earth,1325700,1330260
orbiter_earth,orbiter_3,earth,1332780,1337340
orbiter_earth,orbiter_3,earth,1339860,1344420
orbiter_earth,orbiter_3,earth,1346940,1351500
orbiter_earth,orbiter_3,earth,1354020,1358580
orbiter_earth,orbiter_3,earth,1361100,1365660
orbiter_earth,orbiter_3,earth,1368180,1372740
orbiter_earth,orbiter_3,earth,1375260,1379820
orbiter_earth,orbiter_3,earth,1382340,1386900
orbiter_earth,orbiter_3,earth,1389420,1393980
orbiter_earth,orbiter_3,earth,1396530,1401060
orbiter_earth,orbiter_3,earth,1403610,1408170
orbiter_earth,orbiter_3,earth,1410690,1415250
orbiter_earth,orbiter_3,earth,1417770,1422330
orbiter_earth,orbiter_3,earth,1424850,1429410
orbiter_earth,orbiter_3,earth,1431930,1436490
orbiter_earth,orbiter_3,earth,1439010,1443570
orbiter_earth,orbiter_3,earth,1446090,1450650
orbiter_earth,orbiter_3,earth,1453170,1457730
orbiter_earth,orbiter_3,earth,1460250,1464810
orbiter_earth,orbiter_3,earth,1467330,1471890
orbiter_earth,orbiter_3,earth,1474410,1478970
orbiter_earth,orbiter_3,earth,1481520,1486050
orbiter_earth,orbiter_3,earth,1488600,1493160
orbiter_earth,orbiter_3,earth,1495680,1500240
orbiter_earth,orbiter_3,earth,1502760,1507320
orbiter_earth,orbiter_3,earth,1509840,1514400
orbiter_earth,orbiter_3,earth,1516920,1521480
orbiter_earth,orbiter_3,earth,1524000,1528560
orbiter_earth,orbiter_3,earth,1531080,1535640
orbiter_earth,orbiter_3,earth,1538160,1542720
orbiter_earth,orbiter_3,earth,1545240,1549800
orbiter_earth,orbiter_3,earth,1552320,1556880
orbiter_earth,orbiter_3,earth,1559400,1563960
orbiter_earth,orbiter_3,earth,1566510,1571040
orbiter_earth,orbiter_3,earth,1573590,1578150
orbiter_earth,orbiter_3,earth,1580670,1585230
orbiter_earth,orbiter_3,earth,1587750,1592310
orbiter_earth,orbiter_3,earth,1594830,1599390
orbiter_earth,orbiter_3,earth,1601910,1606470
orbiter_earth,orbiter_3,earth,1608990,1613550
orbiter_earth,orbiter_3,earth,1616070,1620630
orbiter_earth,orbiter_3,earth,1623150,1627710
orbiter_earth,orbiter_3,earth,1630230,1634790
orbiter_earth,orbiter_3,earth,1637310,1641870
orbiter_earth,orbiter_3,earth,1644390,1648950
orbiter_earth,orbiter_3,earth,1651500,1656030
orbiter_earth,orbiter_3,earth,1658580,1663140
orbiter_earth,orbiter_3,earth,1665660,1670220
orbiter_earth,orbiter_3,earth,1672740,1677300
orbiter_earth,orbiter_3,earth,1679820,1684380
orbiter_earth,orbiter_3,earth,1686900,1691460
orbiter_earth,orbiter_3,earth,1693980,1698540
orbiter_earth,orbiter_3,earth,1701060,1705620
orbiter_earth,orbiter_3,earth,1708140,1712700
orbiter_earth,orbiter_3,earth,1715220,1719780
orbiter_earth,orbiter_3,earth,1722300,1726860
orbiter_earth,orbiter_3,earth,1729380,1733940
orbiter_earth,orbiter_3,earth,1736490,1741020
orbiter_earth,orbiter_3,earth,1743570,1748130
orbiter_earth,orbiter_3,earth,1750650,1755210
orbiter_earth,orbiter_3,earth,1757730,1762290
orbiter_earth,orbiter_3,earth,1764810,1769370
orbiter_earth,orbiter_3,earth,1771890,1776450
orbiter_earth,orbiter_3,earth,1778970,1783530
orbiter_earth,orbiter_3,earth,1786050,1790610
orbiter_earth,orbiter_3,earth,1793130,1797690
orbiter_earth,orbiter_3,earth,1800210,1804770
orbiter_earth,orbiter_3,earth,1807290,1811850
orbiter_earth,orbiter_3,earth,1814370,1818930
orbiter_earth,orbiter_3,earth,1821480,1826010
orbiter_earth,orbiter_3,earth,1828560,1833120
orbiter_earth,orbiter_3,earth,1835640,1840200
orbiter_earth,orbiter_3,earth,1842720,1847280
orbiter_earth,orbiter_3,earth,1849800,1854360
orbiter_earth,orbiter_3,earth,1856880,1861440
orbiter_earth,orbiter_3,earth,1863960,1868520
orbiter_earth,orbiter_3,earth,1871040,1875600
orbiter_earth,orbiter_3,earth,1878120,1882680
orbiter_earth,orbiter_3,earth,1885200,1889760
orbiter_earth,orbiter_3,earth,1892280,1896840
orbiter_earth,orbiter_3,earth,1899360,1903920
orbiter_earth,orbiter_3,earth,1906470,1911000
orbiter_earth,orbiter_3,earth,1913550,1918110
orbiter_earth,orbiter_3,earth,1920630,1925190
orbiter_earth,orbiter_3,earth,1927710,1932270
orbiter_earth,orbiter_3,earth,1934790,1939350
orbiter_earth,orbiter_3,earth,1941870,1946430
orbiter_earth,orbiter_3,earth,1948950,1953510
orbiter_earth,orbiter_3,earth,1956030,1960590
orbiter_earth,orbiter_3,earth,1963110,1967670
orbiter_earth,orbiter_3,earth,1970190,1974750
orbiter_earth,orbiter_3,earth,1977270,1981830
orbiter_earth,orbiter_3,earth,1984350,1988910
orbiter_earth,orbiter_3,earth,1991460,1995990
orbiter_earth,orbiter_3,earth,1998540,2003100
orbiter_earth,orbiter_3,earth,2005620,2010180
orbiter_earth,orbiter_3,earth,2012700,2017260
orbiter_earth,orbiter_3,earth,2019780,2024340
orbiter_earth,orbiter_3,earth,2026860,2031420
orbiter_earth,orbiter_3,earth,2033940,2038500
orbiter_earth,orbiter_3,earth,2041020,2045580
orbiter_earth,orbiter_3,earth,2048100,2052660
orbiter_earth,orbiter_3,earth,2055180,2059740
orbiter_earth,orbiter_3,earth,2062260,2066820
orbiter_earth,orbiter_3,earth,2069340,2073900
orbiter_earth,orbiter_3,earth,2076450,2080980
orbiter_earth,orbiter_3,earth,2083530,2088090
orbiter_earth,orbiter_3,earth,2090610,2095170
orbiter_earth,orbiter_3,earth,2097690,2102250
orbiter_earth,orbiter_3,earth,2104770,2109330
orbiter_earth,orbiter_3,earth,2111850,2116410
orbiter_earth,orbiter_3,earth,2118930,2123490
orbiter_earth,orbiter_3,earth,2126010,2130570
orbiter_earth,orbiter_3,earth,2133090,2137650
orbiter_earth,orbiter_3,earth,2140170,2144730
orbiter_earth,orbiter_3,earth,2147250,2151810
orbiter_earth,orbiter_3,earth,2154330,2158890
orbiter_earth,orbiter_3,earth,2161440,2165970
orbiter_earth,orbiter_3,earth,2168520,2173080
orbiter_earth,orbiter_3,earth,2175600,2180160
orbiter_earth,orbiter_3,earth,2182680,2187240
orbiter_earth,orbiter_3,earth,2189760,2194320
orbiter_earth,orbiter_3,earth,2196840,2201400
orbiter_earth,orbiter_3,earth,2203920,2208480
orbiter_earth,orbiter_3,earth,2211000,2215560
orbiter_earth,orbiter_3,earth,2218080,2222640
orbiter_earth,orbiter_3,earth,2225160,2229720
orbiter_earth,orbiter_3,earth,2232240,2236800
orbiter_earth,orbiter_3,earth,2239320,2243880
orbiter_earth,orbiter_3,earth,2246430,2250960
orbiter_earth,orbiter_3,earth,2253510,2258070
orbiter_earth,orbiter_3,earth,2260590,2265150
orbiter_earth,orbiter_3,earth,2267670,2272230
orbiter_earth,orbiter_3,earth,2274750,2279310
orbiter_earth,orbiter_3,earth,2281830,2286390
orbiter_earth,orbiter_3,earth,2288910,2293470
orbiter_earth,orbiter_3,earth,2295990,2300550
orbiter_earth,orbiter_3,earth,2303070,2307630
orbiter_earth,orbiter_3,earth,2310150,2314710
orbiter_earth,orbiter_3,earth,2317230,2321790
orbiter_earth,orbiter_3,earth,2324340,2328870
orbiter_earth,orbiter_3,earth,2331420,2335950
orbiter_earth,orbiter_3,earth,2338500,2343060
orbiter_earth,orbiter_3,earth,2345580,2350140
orbiter_earth,orbiter_3,earth,2352660,2357220
orbiter_earth,orbiter_3,earth,2359740,2364300
orbiter_earth,orbiter_3,earth,2366820,2371380
orbiter_earth,orbiter_3,earth,2373900,2378460
orbiter_earth,orbiter_3,earth,2380980,2385540
orbiter_earth,orbiter_3,earth,2388060,2392620
orbiter_earth,orbiter_3,earth,2395140,2399700
orbiter_earth,orbiter_3,earth,2402220,2406780
orbiter_earth,orbiter_3,earth,2409330,2413860
orbiter_earth,orbiter_3,earth,2416410,2420940
orbiter_earth,orbiter_3,earth,2423490,2428050
orbiter_earth,orbiter_3,earth,2430570,2435130
orbiter_earth,orbiter_3,earth,2437650,2442210
orbiter_earth,orbiter_3,earth,2444730,2449290
orbiter_earth,orbiter_3,earth,2451810,2456370
orbiter_earth,orbiter_3,earth,2458890,2463450
orbiter_earth,orbiter_3,earth,2465970,2470530
orbiter_earth,orbiter_3,earth,2473050,2477610
orbiter_earth,orbiter_3,earth,2480130,2484690
orbiter_earth,orbiter_3,earth,2487210,2491770
orbiter_earth,orbiter_3,earth,2494320,2498850
orbiter_earth,orbiter_3,earth,2501400,2505930
orbiter_earth,orbiter_3,earth,2508480,2513040
orbiter_earth,orbiter_3,earth,2515560,2520120
orbiter_earth,orbiter_3,earth,2522640,2527200
orbiter_earth,orbiter_3,earth,2529720,2534280
orbiter_earth,orbiter_3,earth,2536800,2541360
orbiter_earth,orbiter_3,earth,2543880,2548440
orbiter_earth,orbiter_3,earth,2550960,2555520
orbiter_earth,orbiter_3,earth,2558040,2562600
orbiter_earth,orbiter_3,earth,2565120,2569680
orbiter_earth,orbiter_3,earth,2572200,2576760
orbiter_earth,orbiter_3,earth,2579310,2583840
orbiter_earth,orbiter_3,earth,2586390,2590920
orbiter_earth,orbiter_4,earth,90,4650
orbiter_earth,orbiter_4,earth,7170,11730
orbiter_earth,orbiter_4,earth,14250,18810
orbiter_earth,orbiter_4,earth,21330,25890
orbiter_earth,orbiter_4,earth,28410,32970
orbiter_earth,orbiter_4,earth,35490,40050
orbiter_earth,orbiter_4,earth,42570,47130
orbiter_earth,orbiter_4,earth,49650,54210
orbiter_earth,orbiter_4,earth,56730,61290
orbiter_earth,orbiter_4,earth,63840,68370
orbiter_earth,orbiter_4,earth,70920,75450
orbiter_earth,orbiter_4,earth,78000,82560
orbiter_earth,orbiter_4,earth,85080,89640
orbiter_earth,orbiter_4,earth,92160,96720
orbiter_earth,orbiter_4,earth,99240,103800
orbiter_earth,orbiter_4,earth,106320,110880
orbiter_earth,orbiter_4,earth,113400,117960
orbiter_earth,orbiter_4,earth,120480,125040
orbiter_earth,orbiter_4,earth,127560,132120
orbiter_earth,orbiter_4,earth,134640,139200
orbiter_earth,orbiter_4,earth,141720,146280
orbiter_earth,orbiter_4,earth,148830,153360
orbiter_earth,orbiter_4,earth,155910,160440
orbiter_earth,orbiter_4,earth,162990,167550
orbiter_earth,orbiter_4,earth,170070,174630
orbiter_earth,orbiter_4,earth,177150,181710
orbiter_earth,orbiter_4,earth,184230,188790
orbiter_earth,orbiter_4,earth,191310,195870
orbiter_earth,orbiter_4,earth,198390,202950
orbiter_earth,orbiter_4,earth,205470,210030
orbiter_earth,orbiter_4,earth,212550,217110
orbiter_earth,orbiter_4,earth,219630,224190
orbiter_earth,orbiter_4,earth,226710,231270
orbiter_earth,orbiter_4,earth,233820,238350
orbiter_earth,orbiter_4,earth,240900,245430
orbiter_earth,orbiter_4,earth,247980,252540
orbiter_earth,orbiter_4,earth,255060,259620
orbiter_earth,orbiter_4,earth,262140,266700
orbiter_earth,orbiter_4,earth,269220,273780
orbiter_earth,orbiter_4,earth,276300,280860
orbiter_earth,orbiter_4,earth,283380,287940
orbiter_earth,orbiter_4,earth,290460,295020
orbiter_earth,orbiter_4,earth,297540,302100
orbiter_earth,orbiter_4,earth,304620,309180
orbiter_earth,orbiter_4,earth,311700,316260
orbiter_earth,orbiter_4,earth,318810,323340
orbiter_earth,orbiter_4,earth,325890,330420
orbiter_earth,orbiter_4,earth,332970,337530
orbiter_earth,orbiter_4,earth,340050,344610
orbiter_earth,orbiter_4,earth,347130,351690
orbiter_earth,orbiter_4,earth,354210,358770
orbiter_earth,orbiter_4,earth,361290,365850
orbiter_earth,orbiter_4,earth,368370,372930
orbiter_earth,orbiter_4,earth,375450,380010
orbiter_earth,orbiter_4,earth,382530,387090
orbiter_earth,orbiter_4,earth,389610,394170
orbiter_earth,orbiter_4,earth,396690,401250
orbiter_earth,orbiter_4,earth,403800,408330
orbiter_earth,orbiter_4,earth,410880,415410
orbiter_earth,orbiter_4,earth,417960,422520
orbiter_earth,orbiter_4,earth,425040,429600
orbiter_earth,orbiter_4,earth,432120,436680
orbiter_earth,orbiter_4,earth,439200,443760
orbiter_earth,orbiter_4,earth,446280,450840
orbiter_earth,orbiter_4,earth,453360,457920
orbiter_earth,orbiter_4,earth,460440,465000
orbiter_earth,orbiter_4,earth,467520,472080
orbiter_earth,orbiter_4,earth,474600,479160
orbiter_earth,orbiter_4,earth,481680,486240
orbiter_earth,orbiter_4,earth,488790,493320
orbiter_earth,orbiter_4,earth,495870,500400
orbiter_earth,orbiter_4,earth,502950,507510
orbiter_earth,orbiter_4,earth,510030,514590
orbiter_earth,orbiter_4,earth,517110,521670
orbiter_earth,orbiter_4,earth,524190,528750
orbiter_earth,orbiter_4,earth,531270,535830
orbiter_earth,orbiter_4,earth,538350,542910
orbiter_earth,orbiter_4,earth,545430,549990
orbiter_earth,orbiter_4,earth,552510,557070
orbiter_earth,orbiter_4,earth,559590,564150
orbiter_earth,orbiter_4,earth,566670,571230
orbiter_earth,orbiter_4,earth,573780,578310
orbiter_earth,orbiter_4,earth,580860,585390
orbiter_earth,orbiter_4,earth,587940,592500
orbiter_earth,orbiter_4,earth,595020,599580
orbiter_earth,orbiter_4,earth,602100,606660
orbiter_earth,orbiter_4,earth,609180,613740
orbiter_earth,orbiter_4,earth,616260,620820
orbiter_earth,orbiter_4,earth,623340,627900
orbiter_earth,orbiter_4,earth,630420,634980
orbiter_earth,orbiter_4,earth,637500,642060
orbiter_earth,orbiter_4,earth,644580,649140
orbiter_earth,orbiter_4,earth,651660,656220
orbiter_earth,orbiter_4,earth,658770,663300
orbiter_earth,orbiter_4,earth,665850,670380
orbiter_earth,orbiter_4,earth,672930,677490
orbiter_earth,orbiter_4,earth,680010,684570
orbiter_earth,orbiter_4,earth,687090,691650
orbiter_earth,orbiter_4,earth,694170,698730
orbiter_earth,orbiter_4,earth,701250,705810
orbiter_earth,orbiter_4,earth,708330,712890
orbiter_earth,orbiter_4,earth,715410,719970
orbiter_earth,orbiter_4,earth,722490,727050
orbiter_earth,orbiter_4,earth,729570,734130
orbiter_earth,orbiter_4,earth,736650,741210
orbiter_earth,orbiter_4,earth,743760,748290
orbiter_earth,orbiter_4,earth,750840,755370
orbiter_earth,orbiter_4,earth,757920,762480
orbiter_earth,orbiter_4,earth,765000,769560
orbiter_earth,orbiter_4,earth,772080,776640
orbiter_earth,orbiter_4,earth,779160,783720
orbiter_earth,orbiter_4,earth,786240,790800
orbiter_earth,orbiter_4,earth,793320,797880
orbiter_earth,orbiter_4,earth,800400,804960
orbiter_earth,orbiter_4,earth,807480,812040
orbiter_earth,orbiter_4,earth,814560,819120
orbiter_earth,orbiter_4,earth,821640,826200
orbiter_earth,orbiter_4,earth,828750,833280
orbiter_earth,orbiter_4,earth,835830,840360
orbiter_earth,orbiter_4,earth,842910,847470
orbiter_earth,orbiter_4,earth,849990,854550
orbiter_earth,orbiter_4,earth,857070,861630
orbiter_earth,orbiter_4,earth,864150,868710
orbiter_earth,orbiter_4,earth,871230,875790
orbiter_earth,orbiter_4,earth,878310,882870
orbiter_earth,orbiter_4,earth,885390,889950
orbiter_earth,orbiter_4,earth,892470,897030
orbiter_earth,orbiter_4,earth,899550,904110
orbiter_earth,orbiter_4,earth,906630,911190
orbiter_earth,orbiter_4,earth,913740,918270
orbiter_earth,orbiter_4,earth,920820,925350
orbiter_earth,orbiter_4,earth,927900,932460
orbiter_earth,orbiter_4,earth,934980,939540
orbiter_earth,orbiter_4,earth,942060,946620
orbiter_earth,orbiter_4,earth,949140,953700
orbiter_earth,orbiter_4,earth,956220,960780
orbiter_earth,orbiter_4,earth,963300,967860
orbiter_earth,orbiter_4,earth,970380,974940
orbiter_earth,orbiter_4,earth,977460,982020
orbiter_earth,orbiter_4,earth,984540,989100
orbiter_earth,orbiter_4,earth,991620,996180
orbiter_earth,orbiter_4,earth,998730,1003260
orbiter_earth,orbiter_4,earth,1005810,1010340
orbiter_earth,orbiter_4,earth,1012890,1017450
orbiter_earth,orbiter_4,earth,1019970,1024530
orbiter_earth,orbiter_4,earth,1027050,1031610
orbiter_earth,orbiter_4,earth,1034130,1038690
orbiter_earth,orbiter_4,earth,1041210,1045770
orbiter_earth,orbiter_4,earth,1048290,1052850
orbiter_earth,orbiter_4,earth,1055370,1059930
orbiter_earth,orbiter_4,earth,1062450,1067010
orbiter_earth,orbiter_4,earth,1069530,1074090
orbiter_earth,orbiter_4,earth,1076610,1081170
orbiter_earth,orbiter_4,earth,1083720,1088250
orbiter_earth,orbiter_4,earth,1090800,1095360
orbiter_earth,orbiter_4,earth,1097880,1102440
orbiter_earth,orbiter_4,earth,1104960,1109520
orbiter_earth,orbiter_4,earth,1112040,1116600
orbiter_earth,orbiter_4,earth,1119120,1123680
orbiter_earth,orbiter_4,earth,1126200,1130760
orbiter_earth,orbiter_4,earth,1133280,1137840
orbiter_earth,orbiter_4,earth,1140360,1144920
orbiter_earth,orbiter_4,earth,1147440,1152000
orbiter_earth,orbiter_4,earth,1154520,1159080
orbiter_earth,orbiter_4,earth,1161600,1166160
orbiter_earth,orbiter_4,earth,1168710,1173240
orbiter_earth,orbiter_4,earth,1175790,1180350
orbiter_earth,orbiter_4,earth,1182870,1187430
orbiter_earth,orbiter_4,earth,1189950,1194510
orbiter_earth,orbiter_4,earth,1197030,1201590
orbiter_earth,orbiter_4,earth,1204110,1208670
orbiter_earth,orbiter_4,earth,1211190,1215750
orbiter_earth,orbiter_4,earth,1218270,1222830
orbiter_earth,orbiter_4,earth,1225350,1229910
orbiter_earth,orbiter_4,earth,1232430,1236990
orbiter_earth,orbiter_4,earth,1239510,1244070
orbiter_earth,orbiter_4,earth,1246590,1251150
orbiter_earth,orbiter_4,earth,1253700,1258230
orbiter_earth,orbiter_4,earth,1260780,1265340
orbiter_earth,orbiter_4,earth,1267860,1272420
orbiter_earth,orbiter_4,earth,1274940,1279500
orbiter_earth,orbiter_4,earth,1282020,1286580
orbiter_earth,orbiter_4,earth,1289100,1293660
orbiter_earth,orbiter_4,earth,1296180,1300740
orbiter_earth,orbiter_4,earth,1303260,1307820
orbiter_earth,orbiter_4,earth,1310340,1314900
orbiter_earth,orbiter_4,earth,1317420,1321980
orbiter_earth,orbiter_4,earth,1324500,1329060
orbiter_earth,orbiter_4,earth,1331580,1336140
orbiter_earth,orbiter_4,earth,1338690,1343220
orbiter_earth,orbiter_4,earth,1345770,1350330
orbiter_earth,orbiter_4,earth,1352850,1357410
orbiter_earth,orbiter_4,earth,1359930,1364490
orbiter_earth,orbiter_4,earth,1367010,1371570
orbiter_earth,orbiter_4,earth,1374090,1378650
orbiter_earth,orbiter_4,earth,1381170,1385730
orbiter_earth,orbiter_4,earth,1388250,1392810
orbiter_earth,orbiter_4,earth,1395330,1399890
orbiter_earth,orbiter_4,earth,1402410,1406970
orbiter_earth,orbiter_4,earth,1409490,1414050
orbiter_earth,orbiter_4,earth,1416570,1421130
orbiter_earth,orbiter_4,earth,1423680,1428210
orbiter_earth,orbiter_4,earth,1430760,1435320
orbiter_earth,orbiter_4,earth,1437840,1442400
orbiter_earth,orbiter_4,earth,1444920,1449480
orbiter_earth,orbiter_4,earth,1452000,1456560
orbiter_earth,orbiter_4,earth,1459080,1463640
orbiter_earth,orbiter_4,earth,1466160,1470720
orbiter_earth,orbiter_4,earth,1473240,1477800
orbiter_earth,orbiter_4,earth,1480320,1484880
orbiter_earth,orbiter_4,earth,1487400,1491960
orbiter_earth,orbiter_4,earth,1494480,1499040
orbiter_earth,orbiter_4,earth,1501560,1506120
orbiter_earth,orbiter_4,earth,1508670,1513200
orbiter_earth,orbiter_4,earth,1515750,1520310
orbiter_earth,orbiter_4,earth,1522830,1527390
orbiter_earth,orbiter_4,earth,1529910,1534470
orbiter_earth,orbiter_4,earth,1536990,1541550
orbiter_earth,orbiter_4,earth,1544070,1548630
orbiter_earth,orbiter_4,earth,1551150,1555710
orbiter_earth,orbiter_4,earth,1558230,1562790
orbiter_earth,orbiter_4,earth,1565310,1569870
orbiter_earth,orbiter_4,earth,1572390,1576950
orbiter_earth,orbiter_4,earth,1579470,1584030
orbiter_earth,orbiter_4,earth,1586550,1591110
orbiter_earth,orbiter_4,earth,1593660,1598190
orbiter_earth,orbiter_4,earth,1600740,1605300
orbiter_earth,orbiter_4,earth,1607820,1612380
orbiter_earth,orbiter_4,earth,1614900,1619460
orbiter_earth,orbiter_4,earth,1621980,1626540
orbiter_earth,orbiter_4,earth,1629060,1633620
orbiter_earth,orbiter_4,earth,1636140,1640700
orbiter_earth,orbiter_4,earth,1643220,1647780
orbiter_earth,orbiter_4,earth,1650300,1654860
orbiter_earth,orbiter_4,earth,1657380,1661940
orbiter_earth,orbiter_4,earth,1664460,1669020
orbiter_earth,orbiter_4,earth,1671540,1676100
orbiter_earth,orbiter_4,earth,1678650,1683180
orbiter_earth,orbiter_4,earth,1685730,1690290
orbiter_earth,orbiter_4,earth,1692810,1697370
orbiter_earth,orbiter_4,earth,1699890,1704450
orbiter_earth,orbiter_4,earth,1706970,1711530
orbiter_earth,orbiter_4,earth,1714050,1718610
orbiter_earth,orbiter_4,earth,1721130,1725690
orbiter_earth,orbiter_4,earth,1728210,1732770
orbiter_earth,orbiter_4,earth,1735290,1739850
orbiter_earth,orbiter_4,earth,1742370,1746930
orbiter_earth,orbiter_4,earth,1749450,1754010
orbiter_earth,orbiter_4,earth,1756530,1761090
orbiter_earth,orbiter_4,earth,1763640,1768170
orbiter_earth,orbiter_4,earth,1770720,1775280
orbiter_earth,orbiter_4,earth,1777800,1782360
orbiter_earth,orbiter_4,earth,1784880,1789440
orbiter_earth,orbiter_4,earth,1791960,1796520
orbiter_earth,orbiter_4,earth,1799040,1803600
orbiter_earth,orbiter_4,earth,1806120,1810680
orbiter_earth,orbiter_4,earth,1813200,1817760
orbiter_earth,orbiter_4,earth,1820280,1824840
orbiter_earth,orbiter_4,earth,1827360,1831920
orbiter_earth,orbiter_4,earth,1834440,1839000
orbiter_earth,orbiter_4,earth,1841520,1846080
orbiter_earth,orbiter_4,earth,1848630,1853160
orbiter_earth,orbiter_4,earth,1855710,1860270
orbiter_earth,orbiter_4,earth,1862790,1867350
orbiter_earth,orbiter_4,earth,1869870,1874430
orbiter_earth,orbiter_4,earth,1876950,1881510
orbiter_earth,orbiter_4,earth,1884030,1888590
orbiter_earth,orbiter_4,earth,1891110,1895670
orbiter_earth,orbiter_4,earth,1898190,1902750
orbiter_earth,orbiter_4,earth,1905270,1909830
orbiter_earth,orbiter_4,earth,1912350,1916910
orbiter_earth,orbiter_4,earth,1919430,1923990
orbiter_earth,orbiter_4,earth,1926510,1931070
orbiter_earth,orbiter_4,earth,1933620,1938150
orbiter_earth,orbiter_4,earth,1940700,1945260
orbiter_earth,orbiter_4,earth,1947780,1952340
orbiter_earth,orbiter_4,earth,1954860,1959420
orbiter_earth,orbiter_4,earth,1961940,1966500
orbiter_earth,orbiter_4,earth,1969020,1973580
orbiter_earth,orbiter_4,earth,1976100,1980660
orbiter_earth,orbiter_4,earth,1983180,1987740
orbiter_earth,orbiter_4,earth,1990260,1994820
orbiter_earth,orbiter_4,earth,1997340,2001900
orbiter_earth,orbiter_4,earth,2004420,2008980
orbiter_earth,orbiter_4,earth,2011500,2016060
orbiter_earth,orbiter_4,earth,2018610,2023140
orbiter_earth,orbiter_4,earth,2025690,2030250
orbiter_earth,orbiter_4,earth,2032770,2037330
orbiter_earth,orbiter_4,earth,2039850,2044410
orbiter_earth,orbiter_4,earth,2046930,2051490
orbiter_earth,orbiter_4,earth,2054010,2058570
orbiter_earth,orbiter_4,earth,2061090,2065650
orbiter_earth,orbiter_4,earth,2068170,2072730
orbiter_earth,orbiter_4,earth,2075250,2079810
orbiter_earth,orbiter_4,earth,2082330,2086890
orbiter_earth,orbiter_4,earth,2089410,2093970
orbiter_earth,orbiter_4,earth,2096490,2101050
orbiter_earth,orbiter_4,earth,2103600,2108130
orbiter_earth,orbiter_4,earth,2110680,2115240
orbiter_earth,orbiter_4,earth,2117760,2122320
orbiter_earth,orbiter_4,earth,2124840,2129400
orbiter_earth,orbiter_4,earth,2131920,2136480
orbiter_earth,orbiter_4,earth,2139000,2143560
orbiter_earth,orbiter_4,earth,2146080,2150640
orbiter_earth,orbiter_4,earth,2153160,2157720
orbiter_earth,orbiter_4,earth,2160240,2164800
orbiter_earth,orbiter_4,earth,2167320,2171880
orbiter_earth,orbiter_4,earth,2174400,2178960
orbiter_earth,orbiter_4,earth,2181480,2186040
orbiter_earth,orbiter_4,earth,2188590,2193120
orbiter_earth,orbiter_4,earth,2195670,2200230
orbiter_earth,orbiter_4,earth,2202750,2207310
orbiter_earth,orbiter_4,earth,2209830,2214390
orbiter_earth,orbiter_4,earth,2216910,2221470
orbiter_earth,orbiter_4,earth,2223990,2228550
orbiter_earth,orbiter_4,earth,2231070,2235630
orbiter_earth,orbiter_4,earth,2238150,2242710
orbiter_earth,orbiter_4,earth,2245230,2249790
orbiter_earth,orbiter_4,earth,2252310,2256870
orbiter_earth,orbiter_4,earth,2259390,2263950
orbiter_earth,orbiter_4,earth,2266470,2271030
orbiter_earth,orbiter_4,earth,2273580,2278110
orbiter_earth,orbiter_4,earth,2280660,2285220
orbiter_earth,orbiter_4,earth,2287740,2292300
orbiter_earth,orbiter_4,earth,2294820,2299380
orbiter_earth,orbiter_4,earth,2301900,2306460
orbiter_earth,orbiter_4,earth,2308980,2313540
orbiter_earth,orbiter_4,earth,2316060,2320620
orbiter_earth,orbiter_4,earth,2323140,2327700
orbiter_earth,orbiter_4,earth,2330220,2334780
orbiter_earth,orbiter_4,earth,2337300,2341860
orbiter_earth,orbiter_4,earth,2344380,2348940
orbiter_earth,orbiter_4,earth,2351460,2356020
orbiter_earth,orbiter_4,earth,2358570,2363100
orbiter_earth,orbiter_4,earth,2365650,2370210
orbiter_earth,orbiter_4,earth,2372730,2377290
orbiter_earth,orbiter_4,earth,2379810,2384370
orbiter_earth,orbiter_4,earth,2386890,2391450
orbiter_earth,orbiter_4,earth,2393970,2398530
orbiter_earth,orbiter_4,earth,2401050,2405610
orbiter_earth,orbiter_4,earth,2408130,2412690
orbiter_earth,orbiter_4,earth,2415210,2419770
orbiter_earth,orbiter_4,earth,2422290,2426850
orbiter_earth,orbiter_4,earth,2429370,2433930
orbiter_earth,orbiter_4,earth,2436450,2441010
orbiter_earth,orbiter_4,earth,2443560,2448090
orbiter_earth,orbiter_4,earth,2450640,2455200
orbiter_earth,orbiter_4,earth,2457720,2462280
orbiter_earth,orbiter_4,earth,2464800,2469360
orbiter_earth,orbiter_4,earth,2471880,2476440
orbiter_earth,orbiter_4,earth,2478960,2483520
orbiter_earth,orbiter_4,earth,2486040,2490600
orbiter_earth,orbiter_4,earth,2493120,2497680
orbiter_earth,orbiter_4,earth,2500200,2504760
orbiter_earth,orbiter_4,earth,2507280,2511840
orbiter_earth,orbiter_4,earth,2514360,2518920
orbiter_earth,orbiter_4,earth,2521440,2526000
orbiter_earth,orbiter_4,earth,2528550,2533080
orbiter_earth,orbiter_4,earth,2535630,2540190
orbiter_earth,orbiter_4,earth,2542710,2547270
orbiter_earth,orbiter_4,earth,2549790,2554350
orbiter_earth,orbiter_4,earth,2556870,2561430
orbiter_earth,orbiter_4,earth,2563950,2568510
orbiter_earth,orbiter_4,earth,2571030,2575590
orbiter_earth,orbiter_4,earth,2578110,2582670
orbiter_earth,orbiter_4,earth,2585190,2589750
orbiter_earth,orbiter_5,earth,0,3450
orbiter_earth,orbiter_5,earth,5970,10530
orbiter_earth,orbiter_5,earth,13080,17610
orbiter_earth,orbiter_5,earth,20160,24720
orbiter_earth,orbiter_5,earth,27240,31800
orbiter_earth,orbiter_5,earth,34320,38880
orbiter_earth,orbiter_5,earth,41400,45960
orbiter_earth,orbiter_5,earth,48480,53040
orbiter_earth,orbiter_5,earth,55560,60120
orbiter_earth,orbiter_5,earth,62640,67200
orbiter_earth,orbiter_5,earth,69720,74280
orbiter_earth,orbiter_5,earth,76800,81360
orbiter_earth,orbiter_5,earth,83880,88440
orbiter_earth,orbiter_5,earth,90960,95520
orbiter_earth,orbiter_5,earth,98070,102600
orbiter_earth,orbiter_5,earth,105150,109710
orbiter_earth,orbiter_5,earth,112230,116790
orbiter_earth,orbiter_5,earth,119310,123870
orbiter_earth,orbiter_5,earth,126390,130950
orbiter_earth,orbiter_5,earth,133470,138030
orbiter_earth,orbiter_5,earth,140550,145110
orbiter_earth,orbiter_5,earth,147630,152190
orbiter_earth,orbiter_5,earth,154710,159270
orbiter_earth,orbiter_5,earth,161790,166350
orbiter_earth,orbiter_5,earth,168870,173430
orbiter_earth,orbiter_5,earth,175950,180510
orbiter_earth,orbiter_5,earth,183060,187590
orbiter_earth,orbiter_5,earth,190140,194700
orbiter_earth,orbiter_5,earth,197220,201780
orbiter_earth,orbiter_5,earth,204300,208860
orbiter_earth,orbiter_5,earth,211380,215940
orbiter_earth,orbiter_5,earth,218460,223020
orbiter_earth,orbiter_5,earth,225540,230100
orbiter_earth,orbiter_5,earth,232620,237180
orbiter_earth,orbiter_5,earth,239700,244260
orbiter_earth,orbiter_5,earth,246780,251340
orbiter_earth,orbiter_5,earth,253860,258420
orbiter_earth,orbiter_5,earth,260940,265500
orbiter_earth,orbiter_5,earth,268050,272580
orbiter_earth,orbiter_5,earth,275130,279690
orbiter_earth,orbiter_5,earth,282210,286770
orbiter_earth,orbiter_5,earth,289290,293850
orbiter_earth,orbiter_5,earth,296370,300930
orbiter_earth,orbiter_5,earth,303450,308010
orbiter_earth,orbiter_5,earth,310530,315090
orbiter_earth,orbiter_5,earth,317610,322170
orbiter_earth,orbiter_5,earth,324690,329250
orbiter_earth,orbiter_5,earth,331770,336330
orbiter_earth,orbiter_5,earth,338850,343410
orbiter_earth,orbiter_5,earth,345960,350490
orbiter_earth,orbiter_5,earth,353040,357570
orbiter_earth,orbiter_5,earth,360120,364680
orbiter_earth,orbiter_5,earth,367200,371760
orbiter_earth,orbiter_5,earth,374280,378840
orbiter_earth,orbiter_5,earth,381360,385920
orbiter_earth,orbiter_5,earth,388440,393000
orbiter_earth,orbiter_5,earth,395520,400080
orbiter_earth,orbiter_5,earth,402600,407160
orbiter_earth,orbiter_5,earth,409680,414240
orbiter_earth,orbiter_5,earth,416760,421320
orbiter_earth,orbiter_5,earth,423840,428400
orbiter_earth,orbiter_5,earth,430950,435480
orbiter_earth,orbiter_5,earth,438030,442560
orbiter_earth,orbiter_5,earth,445110,449670
orbiter_earth,orbiter_5,earth,452190,456750
orbiter_earth,orbiter_5,earth,459270,463830
orbiter_earth,orbiter_5,earth,466350,470910
orbiter_earth,orbiter_5,earth,473430,477990
orbiter_earth,orbiter_5,earth,480510,485070
orbiter_earth,orbiter_5,earth,487590,492150
orbiter_earth,orbiter_5,earth,494670,499230
orbiter_earth,orbiter_5,earth,501750,506310
orbiter_earth,orbiter_5,earth,508830,513390
orbiter_earth,orbiter_5,earth,515940,520470
orbiter_earth,orbiter_5,earth,523020,527550
orbiter_earth,orbiter_5,earth,530100,534660
orbiter_earth,orbiter_5,earth,537180,541740
orbiter_earth,orbiter_5,earth,544260,548820
orbiter_earth,orbiter_5,earth,551340,555900
orbiter_earth,orbiter_5,earth,558420,562980
orbiter_earth,orbiter_5,earth,565500,570060
orbiter_earth,orbiter_5,earth,572580,577140
orbiter_earth,orbiter_5,earth,579660,584220
orbiter_earth,orbiter_5,earth,586740,591300
orbiter_earth,orbiter_5,earth,593820,598380
orbiter_earth,orbiter_5,earth,600930,605460
orbiter_earth,orbiter_5,earth,608010,612540
orbiter_earth,orbiter_5,earth,615090,619650
orbiter_earth,orbiter_5,earth,622170,626730
orbiter_earth,orbiter_5,earth,629250,633810
orbiter_earth,orbiter_5,earth,636330,640890
orbiter_earth,orbiter_5,earth,643410,647970
orbiter_earth,orbiter_5,earth,650490,655050
orbiter_earth,orbiter_5,earth,657570,662130
orbiter_earth,orbiter_5,earth,664650,669210
orbiter_earth,orbiter_5,earth,671730,676290
orbiter_earth,orbiter_5,earth,678810,683370
orbiter_earth,orbiter_5,earth,685920,690450
orbiter_earth,orbiter_5,earth,693000,697530
orbiter_earth,orbiter_5,earth,700080,704640
orbiter_earth,orbiter_5,earth,707160,711720
orbiter_earth,orbiter_5,earth,714240,718800
orbiter_earth,orbiter_5,earth,721320,725880
orbiter_earth,orbiter_5,earth,728400,732960
orbiter_earth,orbiter_5,earth,735480,740040
orbiter_earth,orbiter_5,earth,742560,747120
orbiter_earth,orbiter_5,earth,749640,754200
orbiter_earth,orbiter_5,earth,756720,761280
orbiter_earth,orbiter_5,earth,763800,768360
orbiter_earth,orbiter_5,earth,770910,775440
orbiter_earth,orbiter_5,earth,777990,782520
orbiter_earth,orbiter_5,earth,785070,789630
orbiter_earth,orbiter_5,earth,792150,796710
orbiter_earth,orbiter_5,earth,799230,803790
orbiter_earth,orbiter_5,earth,806310,810870
orbiter_earth,orbiter_5,earth,813390,817950
orbiter_earth,orbiter_5,earth,820470,825030
orbiter_earth,orbiter_5,earth,827550,832110
orbiter_earth,orbiter_5,earth,834630,839190
orbiter_earth,orbiter_5,earth,841710,846270
orbiter_earth,orbiter_5,earth,848790,853350
orbiter_earth,orbiter_5,earth,855900,860430
orbiter_earth,orbiter_5,earth,862980,867510
orbiter_earth,orbiter_5,earth,870060,874620
orbiter_earth,orbiter_5,earth,877140,881700
orbiter_earth,orbiter_5,earth,884220,888780
orbiter_earth,orbiter_5,earth,891300,895860
orbiter_earth,orbiter_5,earth,898380,902940
orbiter_earth,orbiter_5,earth,905460,910020
orbiter_earth,orbiter_5,earth,912540,917100
orbiter_earth,orbiter_5,earth,919620,924180
orbiter_earth,orbiter_5,earth,926700,931260
orbiter_earth,orbiter_5,earth,933780,938340
orbiter_earth,orbiter_5,earth,940890,945420
orbiter_earth,orbiter_5,earth,947970,952500
orbiter_earth,orbiter_5,earth,955050,959610
orbiter_earth,orbiter_5,earth,962130,966690
orbiter_earth,orbiter_5,earth,969210,973770
orbiter_earth,orbiter_5,earth,976290,980850
orbiter_earth,orbiter_5,earth,983370,987930
orbiter_earth,orbiter_5,earth,990450,995010
orbiter_earth,orbiter_5,earth,997530,1002090
orbiter_earth,orbiter_5,earth,1004610,1009170
orbiter_earth,orbiter_5,earth,1011690,1016250
orbiter_earth,orbiter_5,earth,1018770,1023330
orbiter_earth,orbiter_5,earth,1025880,1030410
orbiter_earth,orbiter_5,earth,1032960,1037490
orbiter_earth,orbiter_5,earth,1040040,1044600
orbiter_earth,orbiter_5,earth,1047120,1051680
orbiter_earth,orbiter_5,earth,1054200,1058760
orbiter_earth,orbiter_5,earth,1061280,1065840
orbiter_earth,orbiter_5,earth,1068360,1072920
orbiter_earth,orbiter_5,earth,1075440,1080000
orbiter_earth,orbiter_5,earth,1082520,1087080
orbiter_earth,orbiter_5,earth,1089600,1094160
orbiter_earth,orbiter_5,earth,1096680,1101240
orbiter_earth,orbiter_5,earth,1103760,1108320
orbiter_earth,orbiter_5,earth,1110870,1115400
orbiter_earth,orbiter_5,earth,1117950,1122480
orbiter_earth,orbiter_5,earth,1125030,1129590
orbiter_earth,orbiter_5,earth,1132110,1136670
orbiter_earth,orbiter_5,earth,1139190,1143750
orbiter_earth,orbiter_5,earth,1146270,1150830
orbiter_earth,orbiter_5,earth,1153350,1157910
orbiter_earth,orbiter_5,earth,1160430,1164990
orbiter_earth,orbiter_5,earth,1167510,1172070
orbiter_earth,orbiter_5,earth,1174590,1179150
orbiter_earth,orbiter_5,earth,1181670,1186230
orbiter_earth,orbiter_5,earth,1188750,1193310
orbiter_earth,orbiter_5,earth,1195860,1200390
orbiter_earth,orbiter_5,earth,1202940,1207470
orbiter_earth,orbiter_5,earth,1210020,1214580
orbiter_earth,orbiter_5,earth,1217100,1221660
orbiter_earth,orbiter_5,earth,1224180,1228740
orbiter_earth,orbiter_5,earth,1231260,1235820
orbiter_earth,orbiter_5,earth,1238340,1242900
orbiter_earth,orbiter_5,earth,1245420,1249980
orbiter_earth,orbiter_5,earth,1252500,1257060
orbiter_earth,orbiter_5,earth,1259580,1264140
orbiter_earth,orbiter_5,earth,1266660,1271220
orbiter_earth,orbiter_5,earth,1273740,1278300
orbiter_earth,orbiter_5,earth,1280850,1285380
orbiter_earth,orbiter_5,earth,1287930,1292460
orbiter_earth,orbiter_5,earth,1295010,1299570
orbiter_earth,orbiter_5,earth,1302090,1306650
orbiter_earth,orbiter_5,earth,1309170,1313730
orbiter_earth,orbiter_5,earth,1316250,1320810
orbiter_earth,orbiter_5,earth,1323330,1327890
orbiter_earth,orbiter_5,earth,1330410,1334970
orbiter_earth,orbiter_5,earth,1337490,1342050
orbiter_earth,orbiter_5,earth,1344570,1349130
orbiter_earth,orbiter_5,earth,1351650,1356210
orbiter_earth,orbiter_5,earth,1358730,1363290
orbiter_earth,orbiter_5,earth,1365840,1370370
orbiter_earth,orbiter_5,earth,1372920,1377450
orbiter_earth,orbiter_5,earth,1380000,1384560
orbiter_earth,orbiter_5,earth,1387080,1391640
orbiter_earth,orbiter_5,earth,1394160,1398720
orbiter_earth,orbiter_5,earth,1401240,1405800
orbiter_earth,orbiter_5,earth,1408320,1412880
orbiter_earth,orbiter_5,earth,1415400,1419960
orbiter_earth,orbiter_5,earth,1422480,1427040
orbiter_earth,orbiter_5,earth,1429560,1434120
orbiter_earth,orbiter_5,earth,1436640,1441200
orbiter_earth,orbiter_5,earth,1443720,1448280
orbiter_earth,orbiter_5,earth,1450830,1455360
orbiter_earth,orbiter_5,earth,1457910,1462440
orbiter_earth,orbiter_5,earth,1464990,1469550
orbiter_earth,orbiter_5,earth,1472070,1476630
orbiter_earth,orbiter_5,earth,1479150,1483710
orbiter_earth,orbiter_5,earth,1486230,1490790
orbiter_earth,orbiter_5,earth,1493310,1497870
orbiter_earth,orbiter_5,earth,1500390,1504950
orbiter_earth,orbiter_5,earth,1507470,1512030
orbiter_earth,orbiter_5,earth,1514550,1519110
orbiter_earth,orbiter_5,earth,1521630,1526190
orbiter_earth,orbiter_5,earth,1528710,1533270
orbiter_earth,orbiter_5,earth,1535820,1540350
orbiter_earth,orbiter_5,earth,1542900,1547430
orbiter_earth,orbiter_5,earth,1549980,1554540
orbiter_earth,orbiter_5,earth,1557060,1561620
orbiter_earth,orbiter_5,earth,1564140,1568700
orbiter_earth,orbiter_5,earth,1571220,1575780
orbiter_earth,orbiter_5,earth,1578300,1582860
orbiter_earth,orbiter_5,earth,1585380,1589940
orbiter_earth,orbiter_5,earth,1592460,1597020
orbiter_earth,orbiter_5,earth,1599540,1604100
orbiter_earth,orbiter_5,earth,1606620,1611180
orbiter_earth,orbiter_5,earth,1613700,1618260
orbiter_earth,orbiter_5,earth,1620810,1625340
orbiter_earth,orbiter_5,earth,1627890,1632450
orbiter_earth,orbiter_5,earth,1634970,1639530
orbiter_earth,orbiter_5,earth,1642050,1646610
orbiter_earth,orbiter_5,earth,1649130,1653690
orbiter_earth,orbiter_5,earth,1656210,1660770
orbiter_earth,orbiter_5,earth,1663290,1667850
orbiter_earth,orbiter_5,earth,1670370,1674930
orbiter_earth,orbiter_5,earth,1677450,1682010
orbiter_earth,orbiter_5,earth,1684530,1689090
orbiter_earth,orbiter_5,earth,1691610,1696170
orbiter_earth,orbiter_5,earth,1698690,1703250
orbiter_earth,orbiter_5,earth,1705800,1710330
orbiter_earth,orbiter_5,earth,1712880,1717440
orbiter_earth,orbiter_5,earth,1719960,1724520
orbiter_earth,orbiter_5,earth,1727040,1731600
orbiter_earth,orbiter_5,earth,1734120,1738680
orbiter_earth,orbiter_5,earth,1741200,1745760
orbiter_earth,orbiter_5,earth,1748280,1752840
orbiter_earth,orbiter_5,earth,1755360,1759920
orbiter_earth,orbiter_5,earth,1762440,1767000
orbiter_earth,orbiter_5,earth,1769520,1774080
orbiter_earth,orbiter_5,earth,1776600,1781160
orbiter_earth,orbiter_5,earth,1783680,1788240
orbiter_earth,orbiter_5,earth,1790790,1795320
orbiter_earth,orbiter_5,earth,1797870,1802430
orbiter_earth,orbiter_5,earth,1804950,1809510
orbiter_earth,orbiter_5,earth,1812030,1816590
orbiter_earth,orbiter_5,earth,1819110,1823670
orbiter_earth,orbiter_5,earth,1826190,1830750
orbiter_earth,orbiter_5,earth,1833270,1837830
orbiter_earth,orbiter_5,earth,1840350,1844910
orbiter_earth,orbiter_5,earth,1847430,1851990
orbiter_earth,orbiter_5,earth,1854510,1859070
orbiter_earth,orbiter_5,earth,1861590,1866150
orbiter_earth,orbiter_5,earth,1868670,1873230
orbiter_earth,orbiter_5,earth,1875780,1880310
orbiter_earth,orbiter_5,earth,1882860,1887420
orbiter_earth,orbiter_5,earth,1889940,1894500
orbiter_earth,orbiter_5,earth,1897020,1901580
orbiter_earth,orbiter_5,earth,1904100,1908660
orbiter_earth,orbiter_5,earth,1911180,1915740
orbiter_earth,orbiter_5,earth,1918260,1922820
orbiter_earth,orbiter_5,earth,1925340,1929900
orbiter_earth,orbiter_5,earth,1932420,1936980
orbiter_earth,orbiter_5,earth,1939500,1944060
orbiter_earth,orbiter_5,earth,1946580,1951140
orbiter_earth,orbiter_5,earth,1953660,1958220
orbiter_earth,orbiter_5,earth,1960770,1965300
orbiter_earth,orbiter_5,earth,1967850,1972410
orbiter_earth,orbiter_5,earth,1974930,1979490
orbiter_earth,orbiter_5,earth,1982010,1986570
orbiter_earth,orbiter_5,earth,1989090,1993650
orbiter_earth,orbiter_5,earth,1996170,2000730
orbiter_earth,orbiter_5,earth,2003250,2007810
orbiter_earth,orbiter_5,earth,2010330,2014890
orbiter_earth,orbiter_5,earth,2017410,2021970
orbiter_earth,orbiter_5,earth,2024490,2029050
orbiter_earth,orbiter_5,earth,2031570,2036130
orbiter_earth,orbiter_5,earth,2038650,2043210
orbiter_earth,orbiter_5,earth,2045760,2050290
orbiter_earth,orbiter_5,earth,2052840,2057400
orbiter_earth,orbiter_5,earth,2059920,2064480
orbiter_earth,orbiter_5,earth,2067000,2071560
orbiter_earth,orbiter_5,earth,2074080,2078640
orbiter_earth,orbiter_5,earth,2081160,2085720
orbiter_earth,orbiter_5,earth,2088240,2092800
orbiter_earth,orbiter_5,earth,2095320,2099880
orbiter_earth,orbiter_5,earth,2102400,2106960
orbiter_earth,orbiter_5,earth,2109480,2114040
orbiter_earth,orbiter_5,earth,2116560,2121120
orbiter_earth,orbiter_5,earth,2123640,2128200
orbiter_earth,orbiter_5,earth,2130750,2135280
orbiter_earth,orbiter_5,earth,2137830,2142390
orbiter_earth,orbiter_5,earth,2144910,2149470
orbiter_earth,orbiter_5,earth,2151990,2156550
orbiter_earth,orbiter_5,earth,2159070,2163630
orbiter_earth,orbiter_5,earth,2166150,2170710
orbiter_earth,orbiter_5,earth,2173230,2177790
orbiter_earth,orbiter_5,earth,2180310,2184870
orbiter_earth,orbiter_5,earth,2187390,2191950
orbiter_earth,orbiter_5,earth,2194470,2199030
orbiter_earth,orbiter_5,earth,2201550,2206110
orbiter_earth,orbiter_5,earth,2208630,2213190
orbiter_earth,orbiter_5,earth,2215740,2220270
orbiter_earth,orbiter_5,earth,2222820,2227380
orbiter_earth,orbiter_5,earth,2229900,2234460
orbiter_earth,orbiter_5,earth,2236980,2241540
orbiter_earth,orbiter_5,earth,2244060,2248620
orbiter_earth,orbiter_5,earth,2251140,2255700
orbiter_earth,orbiter_5,earth,2258220,2262780
orbiter_earth,orbiter_5,earth,2265300,2269860
orbiter_earth,orbiter_5,earth,2272380,2276940
orbiter_earth,orbiter_5,earth,2279460,2284020
orbiter_earth,orbiter_5,earth,2286540,2291100
orbiter_earth,orbiter_5,earth,2293620,2298180
orbiter_earth,orbiter_5,earth,2300730,2305260
orbiter_earth,orbiter_5,earth,2307810,2312370
orbiter_earth,orbiter_5,earth,2314890,2319450
orbiter_earth,orbiter_5,earth,2321970,2326530
orbiter_earth,orbiter_5,earth,2329050,2333610
orbiter_earth,orbiter_5,earth,2336130,2340690
orbiter_earth,orbiter_5,earth,2343210,2347770
orbiter_earth,orbiter_5,earth,2350290,2354850
orbiter_earth,orbiter_5,earth,2357370,2361930
orbiter_earth,orbiter_5,earth,2364450,2369010
orbiter_earth,orbiter_5,earth,2371530,2376090
orbiter_earth,orbiter_5,earth,2378610,2383170
orbiter_earth,orbiter_5,earth,2385720,2390250
orbiter_earth,orbiter_5,earth,2392800,2397360
orbiter_earth,orbiter_5,earth,2399880,2404440
orbiter_earth,orbiter_5,earth,2406960,2411520
orbiter_earth,orbiter_5,earth,2414040,2418600
orbiter_earth,orbiter_5,earth,2421120,2425680
orbiter_earth,orbiter_5,earth,2428200,2432760
orbiter_earth,orbiter_5,earth,2435280,2439840
orbiter_earth,orbiter_5,earth,2442360,2446920
orbiter_earth,orbiter_5,earth,2449440,2454000
orbiter_earth,orbiter_5,earth,2456520,2461080
orbiter_earth,orbiter_5,earth,2463600,2468160
orbiter_earth,orbiter_5,earth,2470710,2475240
orbiter_earth,orbiter_5,earth,2477790,2482350
orbiter_earth,orbiter_5,earth,2484870,2489430
orbiter_earth,orbiter_5,earth,2491950,2496510
orbiter_earth,orbiter_5,earth,2499030,2503590
orbiter_earth,orbiter_5,earth,2506110,2510670
orbiter_earth,orbiter_5,earth,2513190,2517750
orbiter_earth,orbiter_5,earth,2520270,2524830
orbiter_earth,orbiter_5,earth,2527350,2531910
orbiter_earth,orbiter_5,earth,2534430,2538990
orbiter_earth,orbiter_5,earth,2541510,2546070
orbiter_earth,orbiter_5,earth,2548590,2553150
orbiter_earth,orbiter_5,earth,2555700,2560230
orbiter_earth,orbiter_5,earth,2562780,2567340
orbiter_earth,orbiter_5,earth,2569860,2574420
orbiter_earth,orbiter_5,earth,2576940,2581500
orbiter_earth,orbiter_5,earth,2584020,2588580
orbiter_earth,orbiter_5,earth,2591100,2592000
rover_orbiter,rover_1,orbiter_0,24090,24780
rover_orbiter,rover_1,orbiter_0,70860,71520
rover_orbiter,rover_1,orbiter_0,109320,109530
rover_orbiter,rover_1,orbiter_0,116190,116760
rover_orbiter,rover_1,orbiter_0,155880,156510
rover_orbiter,rover_1,orbiter_0,201150,201840
rover_orbiter,rover_1,orbiter_0,247920,248580
rover_orbiter,rover_1,orbiter_0,286470,286530
rover_orbiter,rover_1,orbiter_0,293250,293850
rover_orbiter,rover_1,orbiter_0,332970,333570
rover_orbiter,rover_1,orbiter_0,378240,378900
rover_orbiter,rover_1,orbiter_0,424980,425640
rover_orbiter,rover_1,orbiter_0,470310,470910
rover_orbiter,rover_1,orbiter_0,510030,510600
rover_orbiter,rover_1,orbiter_0,517290,517440
rover_orbiter,rover_1,orbiter_0,555300,555960
rover_orbiter,rover_1,orbiter_0,602040,602700
rover_orbiter,rover_1,orbiter_0,647370,647970
rover_orbiter,rover_1,orbiter_0,687120,687660
rover_orbiter,rover_1,orbiter_0,694320,694560
rover_orbiter,rover_1,orbiter_0,732360,732990
rover_orbiter,rover_1,orbiter_0,779100,779790
rover_orbiter,rover_1,orbiter_0,824430,825060
rover_orbiter,rover_1,orbiter_0,864180,864720
rover_orbiter,rover_1,orbiter_0,871350,871650
rover_orbiter,rover_1,orbiter_0,909420,910050
rover_orbiter,rover_1,orbiter_0,956160,956850
rover_orbiter,rover_1,orbiter_0,1001490,1002120
rover_orbiter,rover_1,orbiter_0,1041270,1041780
rover_orbiter,rover_1,orbiter_0,1048380,1048740
rover_orbiter,rover_1,orbiter_0,1086510,1087110
rover_orbiter,rover_1,orbiter_0,1133220,1133910
rover_orbiter,rover_1,orbiter_0,1178550,1179210
rover_orbiter,rover_1,orbiter_0,1218330,1218810
rover_orbiter,rover_1,orbiter_0,1225410,1225830
rover_orbiter,rover_1,orbiter_0,1263570,1264170
rover_orbiter,rover_1,orbiter_0,1270860,1270950
rover_orbiter,rover_1,orbiter_0,1310280,1310970
rover_orbiter,rover_1,orbiter_0,1355610,1356270
rover_orbiter,rover_1,orbiter_0,1395420,1395870
rover_orbiter,rover_1,orbiter_0,1402470,1402920
rover_orbiter,rover_1,orbiter_0,1440660,1441230
rover_orbiter,rover_1,orbiter_0,1447860,1448070
rover_orbiter,rover_1,orbiter_0,1487340,1488030
rover_orbiter,rover_1,orbiter_0,1532670,1533330
rover_orbiter,rover_1,orbiter_0,1572510,1572900
rover_orbiter,rover_1,orbiter_0,1579500,1580010
rover_orbiter,rover_1,orbiter_0,1617720,1618260
rover_orbiter,rover_1,orbiter_0,1624890,1625190
rover_orbiter,rover_1,orbiter_0,1664400,1665090
rover_orbiter,rover_1,orbiter_0,1709730,1710390
rover_orbiter,rover_1,orbiter_0,1749600,1749960
rover_orbiter,rover_1,orbiter_0,1756560,1757070
rover_orbiter,rover_1,orbiter_0,1794810,1795320
rover_orbiter,rover_1,orbiter_0,1801920,1802280
rover_orbiter,rover_1,orbiter_0,1841490,1842150
rover_orbiter,rover_1,orbiter_0,1886790,1887450
rover_orbiter,rover_1,orbiter_0,1926690,1926990
rover_orbiter,rover_1,orbiter_0,1933590,1934160
rover_orbiter,rover_1,orbiter_0,1971870,1972380
rover_orbiter,rover_1,orbiter_0,1978950,1979370
rover_orbiter,rover_1,orbiter_0,2018550,2019210
rover_orbiter,rover_1,orbiter_0,2063850,2064540
rover_orbiter,rover_1,orbiter_0,2103810,2104020
rover_orbiter,rover_1,orbiter_0,2110650,2111220
rover_orbiter,rover_1,orbiter_0,2148960,2149410
rover_orbiter,rover_1,orbiter_0,2156010,2156460
rover_orbiter,rover_1,orbiter_0,2195610,2196270
rover_orbiter,rover_1,orbiter_0,2240910,2241600
rover_orbiter,rover_1,orbiter_0,2280930,2281020
rover_orbiter,rover_1,orbiter_0,2287710,2288310
rover_orbiter,rover_1,orbiter_0,2326050,2326470
rover_orbiter,rover_1,orbiter_0,2333040,2333520
rover_orbiter,rover_1,orbiter_0,2372670,2373330
rover_orbiter,rover_1,orbiter_0,2417970,2418660
rover_orbiter,rover_1,orbiter_0,2464770,2465370
rover_orbiter,rover_1,orbiter_0,2503110,2503500
rover_orbiter,rover_1,orbiter_0,2510100,2510610
rover_orbiter,rover_1,orbiter_0,2549760,2550390
rover_orbiter,rover_1,orbiter_1,22950,23550
rover_orbiter,rover_1,orbiter_1,69660,70350
rover_orbiter,rover_1,orbiter_1,114990,115620
rover_orbiter,rover_1,orbiter_1,154770,155280
rover_orbiter,rover_1,orbiter_1,161880,162270
rover_orbiter,rover_1,orbiter_1,200010,200610
rover_orbiter,rover_1,orbiter_1,246720,247410
rover_orbiter,rover_1,orbiter_1,292050,292710
rover_orbiter,rover_1,orbiter_1,331860,332310
rover_orbiter,rover_1,orbiter_1,338910,339360
rover_orbiter,rover_1,orbiter_1,377070,377670
rover_orbiter,rover_1,orbiter_1,384330,384480
rover_orbiter,rover_1,orbiter_1,423780,424470
rover_orbiter,rover_1,orbiter_1,469110,469770
rover_orbiter,rover_1,orbiter_1,508950,509370
rover_orbiter,rover_1,orbiter_1,515970,516420
rover_orbiter,rover_1,orbiter_1,554160,554730
rover_orbiter,rover_1,orbiter_1,561360,561600
rover_orbiter,rover_1,orbiter_1,600840,601530
rover_orbiter,rover_1,orbiter_1,646170,646830
rover_orbiter,rover_1,orbiter_1,686040,686400
rover_orbiter,rover_1,orbiter_1,693000,693510
rover_orbiter,rover_1,orbiter_1,731220,731790
rover_orbiter,rover_1,orbiter_1,738390,738690
rover_orbiter,rover_1,orbiter_1,777930,778590
rover_orbiter,rover_1,orbiter_1,823230,823920
rover_orbiter,rover_1,orbiter_1,863130,863460
rover_orbiter,rover_1,orbiter_1,870060,870600
rover_orbiter,rover_1,orbiter_1,908310,908820
rover_orbiter,rover_1,orbiter_1,915420,915780
rover_orbiter,rover_1,orbiter_1,954990,955650
rover_orbiter,rover_1,orbiter_1,1000290,1000980
rover_orbiter,rover_1,orbiter_1,1040220,1040490
rover_orbiter,rover_1,orbiter_1,1047090,1047660
rover_orbiter,rover_1,orbiter_1,1085400,1085880
rover_orbiter,rover_1,orbiter_1,1092450,1092870
rover_orbiter,rover_1,orbiter_1,1132050,1132740
rover_orbiter,rover_1,orbiter_1,1177350,1178040
rover_orbiter,rover_1,orbiter_1,1217310,1217520
rover_orbiter,rover_1,orbiter_1,1224150,1224750
rover_orbiter,rover_1,orbiter_1,1262460,1262910
rover_orbiter,rover_1,orbiter_1,1269510,1269960
rover_orbiter,rover_1,orbiter_1,1309110,1309800
rover_orbiter,rover_1,orbiter_1,1354410,1355100
rover_orbiter,rover_1,orbiter_1,1394490,1394490
rover_orbiter,rover_1,orbiter_1,1401210,1401810
rover_orbiter,rover_1,orbiter_1,1439550,1439970
rover_orbiter,rover_1,orbiter_1,1446570,1447050
rover_orbiter,rover_1,orbiter_1,1486200,1486860
rover_orbiter,rover_1,orbiter_1,1531470,1532160
rover_orbiter,rover_1,orbiter_1,1578270,1578870
rover_orbiter,rover_1,orbiter_1,1616640,1617000
rover_orbiter,rover_1,orbiter_1,1623600,1624140
rover_orbiter,rover_1,orbiter_1,1663260,1663920
rover_orbiter,rover_1,orbiter_1,1708530,1709220
rover_orbiter,rover_1,orbiter_1,1755330,1755960
rover_orbiter,rover_1,orbiter_1,1793730,1794030
rover_orbiter,rover_1,orbiter_1,1800660,1801200
rover_orbiter,rover_1,orbiter_1,1840320,1840950
rover_orbiter,rover_1,orbiter_1,1885620,1886280
rover_orbiter,rover_1,orbiter_1,1932390,1933020
rover_orbiter,rover_1,orbiter_1,1970820,1971060
rover_orbiter,rover_1,orbiter_1,1977720,1978290
rover_orbiter,rover_1,orbiter_1,2017410,2018010
rover_orbiter,rover_1,orbiter_1,2062680,2063340
rover_orbiter,rover_1,orbiter_1,2109450,2110080
rover_orbiter,rover_1,orbiter_1,2147970,2148060
rover_orbiter,rover_1,orbiter_1,2154780,2155350
rover_orbiter,rover_1,orbiter_1,2194470,2195070
rover_orbiter,rover_1,orbiter_1,2239740,2240400
rover_orbiter,rover_1,orbiter_1,2286480,2287170
rover_orbiter,rover_1,orbiter_1,2331810,2332440
rover_orbiter,rover_1,orbiter_1,2371560,2372130
rover_orbiter,rover_1,orbiter_1,2378820,2378970
rover_orbiter,rover_1,orbiter_1,2416800,2417460
rover_orbiter,rover_1,orbiter_1,2463540,2464230
rover_orbiter,rover_1,orbiter_1,2508870,2509500
rover_orbiter,rover_1,orbiter_1,2548620,2549190
rover_orbiter,rover_1,orbiter_1,2555850,2556090
rover_orbiter,rover_1,orbiter_2,21810,22320
rover_orbiter,rover_1,orbiter_2,28920,29310
rover_orbiter,rover_1,orbiter_2,68490,69180
rover_orbiter,rover_1,orbiter_2,113790,114480
rover_orbiter,rover_1,orbiter_2,153720,153990
rover_orbiter,rover_1,orbiter_2,160620,161160
rover_orbiter,rover_1,orbiter_2,198900,199380
rover_orbiter,rover_1,orbiter_2,205950,206400
rover_orbiter,rover_1,orbiter_2,245550,246240
rover_orbiter,rover_1,orbiter_2,290850,291540
rover_orbiter,rover_1,orbiter_2,330840,330990
rover_orbiter,rover_1,orbiter_2,337650,338250
rover_orbiter,rover_1,orbiter_2,375990,376410
rover_orbiter,rover_1,orbiter_2,383010,383490
rover_orbiter,rover_1,orbiter_2,422640,423300
rover_orbiter,rover_1,orbiter_2,467910,468600
rover_orbiter,rover_1,orbiter_2,514710,515310
rover_orbiter,rover_1,orbiter_2,553080,553470
rover_orbiter,rover_1,orbiter_2,560070,560550
rover_orbiter,rover_1,orbiter_2,599700,600360
rover_orbiter,rover_1,orbiter_2,645000,645660
rover_orbiter,rover_1,orbiter_2,691770,692400
rover_orbiter,rover_1,orbiter_2,730140,730500
rover_orbiter,rover_1,orbiter_2,737100,737640
rover_orbiter,rover_1,orbiter_2,776760,777420
rover_orbiter,rover_1,orbiter_2,822060,822720
rover_orbiter,rover_1,orbiter_2,868830,869460
rover_orbiter,rover_1,orbiter_2,907260,907530
rover_orbiter,rover_1,orbiter_2,914160,914700
rover_orbiter,rover_1,orbiter_2,953850,954480
rover_orbiter,rover_1,orbiter_2,999120,999780
rover_orbiter,rover_1,orbiter_2,1045890,1046520
rover_orbiter,rover_1,orbiter_2,1084350,1084530
rover_orbiter,rover_1,orbiter_2,1091220,1091790
rover_orbiter,rover_1,orbiter_2,1130910,1131540
rover_orbiter,rover_1,orbiter_2,1176180,1176840
rover_orbiter,rover_1,orbiter_2,1222950,1223610
rover_orbiter,rover_1,orbiter_2,1268280,1268880
rover_orbiter,rover_1,orbiter_2,1308000,1308570
rover_orbiter,rover_1,orbiter_2,1353240,1353900
rover_orbiter,rover_1,orbiter_2,1400010,1400670
rover_orbiter,rover_1,orbiter_2,1445340,1445940
rover_orbiter,rover_1,orbiter_2,1485060,1485630
rover_orbiter,rover_1,orbiter_2,1492320,1492500
rover_orbiter,rover_1,orbiter_2,1530330,1530960
rover_orbiter,rover_1,orbiter_2,1577070,1577730
rover_orbiter,rover_1,orbiter_2,1622370,1623000
rover_orbiter,rover_1,orbiter_2,1662150,1662690
rover_orbiter,rover_1,orbiter_2,1669320,1669590
rover_orbiter,rover_1,orbiter_2,1707390,1708020
rover_orbiter,rover_1,orbiter_2,1754130,1754790
rover_orbiter,rover_1,orbiter_2,1799430,1800090
rover_orbiter,rover_1,orbiter_2,1839210,1839750
rover_orbiter,rover_1,orbiter_2,1846350,1846710
rover_orbiter,rover_1,orbiter_2,1884450,1885080
rover_orbiter,rover_1,orbiter_2,1931190,1931880
rover_orbiter,rover_1,orbiter_2,1976490,1977150
rover_orbiter,rover_1,orbiter_2,2016300,2016780
rover_orbiter,rover_1,orbiter_2,2023410,2023770
rover_orbiter,rover_1,orbiter_2,2061540,2062140
rover_orbiter,rover_1,orbiter_2,2108250,2108940
rover_orbiter,rover_1,orbiter_2,2153550,2154210
rover_orbiter,rover_1,orbiter_2,2193360,2193840
rover_orbiter,rover_1,orbiter_2,2200440,2200860
rover_orbiter,rover_1,orbiter_2,2238600,2239200
rover_orbiter,rover_1,orbiter_2,2245860,2246010
rover_orbiter,rover_1,orbiter_2,2285310,2286000
rover_orbiter,rover_1,orbiter_2,2330610,2331300
rover_orbiter,rover_1,orbiter_2,2370450,2370900
rover_orbiter,rover_1,orbiter_2,2377470,2377950
rover_orbiter,rover_1,orbiter_2,2415690,2416260
rover_orbiter,rover_1,orbiter_2,2422860,2423100
rover_orbiter,rover_1,orbiter_2,2462370,2463060
rover_orbiter,rover_1,orbiter_2,2507670,2508360
rover_orbiter,rover_1,orbiter_2,2547540,2547930
rover_orbiter,rover_1,orbiter_2,2554530,2555040
rover_orbiter,rover_1,orbiter_3,20760,21030
rover_orbiter,rover_1,orbiter_3,27660,28230
rover_orbiter,rover_1,orbiter_3,67350,67980
rover_orbiter,rover_1,orbiter_3,112620,113310
rover_orbiter,rover_1,orbiter_3,159390,160050
rover_orbiter,rover_1,orbiter_3,197880,198030
rover_orbiter,rover_1,orbiter_3,204720,205290
rover_orbiter,rover_1,orbiter_3,244410,245040
rover_orbiter,rover_1,orbiter_3,289680,290370
rover_orbiter,rover_1,orbiter_3,336450,337110
rover_orbiter,rover_1,orbiter_3,381780,382380
rover_orbiter,rover_1,orbiter_3,421500,422100
rover_orbiter,rover_1,orbiter_3,428820,428880
rover_orbiter,rover_1,orbiter_3,466770,467430
rover_orbiter,rover_1,orbiter_3,513510,514170
rover_orbiter,rover_1,orbiter_3,558840,559440
rover_orbiter,rover_1,orbiter_3,598560,599130
rover_orbiter,rover_1,orbiter_3,605790,606000
rover_orbiter,rover_1,orbiter_3,643830,644460
rover_orbiter,rover_1,orbiter_3,690570,691230
rover_orbiter,rover_1,orbiter_3,735900,736530
rover_orbiter,rover_1,orbiter_3,775650,776190
rover_orbiter,rover_1,orbiter_3,782820,783120
rover_orbiter,rover_1,orbiter_3,820890,821520
rover_orbiter,rover_1,orbiter_3,867630,868320
rover_orbiter,rover_1,orbiter_3,912960,913590
rover_orbiter,rover_1,orbiter_3,952710,953250
rover_orbiter,rover_1,orbiter_3,959850,960210
rover_orbiter,rover_1,orbiter_3,997980,998580
rover_orbiter,rover_1,orbiter_3,1044690,1045380
rover_orbiter,rover_1,orbiter_3,1090020,1090650
rover_orbiter,rover_1,orbiter_3,1129800,1130310
rover_orbiter,rover_1,orbiter_3,1136880,1137300
rover_orbiter,rover_1,orbiter_3,1175040,1175640
rover_orbiter,rover_1,orbiter_3,1221750,1222440
rover_orbiter,rover_1,orbiter_3,1267080,1267740
rover_orbiter,rover_1,orbiter_3,1306890,1307340
rover_orbiter,rover_1,orbiter_3,1313940,1314390
rover_orbiter,rover_1,orbiter_3,1352100,1352700
rover_orbiter,rover_1,orbiter_3,1359360,1359510
rover_orbiter,rover_1,orbiter_3,1398810,1399500
rover_orbiter,rover_1,orbiter_3,1444140,1444800
rover_orbiter,rover_1,orbiter_3,1483980,1484400
rover_orbiter,rover_1,orbiter_3,1490970,1491450
rover_orbiter,rover_1,orbiter_3,1529190,1529760
rover_orbiter,rover_1,orbiter_3,1536360,1536630
rover_orbiter,rover_1,orbiter_3,1575870,1576560
rover_orbiter,rover_1,orbiter_3,1621200,1621860
rover_orbiter,rover_1,orbiter_3,1661070,1661430
rover_orbiter,rover_1,orbiter_3,1668030,1668540
rover_orbiter,rover_1,orbiter_3,1706250,1706790
rover_orbiter,rover_1,orbiter_3,1713390,1713720
rover_orbiter,rover_1,orbiter_3,1752960,1753620
rover_orbiter,rover_1,orbiter_3,1798260,1798920
rover_orbiter,rover_1,orbiter_3,1838160,1838460
rover_orbiter,rover_1,orbiter_3,1845090,1845630
rover_orbiter,rover_1,orbiter_3,1883340,1883850
rover_orbiter,rover_1,orbiter_3,1890450,1890810
rover_orbiter,rover_1,orbiter_3,1930020,1930680
rover_orbiter,rover_1,orbiter_3,1975320,1976010
rover_orbiter,rover_1,orbiter_3,2015250,2015520
rover_orbiter,rover_1,orbiter_3,2022120,2022690
rover_orbiter,rover_1,orbiter_3,2060430,2060880
rover_orbiter,rover_1,orbiter_3,2067480,2067900
rover_orbiter,rover_1,orbiter_3,2107080,2107740
rover_orbiter,rover_1,orbiter_3,2152380,2153070
rover_orbiter,rover_1,orbiter_3,2192370,2192520
rover_orbiter,rover_1,orbiter_3,2199180,2199780
rover_orbiter,rover_1,orbiter_3,2237490,2237940
rover_orbiter,rover_1,orbiter_3,2244540,2244990
rover_orbiter,rover_1,orbiter_3,2284140,2284800
rover_orbiter,rover_1,orbiter_3,2329440,2330130
rover_orbiter,rover_1,orbiter_3,2376240,2376840
rover_orbiter,rover_1,orbiter_3,2414580,2414970
rover_orbiter,rover_1,orbiter_3,2421570,2422080
rover_orbiter,rover_1,orbiter_3,2461230,2461860
rover_orbiter,rover_1,orbiter_3,2506500,2507190
rover_orbiter,rover_1,orbiter_3,2553300,2553900
rover_orbiter,rover_1,orbiter_3,2591670,2592000
rover_orbiter,rover_1,orbiter_4,26460,27090
rover_orbiter,rover_1,orbiter_4,66240,66750
rover_orbiter,rover_1,orbiter_4,73350,73710
rover_orbiter,rover_1,orbiter_4,111480,112080
rover_orbiter,rover_1,orbiter_4,158190,158880
rover_orbiter,rover_1,orbiter_4,203520,204180
rover_orbiter,rover_1,orbiter_4,243330,243810
rover_orbiter,rover_1,orbiter_4,250380,250800
rover_orbiter,rover_1,orbiter_4,288540,289140
rover_orbiter,rover_1,orbiter_4,295830,295920
rover_orbiter,rover_1,orbiter_4,335250,335940
rover_orbiter,rover_1,orbiter_4,380580,381240
rover_orbiter,rover_1,orbiter_4,420390,420840
rover_orbiter,rover_1,orbiter_4,427440,427890
rover_orbiter,rover_1,orbiter_4,465630,466200
rover_orbiter,rover_1,orbiter_4,472830,473040
rover_orbiter,rover_1,orbiter_4,512310,513000
rover_orbiter,rover_1,orbiter_4,557640,558300
rover_orbiter,rover_1,orbiter_4,597480,597900
rover_orbiter,rover_1,orbiter_4,604470,604980
rover_orbiter,rover_1,orbiter_4,642690,643260
rover_orbiter,rover_1,orbiter_4,649860,650160
rover_orbiter,rover_1,orbiter_4,689400,690060
rover_orbiter,rover_1,orbiter_4,734700,735360
rover_orbiter,rover_1,orbiter_4,774570,774930
rover_orbiter,rover_1,orbiter_4,781530,782040
rover_orbiter,rover_1,orbiter_4,819780,820290
rover_orbiter,rover_1,orbiter_4,826890,827250
rover_orbiter,rover_1,orbiter_4,866460,867120
rover_orbiter,rover_1,orbiter_4,911760,912450
rover_orbiter,rover_1,orbiter_4,951660,951960
rover_orbiter,rover_1,orbiter_4,958590,959130
rover_orbiter,rover_1,orbiter_4,996840,997350
rover_orbiter,rover_1,orbiter_4,1003950,1004340
rover_orbiter,rover_1,orbiter_4,1043520,1044210
rover_orbiter,rover_1,orbiter_4,1088820,1089510
rover_orbiter,rover_1,orbiter_4,1128780,1128990
rover_orbiter,rover_1,orbiter_4,1135620,1136190
rover_orbiter,rover_1,orbiter_4,1173930,1174410
rover_orbiter,rover_1,orbiter_4,1180980,1181430
rover_orbiter,rover_1,orbiter_4,1220580,1221270
rover_orbiter,rover_1,orbiter_4,1265880,1266570
rover_orbiter,rover_1,orbiter_4,1305900,1306020
rover_orbiter,rover_1,orbiter_4,1312680,1313280
rover_orbiter,rover_1,orbiter_4,1351020,1351440
rover_orbiter,rover_1,orbiter_4,1358040,1358520
rover_orbiter,rover_1,orbiter_4,1397670,1398330
rover_orbiter,rover_1,orbiter_4,1442940,1443630
rover_orbiter,rover_1,orbiter_4,1489740,1490340
rover_orbiter,rover_1,orbiter_4,1528080,1528470
rover_orbiter,rover_1,orbiter_4,1535070,1535580
rover_orbiter,rover_1,orbiter_4,1574730,1575390
rover_orbiter,rover_1,orbiter_4,1620000,1620690
rover_orbiter,rover_1,orbiter_4,1666800,1667430
rover_orbiter,rover_1,orbiter_4,1705170,1705500
rover_orbiter,rover_1,orbiter_4,1712130,1712670
rover_orbiter,rover_1,orbiter_4,1751790,1752420
rover_orbiter,rover_1,orbiter_4,1797090,1797750
rover_orbiter,rover_1,orbiter_4,1843860,1844490
rover_orbiter,rover_1,orbiter_4,1882290,1882530
rover_orbiter,rover_1,orbiter_4,1889190,1889730
rover_orbiter,rover_1,orbiter_4,1928880,1929480
rover_orbiter,rover_1,orbiter_4,1974150,1974810
rover_orbiter,rover_1,orbiter_4,2020920,2021550
rover_orbiter,rover_1,orbiter_4,2059380,2059560
rover_orbiter,rover_1,orbiter_4,2066250,2066820
rover_orbiter,rover_1,orbiter_4,2105940,2106540
rover_orbiter,rover_1,orbiter_4,2151210,2151870
rover_orbiter,rover_1,orbiter_4,2197950,2198640
rover_orbiter,rover_1,orbiter_4,2243280,2243880
rover_orbiter,rover_1,orbiter_4,2283000,2283600
rover_orbiter,rover_1,orbiter_4,2290350,2290380
rover_orbiter,rover_1,orbiter_4,2328270,2328930
rover_orbiter,rover_1,orbiter_4,2375010,2375700
rover_orbiter,rover_1,orbiter_4,2420340,2420970
rover_orbiter,rover_1,orbiter_4,2460090,2460660
rover_orbiter,rover_1,orbiter_4,2467320,2467530
rover_orbiter,rover_1,orbiter_4,2505360,2505990
rover_orbiter,rover_1,orbiter_4,2552070,2552760
rover_orbiter,rover_1,orbiter_5,25260,25950
rover_orbiter,rover_1,orbiter_5,65190,65460
rover_orbiter,rover_1,orbiter_5,72090,72630
rover_orbiter,rover_1,orbiter_5,110370,110850
rover_orbiter,rover_1,orbiter_5,117450,117840
rover_orbiter,rover_1,orbiter_5,157020,157710
rover_orbiter,rover_1,orbiter_5,202320,203010
rover_orbiter,rover_1,orbiter_5,242280,242490
rover_orbiter,rover_1,orbiter_5,249120,249720
rover_orbiter,rover_1,orbiter_5,287430,287910
rover_orbiter,rover_1,orbiter_5,294480,294930
rover_orbiter,rover_1,orbiter_5,334110,334770
rover_orbiter,rover_1,orbiter_5,379380,380070
rover_orbiter,rover_1,orbiter_5,419430,419490
rover_orbiter,rover_1,orbiter_5,426180,426780
rover_orbiter,rover_1,orbiter_5,464520,464940
rover_orbiter,rover_1,orbiter_5,471540,472020
rover_orbiter,rover_1,orbiter_5,511170,511830
rover_orbiter,rover_1,orbiter_5,556440,557130
rover_orbiter,rover_1,orbiter_5,603240,603870
rover_orbiter,rover_1,orbiter_5,641610,641970
rover_orbiter,rover_1,orbiter_5,648570,649110
rover_orbiter,rover_1,orbiter_5,688230,688890
rover_orbiter,rover_1,orbiter_5,733530,734190
rover_orbiter,rover_1,orbiter_5,780300,780930
rover_orbiter,rover_1,orbiter_5,818700,819000
rover_orbiter,rover_1,orbiter_5,825630,826170
rover_orbiter,rover_1,orbiter_5,865290,865950
rover_orbiter,rover_1,orbiter_5,910590,911250
rover_orbiter,rover_1,orbiter_5,957360,957990
rover_orbiter,rover_1,orbiter_5,995790,996030
rover_orbiter,rover_1,orbiter_5,1002690,1003260
rover_orbiter,rover_1,orbiter_5,1042380,1043010
rover_orbiter,rover_1,orbiter_5,1087650,1088310
rover_orbiter,rover_1,orbiter_5,1134420,1135080
rover_orbiter,rover_1,orbiter_5,1172910,1173030
rover_orbiter,rover_1,orbiter_5,1179750,1180320
rover_orbiter,rover_1,orbiter_5,1219440,1220040
rover_orbiter,rover_1,orbiter_5,1264710,1265370
rover_orbiter,rover_1,orbiter_5,1311480,1312140
rover_orbiter,rover_1,orbiter_5,1356810,1357410
rover_orbiter,rover_1,orbiter_5,1396530,1397100
rover_orbiter,rover_1,orbiter_5,1403820,1403910
rover_orbiter,rover_1,orbiter_5,1441800,1442430
rover_orbiter,rover_1,orbiter_5,1488540,1489200
rover_orbiter,rover_1,orbiter_5,1533870,1534470
rover_orbiter,rover_1,orbiter_5,1573590,1574160
rover_orbiter,rover_1,orbiter_5,1580820,1581060
rover_orbiter,rover_1,orbiter_5,1618860,1619490
rover_orbiter,rover_1,orbiter_5,1665600,1666260
rover_orbiter,rover_1,orbiter_5,1710900,1711560
rover_orbiter,rover_1,orbiter_5,1750680,1751220
rover_orbiter,rover_1,orbiter_5,1757850,1758150
rover_orbiter,rover_1,orbiter_5,1795920,1796550
rover_orbiter,rover_1,orbiter_5,1842660,1843320
rover_orbiter,rover_1,orbiter_5,1887960,1888620
rover_orbiter,rover_1,orbiter_5,1927740,1928280
rover_orbiter,rover_1,orbiter_5,1934880,1935240
rover_orbiter,rover_1,orbiter_5,1972980,1973610
rover_orbiter,rover_1,orbiter_5,2019720,2020410
rover_orbiter,rover_1,orbiter_5,2065020,2065680
rover_orbiter,rover_1,orbiter_5,2104830,2105310
rover_orbiter,rover_1,orbiter_5,2111910,2112330
rover_orbiter,rover_1,orbiter_5,2150070,2150670
rover_orbiter,rover_1,orbiter_5,2157360,2157420
rover_orbiter,rover_1,orbiter_5,2196780,2197470
rover_orbiter,rover_1,orbiter_5,2242080,2242770
rover_orbiter,rover_1,orbiter_5,2281920,2282370
rover_orbiter,rover_1,orbiter_5,2288970,2289420
rover_orbiter,rover_1,orbiter_5,2327130,2327730
rover_orbiter,rover_1,orbiter_5,2334360,2334570
rover_orbiter,rover_1,orbiter_5,2373840,2374530
rover_orbiter,rover_1,orbiter_5,2419140,2419830
rover_orbiter,rover_1,orbiter_5,2459010,2459400
rover_orbiter,rover_1,orbiter_5,2466000,2466480
rover_orbiter,rover_1,orbiter_5,2504220,2504760
rover_orbiter,rover_1,orbiter_5,2511390,2511660
rover_orbiter,rover_1,orbiter_5,2550900,2551590
rover_orbiter,rover_2,orbiter_0,10380,11070
rover_orbiter,rover_2,orbiter_0,56250,56880
rover_orbiter,rover_2,orbiter_0,95520,95940
rover_orbiter,rover_2,orbiter_0,102570,102960
rover_orbiter,rover_2,orbiter_0,141270,141870
rover_orbiter,rover_2,orbiter_0,187440,188130
rover_orbiter,rover_2,orbiter_0,233310,233940
rover_orbiter,rover_2,orbiter_0,272580,273000
rover_orbiter,rover_2,orbiter_0,279600,280050
rover_orbiter,rover_2,orbiter_0,318330,318930
rover_orbiter,rover_2,orbiter_0,364500,365190
rover_orbiter,rover_2,orbiter_0,410370,411000
rover_orbiter,rover_2,orbiter_0,449670,450030
rover_orbiter,rover_2,orbiter_0,456660,457140
rover_orbiter,rover_2,orbiter_0,495390,495990
rover_orbiter,rover_2,orbiter_0,541560,542250
rover_orbiter,rover_2,orbiter_0,587430,588090
rover_orbiter,rover_2,orbiter_0,626790,627060
rover_orbiter,rover_2,orbiter_0,633690,634200
rover_orbiter,rover_2,orbiter_0,672480,673050
rover_orbiter,rover_2,orbiter_0,718620,719310
rover_orbiter,rover_2,orbiter_0,764490,765150
rover_orbiter,rover_2,orbiter_0,803880,804090
rover_orbiter,rover_2,orbiter_0,810750,811290
rover_orbiter,rover_2,orbiter_0,849570,850110
rover_orbiter,rover_2,orbiter_0,856770,856950
rover_orbiter,rover_2,orbiter_0,895710,896370
rover_orbiter,rover_2,orbiter_0,941550,942210
rover_orbiter,rover_2,orbiter_0,987810,988380
rover_orbiter,rover_2,orbiter_0,1026630,1027140
rover_orbiter,rover_2,orbiter_0,1033770,1034070
rover_orbiter,rover_2,orbiter_0,1072770,1073430
rover_orbiter,rover_2,orbiter_0,1118610,1119270
rover_orbiter,rover_2,orbiter_0,1164870,1165440
rover_orbiter,rover_2,orbiter_0,1203720,1204200
rover_orbiter,rover_2,orbiter_0,1210830,1211160
rover_orbiter,rover_2,orbiter_0,1249830,1250490
rover_orbiter,rover_2,orbiter_0,1295670,1296360
rover_orbiter,rover_2,orbiter_0,1341900,1342530
rover_orbiter,rover_2,orbiter_0,1380810,1381230
rover_orbiter,rover_2,orbiter_0,1387860,1388250
rover_orbiter,rover_2,orbiter_0,1426890,1427550
rover_orbiter,rover_2,orbiter_0,1472730,1473420
rover_orbiter,rover_2,orbiter_0,1518960,1519590
rover_orbiter,rover_2,orbiter_0,1557870,1558290
rover_orbiter,rover_2,orbiter_0,1564890,1565340
rover_orbiter,rover_2,orbiter_0,1603980,1604610
rover_orbiter,rover_2,orbiter_0,1649790,1650480
rover_orbiter,rover_2,orbiter_0,1696020,1696650
rover_orbiter,rover_2,orbiter_0,1734960,1735320
rover_orbiter,rover_2,orbiter_0,1741950,1742430
rover_orbiter,rover_2,orbiter_0,1781040,1781670
rover_orbiter,rover_2,orbiter_0,1826850,1827540
rover_orbiter,rover_2,orbiter_0,1873080,1873740
rover_orbiter,rover_2,orbiter_0,1912080,1912350
rover_orbiter,rover_2,orbiter_0,1918980,1919490
rover_orbiter,rover_2,orbiter_0,1958130,1958730
rover_orbiter,rover_2,orbiter_0,2003910,2004600
rover_orbiter,rover_2,orbiter_0,2050140,2050800
rover_orbiter,rover_2,orbiter_0,2089170,2089350
rover_orbiter,rover_2,orbiter_0,2096040,2096580
rover_orbiter,rover_2,orbiter_0,2135190,2135760
rover_orbiter,rover_2,orbiter_0,2181000,2181660
rover_orbiter,rover_2,orbiter_0,2227200,2227860
rover_orbiter,rover_2,orbiter_0,2273100,2273670
rover_orbiter,rover_2,orbiter_0,2312280,2312820
rover_orbiter,rover_2,orbiter_0,2319540,2319660
rover_orbiter,rover_2,orbiter_0,2358060,2358720
rover_orbiter,rover_2,orbiter_0,2404260,2404920
rover_orbiter,rover_2,orbiter_0,2450160,2450730
rover_orbiter,rover_2,orbiter_0,2489340,2489880
rover_orbiter,rover_2,orbiter_0,2496540,2496780
rover_orbiter,rover_2,orbiter_0,2535120,2535780
rover_orbiter,rover_2,orbiter_0,2581320,2582010
rover_orbiter,rover_2,orbiter_1,9210,9870
rover_orbiter,rover_2,orbiter_1,55050,55740
rover_orbiter,rover_2,orbiter_1,101310,101880
rover_orbiter,rover_2,orbiter_1,140160,140640
rover_orbiter,rover_2,orbiter_1,147270,147570
rover_orbiter,rover_2,orbiter_1,186270,186930
rover_orbiter,rover_2,orbiter_1,232110,232800
rover_orbiter,rover_2,orbiter_1,278370,278940
rover_orbiter,rover_2,orbiter_1,317220,317700
rover_orbiter,rover_2,orbiter_1,324300,324690
rover_orbiter,rover_2,orbiter_1,363330,363990
rover_orbiter,rover_2,orbiter_1,409170,409860
rover_orbiter,rover_2,orbiter_1,455400,456030
rover_orbiter,rover_2,orbiter_1,494310,494730
rover_orbiter,rover_2,orbiter_1,501360,501780
rover_orbiter,rover_2,orbiter_1,540420,541050
rover_orbiter,rover_2,orbiter_1,586230,586920
rover_orbiter,rover_2,orbiter_1,632460,633090
rover_orbiter,rover_2,orbiter_1,671400,671790
rover_orbiter,rover_2,orbiter_1,678390,678840
rover_orbiter,rover_2,orbiter_1,717480,718110
rover_orbiter,rover_2,orbiter_1,763290,763980
rover_orbiter,rover_2,orbiter_1,809520,810180
rover_orbiter,rover_2,orbiter_1,848490,848820
rover_orbiter,rover_2,orbiter_1,855450,855930
rover_orbiter,rover_2,orbiter_1,894570,895170
rover_orbiter,rover_2,orbiter_1,940350,941040
rover_orbiter,rover_2,orbiter_1,986580,987240
rover_orbiter,rover_2,orbiter_1,1025580,1025850
rover_orbiter,rover_2,orbiter_1,1032480,1033020
rover_orbiter,rover_2,orbiter_1,1071630,1072230
rover_orbiter,rover_2,orbiter_1,1117440,1118100
rover_orbiter,rover_2,orbiter_1,1163640,1164300
rover_orbiter,rover_2,orbiter_1,1202700,1202850
rover_orbiter,rover_2,orbiter_1,1209540,1210080
rover_orbiter,rover_2,orbiter_1,1248690,1249260
rover_orbiter,rover_2,orbiter_1,1294500,1295160
rover_orbiter,rover_2,orbiter_1,1340700,1341390
rover_orbiter,rover_2,orbiter_1,1386600,1387170
rover_orbiter,rover_2,orbiter_1,1425780,1426320
rover_orbiter,rover_2,orbiter_1,1433010,1433190
rover_orbiter,rover_2,orbiter_1,1471560,1472220
rover_orbiter,rover_2,orbiter_1,1517760,1518450
rover_orbiter,rover_2,orbiter_1,1563660,1564260
rover_orbiter,rover_2,orbiter_1,1602870,1603380
rover_orbiter,rover_2,orbiter_1,1610040,1610280
rover_orbiter,rover_2,orbiter_1,1648650,1649280
rover_orbiter,rover_2,orbiter_1,1694820,1695510
rover_orbiter,rover_2,orbiter_1,1740720,1741320
rover_orbiter,rover_2,orbiter_1,1779930,1780410
rover_orbiter,rover_2,orbiter_1,1787040,1787400
rover_orbiter,rover_2,orbiter_1,1825710,1826340
rover_orbiter,rover_2,orbiter_1,1871880,1872570
rover_orbiter,rover_2,orbiter_1,1917750,1918380
rover_orbiter,rover_2,orbiter_1,1957020,1957470
rover_orbiter,rover_2,orbiter_1,1964100,1964490
rover_orbiter,rover_2,orbiter_1,2002770,2003400
rover_orbiter,rover_2,orbiter_1,2048940,2049630
rover_orbiter,rover_2,orbiter_1,2094810,2095470
rover_orbiter,rover_2,orbiter_1,2134110,2134500
rover_orbiter,rover_2,orbiter_1,2141130,2141580
rover_orbiter,rover_2,orbiter_1,2179860,2180460
rover_orbiter,rover_2,orbiter_1,2226030,2226690
rover_orbiter,rover_2,orbiter_1,2271870,2272530
rover_orbiter,rover_2,orbiter_1,2311200,2311560
rover_orbiter,rover_2,orbiter_1,2318190,2318640
rover_orbiter,rover_2,orbiter_1,2356920,2357520
rover_orbiter,rover_2,orbiter_1,2403090,2403750
rover_orbiter,rover_2,orbiter_1,2448930,2449590
rover_orbiter,rover_2,orbiter_1,2488290,2488590
rover_orbiter,rover_2,orbiter_1,2495220,2495730
rover_orbiter,rover_2,orbiter_1,2534010,2534550
rover_orbiter,rover_2,orbiter_1,2580150,2580840
rover_orbiter,rover_2,orbiter_2,8070,8670
rover_orbiter,rover_2,orbiter_2,53880,54540
rover_orbiter,rover_2,orbiter_2,100080,100740
rover_orbiter,rover_2,orbiter_2,139110,139320
rover_orbiter,rover_2,orbiter_2,146010,146520
rover_orbiter,rover_2,orbiter_2,185130,185730
rover_orbiter,rover_2,orbiter_2,230940,231600
rover_orbiter,rover_2,orbiter_2,277140,277830
rover_orbiter,rover_2,orbiter_2,316260,316320
rover_orbiter,rover_2,orbiter_2,323040,323610
rover_orbiter,rover_2,orbiter_2,362220,362790
rover_orbiter,rover_2,orbiter_2,369540,369540
rover_orbiter,rover_2,orbiter_2,408000,408660
rover_orbiter,rover_2,orbiter_2,454200,454890
rover_orbiter,rover_2,orbiter_2,500100,500670
rover_orbiter,rover_2,orbiter_2,539280,539820
rover_orbiter,rover_2,orbiter_2,546510,546690
rover_orbiter,rover_2,orbiter_2,585060,585720
rover_orbiter,rover_2,orbiter_2,631260,631950
rover_orbiter,rover_2,orbiter_2,677160,677760
rover_orbiter,rover_2,orbiter_2,716370,716880
rover_orbiter,rover_2,orbiter_2,723510,723810
rover_orbiter,rover_2,orbiter_2,762150,762780
rover_orbiter,rover_2,orbiter_2,808320,809010
rover_orbiter,rover_2,orbiter_2,854220,854820
rover_orbiter,rover_2,orbiter_2,893460,893940
rover_orbiter,rover_2,orbiter_2,900540,900900
rover_orbiter,rover_2,orbiter_2,939210,939840
rover_orbiter,rover_2,orbiter_2,985410,986070
rover_orbiter,rover_2,orbiter_2,1031280,1031910
rover_orbiter,rover_2,orbiter_2,1070550,1070970
rover_orbiter,rover_2,orbiter_2,1077600,1077990
rover_orbiter,rover_2,orbiter_2,1116300,1116900
rover_orbiter,rover_2,orbiter_2,1162470,1163130
rover_orbiter,rover_2,orbiter_2,1208310,1208970
rover_orbiter,rover_2,orbiter_2,1247610,1248000
rover_orbiter,rover_2,orbiter_2,1254630,1255080
rover_orbiter,rover_2,orbiter_2,1293360,1293960
rover_orbiter,rover_2,orbiter_2,1339530,1340220
rover_orbiter,rover_2,orbiter_2,1385370,1386030
rover_orbiter,rover_2,orbiter_2,1424730,1425060
rover_orbiter,rover_2,orbiter_2,1431690,1432170
rover_orbiter,rover_2,orbiter_2,1470420,1471020
rover_orbiter,rover_2,orbiter_2,1516590,1517280
rover_orbiter,rover_2,orbiter_2,1562430,1563120
rover_orbiter,rover_2,orbiter_2,1601820,1602090
rover_orbiter,rover_2,orbiter_2,1608720,1609230
rover_orbiter,rover_2,orbiter_2,1647510,1648080
rover_orbiter,rover_2,orbiter_2,1654800,1654860
rover_orbiter,rover_2,orbiter_2,1693650,1694340
rover_orbiter,rover_2,orbiter_2,1739490,1740180
rover_orbiter,rover_2,orbiter_2,1778940,1779090
rover_orbiter,rover_2,orbiter_2,1785780,1786320
rover_orbiter,rover_2,orbiter_2,1824570,1825110
rover_orbiter,rover_2,orbiter_2,1831770,1831980
rover_orbiter,rover_2,orbiter_2,1870710,1871400
rover_orbiter,rover_2,orbiter_2,1916550,1917240
rover_orbiter,rover_2,orbiter_2,1962840,1963410
rover_orbiter,rover_2,orbiter_2,2001660,2002170
rover_orbiter,rover_2,orbiter_2,2008800,2009100
rover_orbiter,rover_2,orbiter_2,2047800,2048460
rover_orbiter,rover_2,orbiter_2,2093640,2094300
rover_orbiter,rover_2,orbiter_2,2139870,2140470
rover_orbiter,rover_2,orbiter_2,2178750,2179200
rover_orbiter,rover_2,orbiter_2,2185830,2186190
rover_orbiter,rover_2,orbiter_2,2224860,2225520
rover_orbiter,rover_2,orbiter_2,2270700,2271390
rover_orbiter,rover_2,orbiter_2,2316930,2317530
rover_orbiter,rover_2,orbiter_2,2355840,2356260
rover_orbiter,rover_2,orbiter_2,2362890,2363280
rover_orbiter,rover_2,orbiter_2,2401920,2402580
rover_orbiter,rover_2,orbiter_2,2447760,2448450
rover_orbiter,rover_2,orbiter_2,2493990,2494620
rover_orbiter,rover_2,orbiter_2,2532900,2533290
rover_orbiter,rover_2,orbiter_2,2539920,2540370
rover_orbiter,rover_2,orbiter_2,2579010,2579640
rover_orbiter,rover_2,orbiter_3,6960,7440
rover_orbiter,rover_2,orbiter_3,14040,14430
rover_orbiter,rover_2,orbiter_3,52710,53340
rover_orbiter,rover_2,orbiter_3,98910,99600
rover_orbiter,rover_2,orbiter_3,144780,145410
rover_orbiter,rover_2,orbiter_3,184050,184470
rover_orbiter,rover_2,orbiter_3,191100,191520
rover_orbiter,rover_2,orbiter_3,229800,230400
rover_orbiter,rover_2,orbiter_3,275970,276660
rover_orbiter,rover_2,orbiter_3,321840,322470
rover_orbiter,rover_2,orbiter_3,361140,361500
rover_orbiter,rover_2,orbiter_3,368130,368580
rover_orbiter,rover_2,orbiter_3,406860,407460
rover_orbiter,rover_2,orbiter_3,453030,453720
rover_orbiter,rover_2,orbiter_3,498900,499560
rover_orbiter,rover_2,orbiter_3,538230,538560
rover_orbiter,rover_2,orbiter_3,545190,545670
rover_orbiter,rover_2,orbiter_3,583950,584520
rover_orbiter,rover_2,orbiter_3,630090,630780
rover_orbiter,rover_2,orbiter_3,675960,676620
rover_orbiter,rover_2,orbiter_3,715320,715590
rover_orbiter,rover_2,orbiter_3,722220,722760
rover_orbiter,rover_2,orbiter_3,761010,761580
rover_orbiter,rover_2,orbiter_3,768270,768390
rover_orbiter,rover_2,orbiter_3,807150,807840
rover_orbiter,rover_2,orbiter_3,853020,853680
rover_orbiter,rover_2,orbiter_3,892440,892590
rover_orbiter,rover_2,orbiter_3,899280,899820
rover_orbiter,rover_2,orbiter_3,938100,938610
rover_orbiter,rover_2,orbiter_3,945270,945510
rover_orbiter,rover_2,orbiter_3,984240,984900
rover_orbiter,rover_2,orbiter_3,1030080,1030740
rover_orbiter,rover_2,orbiter_3,1076340,1076910
rover_orbiter,rover_2,orbiter_3,1115160,1115670
rover_orbiter,rover_2,orbiter_3,1122300,1122630
rover_orbiter,rover_2,orbiter_3,1161300,1161960
rover_orbiter,rover_2,orbiter_3,1207140,1207830
rover_orbiter,rover_2,orbiter_3,1253370,1253970
rover_orbiter,rover_2,orbiter_3,1292250,1292730
rover_orbiter,rover_2,orbiter_3,1299330,1299720
rover_orbiter,rover_2,orbiter_3,1338360,1339020
rover_orbiter,rover_2,orbiter_3,1384200,1384890
rover_orbiter,rover_2,orbiter_3,1430430,1431060
rover_orbiter,rover_2,orbiter_3,1469340,1469760
rover_orbiter,rover_2,orbiter_3,1476390,1476810
rover_orbiter,rover_2,orbiter_3,1515450,1516080
rover_orbiter,rover_2,orbiter_3,1561260,1561950
rover_orbiter,rover_2,orbiter_3,1607490,1608120
rover_orbiter,rover_2,orbiter_3,1646430,1646790
rover_orbiter,rover_2,orbiter_3,1653420,1653870
rover_orbiter,rover_2,orbiter_3,1692510,1693140
rover_orbiter,rover_2,orbiter_3,1738320,1739010
rover_orbiter,rover_2,orbiter_3,1784550,1785210
rover_orbiter,rover_2,orbiter_3,1823520,1823820
rover_orbiter,rover_2,orbiter_3,1830480,1830960
rover_orbiter,rover_2,orbiter_3,1869570,1870200
rover_orbiter,rover_2,orbiter_3,1915380,1916070
rover_orbiter,rover_2,orbiter_3,1961610,1962270
rover_orbiter,rover_2,orbiter_3,2000640,2000850
rover_orbiter,rover_2,orbiter_3,2007510,2008050
rover_orbiter,rover_2,orbiter_3,2046660,2047230
rover_orbiter,rover_2,orbiter_3,2092470,2093130
rover_orbiter,rover_2,orbiter_3,2138670,2139330
rover_orbiter,rover_2,orbiter_3,2177760,2177850
rover_orbiter,rover_2,orbiter_3,2184570,2185110
rover_orbiter,rover_2,orbiter_3,2223720,2224290
rover_orbiter,rover_2,orbiter_3,2269530,2270190
rover_orbiter,rover_2,orbiter_3,2315730,2316390
rover_orbiter,rover_2,orbiter_3,2361630,2362200
rover_orbiter,rover_2,orbiter_3,2400810,2401350
rover_orbiter,rover_2,orbiter_3,2408010,2408220
rover_orbiter,rover_2,orbiter_3,2446590,2447250
rover_orbiter,rover_2,orbiter_3,2492790,2493480
rover_orbiter,rover_2,orbiter_3,2538660,2539260
rover_orbiter,rover_2,orbiter_3,2577900,2578410
rover_orbiter,rover_2,orbiter_3,2585040,2585310
rover_orbiter,rover_2,orbiter_4,6000,6060
rover_orbiter,rover_2,orbiter_4,12780,13350
rover_orbiter,rover_2,orbiter_4,51600,52110
rover_orbiter,rover_2,orbiter_4,58770,59040
rover_orbiter,rover_2,orbiter_4,97740,98400
rover_orbiter,rover_2,orbiter_4,143580,144270
rover_orbiter,rover_2,orbiter_4,189840,190410
rover_orbiter,rover_2,orbiter_4,228690,229170
rover_orbiter,rover_2,orbiter_4,235800,236130
rover_orbiter,rover_2,orbiter_4,274800,275460
rover_orbiter,rover_2,orbiter_4,320640,321330
rover_orbiter,rover_2,orbiter_4,366900,367500
rover_orbiter,rover_2,orbiter_4,405780,406230
rover_orbiter,rover_2,orbiter_4,412830,413220
rover_orbiter,rover_2,orbiter_4,451890,452520
rover_orbiter,rover_2,orbiter_4,497700,498390
rover_orbiter,rover_2,orbiter_4,543930,544560
rover_orbiter,rover_2,orbiter_4,582840,583260
rover_orbiter,rover_2,orbiter_4,589890,590310
rover_orbiter,rover_2,orbiter_4,628950,629580
rover_orbiter,rover_2,orbiter_4,674760,675450
rover_orbiter,rover_2,orbiter_4,720990,721620
rover_orbiter,rover_2,orbiter_4,759930,760290
rover_orbiter,rover_2,orbiter_4,766920,767400
rover_orbiter,rover_2,orbiter_4,806010,806640
rover_orbiter,rover_2,orbiter_4,851820,852510
rover_orbiter,rover_2,orbiter_4,898050,898710
rover_orbiter,rover_2,orbiter_4,937050,937320
rover_orbiter,rover_2,orbiter_4,943980,944490
rover_orbiter,rover_2,orbiter_4,983100,983700
rover_orbiter,rover_2,orbiter_4,1028910,1029570
rover_orbiter,rover_2,orbiter_4,1075110,1075770
rover_orbiter,rover_2,orbiter_4,1114140,1114350
rover_orbiter,rover_2,orbiter_4,1121010,1121550
rover_orbiter,rover_2,orbiter_4,1160160,1160760
rover_orbiter,rover_2,orbiter_4,1205970,1206630
rover_orbiter,rover_2,orbiter_4,1252170,1252830
rover_orbiter,rover_2,orbiter_4,1291290,1291320
rover_orbiter,rover_2,orbiter_4,1298070,1298640
rover_orbiter,rover_2,orbiter_4,1337250,1337790
rover_orbiter,rover_2,orbiter_4,1344510,1344600
rover_orbiter,rover_2,orbiter_4,1383030,1383690
rover_orbiter,rover_2,orbiter_4,1429230,1429920
rover_orbiter,rover_2,orbiter_4,1475130,1475700
rover_orbiter,rover_2,orbiter_4,1514310,1514850
rover_orbiter,rover_2,orbiter_4,1521510,1521750
rover_orbiter,rover_2,orbiter_4,1560090,1560750
rover_orbiter,rover_2,orbiter_4,1606290,1606980
rover_orbiter,rover_2,orbiter_4,1652190,1652790
rover_orbiter,rover_2,orbiter_4,1691400,1691910
rover_orbiter,rover_2,orbiter_4,1698540,1698840
rover_orbiter,rover_2,orbiter_4,1737180,1737810
rover_orbiter,rover_2,orbiter_4,1783350,1784040
rover_orbiter,rover_2,orbiter_4,1829220,1829850
rover_orbiter,rover_2,orbiter_4,1868490,1868940
rover_orbiter,rover_2,orbiter_4,1875570,1875930
rover_orbiter,rover_2,orbiter_4,1914240,1914870
rover_orbiter,rover_2,orbiter_4,1960410,1961100
rover_orbiter,rover_2,orbiter_4,2006280,2006940
rover_orbiter,rover_2,orbiter_4,2045580,2046000
rover_orbiter,rover_2,orbiter_4,2052600,2053020
rover_orbiter,rover_2,orbiter_4,2091300,2091930
rover_orbiter,rover_2,orbiter_4,2137470,2138160
rover_orbiter,rover_2,orbiter_4,2183340,2184000
rover_orbiter,rover_2,orbiter_4,2222640,2223030
rover_orbiter,rover_2,orbiter_4,2229660,2230110
rover_orbiter,rover_2,orbiter_4,2268390,2268990
rover_orbiter,rover_2,orbiter_4,2314560,2315220
rover_orbiter,rover_2,orbiter_4,2360400,2361060
rover_orbiter,rover_2,orbiter_4,2399760,2400060
rover_orbiter,rover_2,orbiter_4,2406690,2407200
rover_orbiter,rover_2,orbiter_4,2445450,2446050
rover_orbiter,rover_2,orbiter_4,2491620,2492310
rover_orbiter,rover_2,orbiter_4,2537460,2538150
rover_orbiter,rover_2,orbiter_4,2576850,2577090
rover_orbiter,rover_2,orbiter_4,2583750,2584260
rover_orbiter,rover_2,orbiter_5,11550,12210
rover_orbiter,rover_2,orbiter_5,50550,50820
rover_orbiter,rover_2,orbiter_5,57480,57990
rover_orbiter,rover_2,orbiter_5,96600,97200
rover_orbiter,rover_2,orbiter_5,142410,143070
rover_orbiter,rover_2,orbiter_5,188610,189270
rover_orbiter,rover_2,orbiter_5,227670,227850
rover_orbiter,rover_2,orbiter_5,234510,235080
rover_orbiter,rover_2,orbiter_5,273690,274260
rover_orbiter,rover_2,orbiter_5,319470,320130
rover_orbiter,rover_2,orbiter_5,365670,366360
rover_orbiter,rover_2,orbiter_5,411570,412140
rover_orbiter,rover_2,orbiter_5,450750,451290
rover_orbiter,rover_2,orbiter_5,458010,458130
rover_orbiter,rover_2,orbiter_5,496530,497190
rover_orbiter,rover_2,orbiter_5,542730,543420
rover_orbiter,rover_2,orbiter_5,588630,589230
rover_orbiter,rover_2,orbiter_5,627840,628350
rover_orbiter,rover_2,orbiter_5,635010,635250
rover_orbiter,rover_2,orbiter_5,673620,674250
rover_orbiter,rover_2,orbiter_5,719790,720480
rover_orbiter,rover_2,orbiter_5,765690,766290
rover_orbiter,rover_2,orbiter_5,804900,805410
rover_orbiter,rover_2,orbiter_5,812040,812370
rover_orbiter,rover_2,orbiter_5,850680,851310
rover_orbiter,rover_2,orbiter_5,896850,897540
rover_orbiter,rover_2,orbiter_5,942750,943350
rover_orbiter,rover_2,orbiter_5,981990,982440
rover_orbiter,rover_2,orbiter_5,989070,989460
rover_orbiter,rover_2,orbiter_5,1027740,1028370
rover_orbiter,rover_2,orbiter_5,1073940,1074600
rover_orbiter,rover_2,orbiter_5,1119810,1120440
rover_orbiter,rover_2,orbiter_5,1159080,1159500
rover_orbiter,rover_2,orbiter_5,1166100,1166550
rover_orbiter,rover_2,orbiter_5,1204830,1205430
rover_orbiter,rover_2,orbiter_5,1251000,1251690
rover_orbiter,rover_2,orbiter_5,1296840,1297500
rover_orbiter,rover_2,orbiter_5,1336170,1336530
rover_orbiter,rover_2,orbiter_5,1343160,1343610
rover_orbiter,rover_2,orbiter_5,1381890,1382490
rover_orbiter,rover_2,orbiter_5,1428060,1428750
rover_orbiter,rover_2,orbiter_5,1473900,1474590
rover_orbiter,rover_2,orbiter_5,1513260,1513560
rover_orbiter,rover_2,orbiter_5,1520190,1520700
rover_orbiter,rover_2,orbiter_5,1558980,1559550
rover_orbiter,rover_2,orbiter_5,1605120,1605810
rover_orbiter,rover_2,orbiter_5,1650960,1651650
rover_orbiter,rover_2,orbiter_5,1690380,1690590
rover_orbiter,rover_2,orbiter_5,1697250,1697790
rover_orbiter,rover_2,orbiter_5,1736040,1736580
rover_orbiter,rover_2,orbiter_5,1743270,1743420
rover_orbiter,rover_2,orbiter_5,1782180,1782870
rover_orbiter,rover_2,orbiter_5,1828020,1828710
rover_orbiter,rover_2,orbiter_5,1867500,1867590
rover_orbiter,rover_2,orbiter_5,1874310,1874850
rover_orbiter,rover_2,orbiter_5,1913130,1913640
rover_orbiter,rover_2,orbiter_5,1920300,1920540
rover_orbiter,rover_2,orbiter_5,1959270,1959930
rover_orbiter,rover_2,orbiter_5,2005110,2005770
rover_orbiter,rover_2,orbiter_5,2051340,2051940
rover_orbiter,rover_2,orbiter_5,2090190,2090700
rover_orbiter,rover_2,orbiter_5,2097330,2097660
rover_orbiter,rover_2,orbiter_5,2136330,2136990
rover_orbiter,rover_2,orbiter_5,2182170,2182830
rover_orbiter,rover_2,orbiter_5,2228400,2229000
rover_orbiter,rover_2,orbiter_5,2267280,2267730
rover_orbiter,rover_2,orbiter_5,2274360,2274750
rover_orbiter,rover_2,orbiter_5,2313390,2314050
rover_orbiter,rover_2,orbiter_5,2359230,2359920
rover_orbiter,rover_2,orbiter_5,2405460,2406090
rover_orbiter,rover_2,orbiter_5,2444370,2444790
rover_orbiter,rover_2,orbiter_5,2451390,2451840
rover_orbiter,rover_2,orbiter_5,2490480,2491110
rover_orbiter,rover_2,orbiter_5,2536290,2536980
rover_orbiter,rover_2,orbiter_5,2582520,2583150
