link_type,node_a,node_b,window_start_s,window_end_s
orbiter_earth,orbiter_0,earth,0,2280
orbiter_earth,orbiter_0,earth,4800,9360
orbiter_earth,orbiter_0,earth,11880,16440
orbiter_earth,orbiter_0,earth,18960,23520
orbiter_earth,orbiter_0,earth,26040,30600
orbiter_earth,orbiter_0,earth,33120,37680
orbiter_earth,orbiter_0,earth,40230,44760
orbiter_earth,orbiter_0,earth,47310,51870
orbiter_earth,orbiter_0,earth,54390,58950
orbiter_earth,orbiter_0,earth,61470,66030
orbiter_earth,orbiter_0,earth,68550,73110
orbiter_earth,orbiter_0,earth,75630,80190
orbiter_earth,orbiter_0,earth,82710,87270
orbiter_earth,orbiter_0,earth,89790,94350
orbiter_earth,orbiter_0,earth,96870,101430
orbiter_earth,orbiter_0,earth,103950,108510
orbiter_earth,orbiter_0,earth,111030,115590
orbiter_earth,orbiter_0,earth,118110,122670
orbiter_earth,orbiter_0,earth,125220,129750
orbiter_earth,orbiter_0,earth,132300,136860
orbiter_earth,orbiter_0,earth,139380,143940
orbiter_earth,orbiter_0,earth,146460,151020
orbiter_earth,orbiter_0,earth,153540,158100
orbiter_earth,orbiter_0,earth,160620,165180
orbiter_earth,orbiter_0,earth,167700,172260
orbiter_earth,orbiter_0,earth,174780,179340
orbiter_earth,orbiter_0,earth,181860,186420
orbiter_earth,orbiter_0,earth,188940,193500
orbiter_earth,orbiter_0,earth,196020,200580
orbiter_earth,orbiter_0,earth,203100,207660
orbiter_earth,orbiter_0,earth,210210,214740
orbiter_earth,orbiter_0,earth,217290,221850
orbiter_earth,orbiter_0,earth,224370,228930
orbiter_earth,orbiter_0,earth,231450,236010
orbiter_earth,orbiter_0,earth,238530,243090
orbiter_earth,orbiter_0,earth,245610,250170
orbiter_earth,orbiter_0,earth,252690,257250
orbiter_earth,orbiter_0,earth,259770,264330
orbiter_earth,orbiter_0,earth,266850,271410
orbiter_earth,orbiter_0,earth,273930,278490
orbiter_earth,orbiter_0,earth,281010,285570
orbiter_earth,orbiter_0,earth,288090,292650
orbiter_earth,orbiter_0,earth,295200,299730
orbiter_earth,orbiter_0,earth,302280,306840
orbiter_earth,orbiter_0,earth,309360,313920
orbiter_earth,orbiter_0,earth,316440,321000
orbiter_earth,orbiter_0,earth,323520,328080
orbiter_earth,orbiter_0,earth,330600,335160
orbiter_earth,orbiter_0,earth,337680,342240
orbiter_earth,orbiter_0,earth,344760,349320
orbiter_earth,orbiter_0,earth,351840,356400
orbiter_earth,orbiter_0,earth,358920,363480
orbiter_earth,orbiter_0,earth,366000,370560
orbiter_earth,orbiter_0,earth,373080,377640
orbiter_earth,orbiter_0,earth,380190,384720
orbiter_earth,orbiter_0,earth,387270,391830
orbiter_earth,orbiter_0,earth,394350,398910
orbiter_earth,orbiter_0,earth,401430,405990
orbiter_earth,orbiter_0,earth,408510,413070
orbiter_earth,orbiter_0,earth,415590,420150
orbiter_earth,orbiter_0,earth,422670,427230
orbiter_earth,orbiter_0,earth,429750,434310
orbiter_earth,orbiter_0,earth,436830,441390
orbiter_earth,orbiter_0,earth,443910,448470
orbiter_earth,orbiter_0,earth,450990,455550
orbiter_earth,orbiter_0,earth,458070,462630
orbiter_earth,orbiter_0,earth,465180,469710
orbiter_earth,orbiter_0,earth,472260,476820
orbiter_earth,orbiter_0,earth,479340,483900
orbiter_earth,orbiter_0,earth,486420,490980
orbiter_earth,orbiter_0,earth,493500,498060
orbiter_earth,orbiter_0,earth,500580,505140
orbiter_earth,orbiter_0,earth,507660,512220
orbiter_earth,orbiter_0,earth,514740,519300
orbiter_earth,orbiter_0,earth,521820,526380
orbiter_earth,orbiter_0,earth,528900,533460
orbiter_earth,orbiter_0,earth,535980,540540
orbiter_earth,orbiter_0,earth,543060,547620
orbiter_earth,orbiter_0,earth,550170,554700
orbiter_earth,orbiter_0,earth,557250,561810
orbiter_earth,orbiter_0,earth,564330,568890
orbiter_earth,orbiter_0,earth,571410,575970
orbiter_earth,orbiter_0,earth,578490,583050
orbiter_earth,orbiter_0,earth,585570,590130
orbiter_earth,orbiter_0,earth,592650,597210
orbiter_earth,orbiter_0,earth,599730,604290
orbiter_earth,orbiter_0,earth,606810,611370
orbiter_earth,orbiter_0,earth,613890,618450
orbiter_earth,orbiter_0,earth,620970,625530
orbiter_earth,orbiter_0,earth,628050,632610
orbiter_earth,orbiter_0,earth,635160,639690
orbiter_earth,orbiter_0,earth,642240,646800
orbiter_earth,orbiter_0,earth,649320,653880
orbiter_earth,orbiter_0,earth,656400,660960
orbiter_earth,orbiter_0,earth,663480,668040
orbiter_earth,orbiter_0,earth,670560,675120
orbiter_earth,orbiter_0,earth,677640,682200
orbiter_earth,orbiter_0,earth,684720,689280
orbiter_earth,orbiter_0,earth,691800,696360
orbiter_earth,orbiter_0,earth,698880,703440
orbiter_earth,orbiter_0,earth,705960,710520
orbiter_earth,orbiter_0,earth,713040,717600
orbiter_earth,orbiter_0,earth,720150,724680
orbiter_earth,orbiter_0,earth,727230,731790
orbiter_earth,orbiter_0,earth,734310,738870
orbiter_earth,orbiter_0,earth,741390,745950
orbiter_earth,orbiter_0,earth,748470,753030
orbiter_earth,orbiter_0,earth,755550,760110
orbiter_earth,orbiter_0,earth,762630,767190
orbiter_earth,orbiter_0,earth,769710,774270
orbiter_earth,orbiter_0,earth,776790,781350
orbiter_earth,orbiter_0,earth,783870,788430
orbiter_earth,orbiter_0,earth,790950,795510
orbiter_earth,orbiter_0,earth,798030,802590
orbiter_earth,orbiter_0,earth,805140,809670
orbiter_earth,orbiter_0,earth,812220,816780
orbiter_earth,orbiter_0,earth,819300,823860
orbiter_earth,orbiter_0,earth,826380,830940
orbiter_earth,orbiter_0,earth,833460,838020
orbiter_earth,orbiter_0,earth,840540,845100
orbiter_earth,orbiter_0,earth,847620,852180
orbiter_earth,orbiter_0,earth,854700,859260
orbiter_earth,orbiter_0,earth,861780,866340
orbiter_earth,orbiter_0,earth,868860,873420
orbiter_earth,orbiter_0,earth,875940,880500
orbiter_earth,orbiter_0,earth,883050,887580
orbiter_earth,orbiter_0,earth,890130,894660
orbiter_earth,orbiter_0,earth,897210,901770
orbiter_earth,orbiter_0,earth,904290,908850
orbiter_earth,orbiter_0,earth,911370,915930
orbiter_earth,orbiter_0,earth,918450,923010
orbiter_earth,orbiter_0,earth,925530,930090
orbiter_earth,orbiter_0,earth,932610,937170
orbiter_earth,orbiter_0,earth,939690,944250
orbiter_earth,orbiter_0,earth,946770,951330
orbiter_earth,orbiter_0,earth,953850,958410
orbiter_earth,orbiter_0,earth,960930,965490
orbiter_earth,orbiter_0,earth,968040,972570
orbiter_earth,orbiter_0,earth,975120,979650
orbiter_earth,orbiter_0,earth,982200,986760
orbiter_earth,orbiter_0,earth,989280,993840
orbiter_earth,orbiter_0,earth,996360,1000920
orbiter_earth,orbiter_0,earth,1003440,1008000
orbiter_earth,orbiter_0,earth,1010520,1015080
orbiter_earth,orbiter_0,earth,1017600,1022160
orbiter_earth,orbiter_0,earth,1024680,1029240
orbiter_earth,orbiter_0,earth,1031760,1036320
orbiter_earth,orbiter_0,earth,1038840,1043400
orbiter_earth,orbiter_0,earth,1045920,1050480
orbiter_earth,orbiter_0,earth,1053030,1057560
orbiter_earth,orbiter_0,earth,1060110,1064640
orbiter_earth,orbiter_0,earth,1067190,1071750
orbiter_earth,orbiter_0,earth,1074270,1078830
orbiter_earth,orbiter_0,earth,1081350,1085910
orbiter_earth,orbiter_0,earth,1088430,1092990
orbiter_earth,orbiter_0,earth,1095510,1100070
orbiter_earth,orbiter_0,earth,1102590,1107150
orbiter_earth,orbiter_0,earth,1109670,1114230
orbiter_earth,orbiter_0,earth,1116750,1121310
orbiter_earth,orbiter_0,earth,1123830,1128390
orbiter_earth,orbiter_0,earth,1130910,1135470
orbiter_earth,orbiter_0,earth,1138020,1142550
orbiter_earth,orbiter_0,earth,1145100,1149630
orbiter_earth,orbiter_0,earth,1152180,1156740
orbiter_earth,orbiter_0,earth,1159260,1163820
orbiter_earth,orbiter_0,earth,1166340,1170900
orbiter_earth,orbiter_0,earth,1173420,1177980
orbiter_earth,orbiter_0,earth,1180500,1185060
orbiter_earth,orbiter_0,earth,1187580,1192140
orbiter_earth,orbiter_0,earth,1194660,1199220
orbiter_earth,orbiter_0,earth,1201740,1206300
orbiter_earth,orbiter_0,earth,1208820,1213380
orbiter_earth,orbiter_0,earth,1215900,1220460
orbiter_earth,orbiter_0,earth,1223010,1227540
orbiter_earth,orbiter_0,earth,1230090,1234620
orbiter_earth,orbiter_0,earth,1237170,1241730
orbiter_earth,orbiter_0,earth,1244250,1248810
orbiter_earth,orbiter_0,earth,1251330,1255890
orbiter_earth,orbiter_0,earth,1258410,1262970
orbiter_earth,orbiter_0,earth,1265490,1270050
orbiter_earth,orbiter_0,earth,1272570,1277130
orbiter_earth,orbiter_0,earth,1279650,1284210
orbiter_earth,orbiter_0,earth,1286730,1291290
orbiter_earth,orbiter_0,earth,1293810,1298370
orbiter_earth,orbiter_0,earth,1300890,1305450
orbiter_earth,orbiter_0,earth,1308000,1312530
orbiter_earth,orbiter_0,earth,1315080,1319610
orbiter_earth,orbiter_0,earth,1322160,1326720
orbiter_earth,orbiter_0,earth,1329240,1333800
orbiter_earth,orbiter_0,earth,1336320,1340880
orbiter_earth,orbiter_0,earth,1343400,1347960
orbiter_earth,orbiter_0,earth,1350480,1355040
orbiter_earth,orbiter_0,earth,1357560,1362120
orbiter_earth,orbiter_0,earth,1364640,1369200
orbiter_earth,orbiter_0,earth,1371720,1376280
orbiter_earth,orbiter_0,earth,1378800,1383360
orbiter_earth,orbiter_0,earth,1385880,1390440
orbiter_earth,orbiter_0,earth,1392990,1397520
orbiter_earth,orbiter_0,earth,1400070,1404600
orbiter_earth,orbiter_0,earth,1407150,1411710
orbiter_earth,orbiter_0,earth,1414230,1418790
orbiter_earth,orbiter_0,earth,1421310,1425870
orbiter_earth,orbiter_0,earth,1428390,1432950
orbiter_earth,orbiter_0,earth,1435470,1440030
orbiter_earth,orbiter_0,earth,1442550,1447110
orbiter_earth,orbiter_0,earth,1449630,1454190
orbiter_earth,orbiter_0,earth,1456710,1461270
orbiter_earth,orbiter_0,earth,1463790,1468350
orbiter_earth,orbiter_0,earth,1470870,1475430
orbiter_earth,orbiter_0,earth,1477980,1482510
orbiter_earth,orbiter_0,earth,1485060,1489590
orbiter_earth,orbiter_0,earth,1492140,1496700
orbiter_earth,orbiter_0,earth,1499220,1503780
orbiter_earth,orbiter_0,earth,1506300,1510860
orbiter_earth,orbiter_0,earth,1513380,1517940
orbiter_earth,orbiter_0,earth,1520460,1525020
orbiter_earth,orbiter_0,earth,1527540,1532100
orbiter_earth,orbiter_0,earth,1534620,1539180
orbiter_earth,orbiter_0,earth,1541700,1546260
orbiter_earth,orbiter_0,earth,1548780,1553340
orbiter_earth,orbiter_0,earth,1555860,1560420
orbiter_earth,orbiter_0,earth,1562970,1567500
orbiter_earth,orbiter_0,earth,1570050,1574580
orbiter_earth,orbiter_0,earth,1577130,1581690
orbiter_earth,orbiter_0,earth,1584210,1588770
orbiter_earth,orbiter_0,earth,1591290,1595850
orbiter_earth,orbiter_0,earth,1598370,1602930
orbiter_earth,orbiter_0,earth,1605450,1610010
orbiter_earth,orbiter_0,earth,1612530,1617090
orbiter_earth,orbiter_0,earth,1619610,1624170
orbiter_earth,orbiter_0,earth,1626690,1631250
orbiter_earth,orbiter_0,earth,1633770,1638330
orbiter_earth,orbiter_0,earth,1640850,1645410
orbiter_earth,orbiter_0,earth,1647960,1652490
orbiter_earth,orbiter_0,earth,1655040,1659570
orbiter_earth,orbiter_0,earth,1662120,1666680
orbiter_earth,orbiter_0,earth,1669200,1673760
orbiter_earth,orbiter_0,earth,1676280,1680840
orbiter_earth,orbiter_0,earth,1683360,1687920
orbiter_earth,orbiter_0,earth,1690440,1695000
orbiter_earth,orbiter_0,earth,1697520,1702080
orbiter_earth,orbiter_0,earth,1704600,1709160
orbiter_earth,orbiter_0,earth,1711680,1716240
orbiter_earth,orbiter_0,earth,1718760,1723320
orbiter_earth,orbiter_0,earth,1725840,1730400
orbiter_earth,orbiter_0,earth,1732950,1737480
orbiter_earth,orbiter_0,earth,1740030,1744560
orbiter_earth,orbiter_0,earth,1747110,1751670
orbiter_earth,orbiter_0,earth,1754190,1758750
orbiter_earth,orbiter_0,earth,1761270,1765830
orbiter_earth,orbiter_0,earth,1768350,1772910
orbiter_earth,orbiter_0,earth,1775430,1779990
orbiter_earth,orbiter_0,earth,1782510,1787070
orbiter_earth,orbiter_0,earth,1789590,1794150
orbiter_earth,orbiter_0,earth,1796670,1801230
orbiter_earth,orbiter_0,earth,1803750,1808310
orbiter_earth,orbiter_0,earth,1810830,1815390
orbiter_earth,orbiter_0,earth,1817940,1822470
orbiter_earth,orbiter_0,earth,1825020,1829550
orbiter_earth,orbiter_0,earth,1832100,1836660
orbiter_earth,orbiter_0,earth,1839180,1843740
orbiter_earth,orbiter_0,earth,1846260,1850820
orbiter_earth,orbiter_0,earth,1853340,1857900
orbiter_earth,orbiter_0,earth,1860420,1864980
orbiter_earth,orbiter_0,earth,1867500,1872060
orbiter_earth,orbiter_0,earth,1874580,1879140
orbiter_earth,orbiter_0,earth,1881660,1886220
orbiter_earth,orbiter_0,earth,1888740,1893300
orbiter_earth,orbiter_0,earth,1895820,1900380
orbiter_earth,orbiter_0,earth,1902930,1907460
orbiter_earth,orbiter_0,earth,1910010,1914540
orbiter_earth,orbiter_0,earth,1917090,1921650
orbiter_earth,orbiter_0,earth,1924170,1928730
orbiter_earth,orbiter_0,earth,1931250,1935810
orbiter_earth,orbiter_0,earth,1938330,1942890
orbiter_earth,orbiter_0,earth,1945410,1949970
orbiter_earth,orbiter_0,earth,1952490,1957050
orbiter_earth,orbiter_0,earth,1959570,1964130
orbiter_earth,orbiter_0,earth,1966650,1971210
orbiter_earth,orbiter_0,earth,1973730,1978290
orbiter_earth,orbiter_0,earth,1980810,1985370
orbiter_earth,orbiter_0,earth,1987920,1992450
orbiter_earth,orbiter_0,earth,1995000,1999530
orbiter_earth,orbiter_0,earth,2002080,2006640
orbiter_earth,orbiter_0,earth,2009160,2013720
orbiter_earth,orbiter_0,earth,2016240,2020800
orbiter_earth,orbiter_0,earth,2023320,2027880
orbiter_earth,orbiter_0,earth,2030400,2034960
orbiter_earth,orbiter_0,earth,2037480,2042040
orbiter_earth,orbiter_0,earth,2044560,2049120
orbiter_earth,orbiter_0,earth,2051640,2056200
orbiter_earth,orbiter_0,earth,2058720,2063280
orbiter_earth,orbiter_0,earth,2065800,2070360
orbiter_earth,orbiter_0,earth,2072910,2077440
orbiter_earth,orbiter_0,earth,2079990,2084550
orbiter_earth,orbiter_0,earth,2087070,2091630
orbiter_earth,orbiter_0,earth,2094150,2098710
orbiter_earth,orbiter_0,earth,2101230,2105790
orbiter_earth,orbiter_0,earth,2108310,2112870
orbiter_earth,orbiter_0,earth,2115390,2119950
orbiter_earth,orbiter_0,earth,2122470,2127030
orbiter_earth,orbiter_0,earth,2129550,2134110
orbiter_earth,orbiter_0,earth,2136630,2141190
orbiter_earth,orbiter_0,earth,2143710,2148270
orbiter_earth,orbiter_0,earth,2150790,2155350
orbiter_earth,orbiter_0,earth,2157900,2162430
orbiter_earth,orbiter_0,earth,2164980,2169540
orbiter_earth,orbiter_0,earth,2172060,2176620
orbiter_earth,orbiter_0,earth,2179140,2183700
orbiter_earth,orbiter_0,earth,2186220,2190780
orbiter_earth,orbiter_0,earth,2193300,2197860
orbiter_earth,orbiter_0,earth,2200380,2204940
orbiter_earth,orbiter_0,earth,2207460,2212020
orbiter_earth,orbiter_0,earth,2214540,2219100
orbiter_earth,orbiter_0,earth,2221620,2226180
orbiter_earth,orbiter_0,earth,2228700,2233260
orbiter_earth,orbiter_0,earth,2235780,2240340
orbiter_earth,orbiter_0,earth,2242890,2247420
orbiter_earth,orbiter_0,earth,2249970,2254530
orbiter_earth,orbiter_0,earth,2257050,2261610
orbiter_earth,orbiter_0,earth,2264130,2268690
orbiter_earth,orbiter_0,earth,2271210,2275770
orbiter_earth,orbiter_0,earth,2278290,2282850
orbiter_earth,orbiter_0,earth,2285370,2289930
orbiter_earth,orbiter_0,earth,2292450,2297010
orbiter_earth,orbiter_0,earth,2299530,2304090
orbiter_earth,orbiter_0,earth,2306610,2311170
orbiter_earth,orbiter_0,earth,2313690,2318250
orbiter_earth,orbiter_0,earth,2320770,2325330
orbiter_earth,orbiter_0,earth,2327880,2332410
orbiter_earth,orbiter_0,earth,2334960,2339520
orbiter_earth,orbiter_0,earth,2342040,2346600
orbiter_earth,orbiter_0,earth,2349120,2353680
orbiter_earth,orbiter_0,earth,2356200,2360760
orbiter_earth,orbiter_0,earth,2363280,2367840
orbiter_earth,orbiter_0,earth,2370360,2374920
orbiter_earth,orbiter_0,earth,2377440,2382000
orbiter_earth,orbiter_0,earth,2384520,2389080
orbiter_earth,orbiter_0,earth,2391600,2396160
orbiter_earth,orbiter_0,earth,2398680,2403240
orbiter_earth,orbiter_0,earth,2405760,2410320
orbiter_earth,orbiter_0,earth,2412870,2417400
orbiter_earth,orbiter_0,earth,2419950,2424510
orbiter_earth,orbiter_0,earth,2427030,2431590
orbiter_earth,orbiter_0,earth,2434110,2438670
orbiter_earth,orbiter_0,earth,2441190,2445750
orbiter_earth,orbiter_0,earth,2448270,2452830
orbiter_earth,orbiter_0,earth,2455350,2459910
orbiter_earth,orbiter_0,earth,2462430,2466990
orbiter_earth,orbiter_0,earth,2469510,2474070
orbiter_earth,orbiter_0,earth,2476590,2481150
orbiter_earth,orbiter_0,earth,2483670,2488230
orbiter_earth,orbiter_0,earth,2490750,2495310
orbiter_earth,orbiter_0,earth,2497860,2502390
orbiter_earth,orbiter_0,earth,2504940,2509500
orbiter_earth,orbiter_0,earth,2512020,2516580
orbiter_earth,orbiter_0,earth,2519100,2523660
orbiter_earth,orbiter_0,earth,2526180,2530740
orbiter_earth,orbiter_0,earth,2533260,2537820
orbiter_earth,orbiter_0,earth,2540340,2544900
orbiter_earth,orbiter_0,earth,2547420,2551980
orbiter_earth,orbiter_0,earth,2554500,2559060
orbiter_earth,orbiter_0,earth,2561580,2566140
orbiter_earth,orbiter_0,earth,2568660,2573220
orbiter_earth,orbiter_0,earth,2575740,2580300
orbiter_earth,orbiter_0,earth,2582850,2587380
orbiter_earth,orbiter_0,earth,2589930,2592000
orbiter_earth,orbiter_1,earth,0,1380
orbiter_earth,orbiter_1,earth,3930,8490
orbiter_earth,orbiter_1,earth,11010,15570
orbiter_earth,orbiter_1,earth,18090,22650
orbiter_earth,orbiter_1,earth,25170,29730
orbiter_earth,orbiter_1,earth,32250,36810
orbiter_earth,orbiter_1,earth,39330,43890
orbiter_earth,orbiter_1,earth,46410,50970
orbiter_earth,orbiter_1,earth,53490,58050
orbiter_earth,orbiter_1,earth,60570,65130
orbiter_earth,orbiter_1,earth,67650,72210
orbiter_earth,orbiter_1,earth,74730,79290
orbiter_earth,orbiter_1,earth,81840,86370
orbiter_earth,orbiter_1,earth,88920,93480
orbiter_earth,orbiter_1,earth,96000,100560
orbiter_earth,orbiter_1,earth,103080,107640
orbiter_earth,orbiter_1,earth,110160,114720
orbiter_earth,orbiter_1,earth,117240,121800
orbiter_earth,orbiter_1,earth,124320,128880
orbiter_earth,orbiter_1,earth,131400,135960
orbiter_earth,orbiter_1,earth,138480,143040
orbiter_earth,orbiter_1,earth,145560,150120
orbiter_earth,orbiter_1,earth,152640,157200
orbiter_earth,orbiter_1,earth,159720,164280
orbiter_earth,orbiter_1,earth,166830,171360
orbiter_earth,orbiter_1,earth,173910,178470
orbiter_earth,orbiter_1,earth,180990,185550
orbiter_earth,orbiter_1,earth,188070,192630
orbiter_earth,orbiter_1,earth,195150,199710
orbiter_earth,orbiter_1,earth,202230,206790
orbiter_earth,orbiter_1,earth,209310,213870
orbiter_earth,orbiter_1,earth,216390,220950
orbiter_earth,orbiter_1,earth,223470,228030
orbiter_earth,orbiter_1,earth,230550,235110
orbiter_earth,orbiter_1,earth,237630,242190
orbiter_earth,orbiter_1,earth,244710,249270
orbiter_earth,orbiter_1,earth,251820,256350
orbiter_earth,orbiter_1,earth,258900,263460
orbiter_earth,orbiter_1,earth,265980,270540
orbiter_earth,orbiter_1,earth,273060,277620
orbiter_earth,orbiter_1,earth,280140,284700
orbiter_earth,orbiter_1,earth,287220,291780
orbiter_earth,orbiter_1,earth,294300,298860
orbiter_earth,orbiter_1,earth,301380,305940
orbiter_earth,orbiter_1,earth,308460,313020
orbiter_earth,orbiter_1,earth,315540,320100
orbiter_earth,orbiter_1,earth,322620,327180
orbiter_earth,orbiter_1,earth,329700,334260
orbiter_earth,orbiter_1,earth,336810,341340
orbiter_earth,orbiter_1,earth,343890,348450
orbiter_earth,orbiter_1,earth,350970,355530
orbiter_earth,orbiter_1,earth,358050,362610
orbiter_earth,orbiter_1,earth,365130,369690
orbiter_earth,orbiter_1,earth,372210,376770
orbiter_earth,orbiter_1,earth,379290,383850
orbiter_earth,orbiter_1,earth,386370,390930
orbiter_earth,orbiter_1,earth,393450,398010
orbiter_earth,orbiter_1,earth,400530,405090
orbiter_earth,orbiter_1,earth,407610,412170
orbiter_earth,orbiter_1,earth,414690,419250
orbiter_earth,orbiter_1,earth,421800,426330
orbiter_earth,orbiter_1,earth,428880,433440
orbiter_earth,orbiter_1,earth,435960,440520
orbiter_earth,orbiter_1,earth,443040,447600
orbiter_earth,orbiter_1,earth,450120,454680
orbiter_earth,orbiter_1,earth,457200,461760
orbiter_earth,orbiter_1,earth,464280,468840
orbiter_earth,orbiter_1,earth,471360,475920
orbiter_earth,orbiter_1,earth,478440,483000
orbiter_earth,orbiter_1,earth,485520,490080
orbiter_earth,orbiter_1,earth,492600,497160
orbiter_earth,orbiter_1,earth,499680,504240
orbiter_earth,orbiter_1,earth,506790,511320
orbiter_earth,orbiter_1,earth,513870,518430
orbiter_earth,orbiter_1,earth,520950,525510
orbiter_earth,orbiter_1,earth,528030,532590
orbiter_earth,orbiter_1,earth,535110,539670
orbiter_earth,orbiter_1,earth,542190,546750
orbiter_earth,orbiter_1,earth,549270,553830
orbiter_earth,orbiter_1,earth,556350,560910
orbiter_earth,orbiter_1,earth,563430,567990
orbiter_earth,orbiter_1,earth,570510,575070
orbiter_earth,orbiter_1,earth,577590,582150
orbiter_earth,orbiter_1,earth,584670,589230
orbiter_earth,orbiter_1,earth,591780,596310
orbiter_earth,orbiter_1,earth,598860,603420
orbiter_earth,orbiter_1,earth,605940,610500
orbiter_earth,orbiter_1,earth,613020,617580
orbiter_earth,orbiter_1,earth,620100,624660
orbiter_earth,orbiter_1,earth,627180,631740
orbiter_earth,orbiter_1,earth,634260,638820
orbiter_earth,orbiter_1,earth,641340,645900
orbiter_earth,orbiter_1,earth,648420,652980
orbiter_earth,orbiter_1,earth,655500,660060
orbiter_earth,orbiter_1,earth,662580,667140
orbiter_earth,orbiter_1,earth,669660,674220
orbiter_earth,orbiter_1,earth,676770,681300
orbiter_earth,orbiter_1,earth,683850,688410
orbiter_earth,orbiter_1,earth,690930,695490
orbiter_earth,orbiter_1,earth,698010,702570
orbiter_earth,orbiter_1,earth,705090,709650
orbiter_earth,orbiter_1,earth,712170,716730
orbiter_earth,orbiter_1,earth,719250,723810
orbiter_earth,orbiter_1,earth,726330,730890
orbiter_earth,orbiter_1,earth,733410,737970
orbiter_earth,orbiter_1,earth,740490,745050
orbiter_earth,orbiter_1,earth,747570,752130
orbiter_earth,orbiter_1,earth,754650,759210
orbiter_earth,orbiter_1,earth,761760,766290
orbiter_earth,orbiter_1,earth,768840,773400
orbiter_earth,orbiter_1,earth,775920,780480
orbiter_earth,orbiter_1,earth,783000,787560
orbiter_earth,orbiter_1,earth,790080,794640
orbiter_earth,orbiter_1,earth,797160,801720
orbiter_earth,orbiter_1,earth,804240,808800
orbiter_earth,orbiter_1,earth,811320,815880
orbiter_earth,orbiter_1,earth,818400,822960
orbiter_earth,orbiter_1,earth,825480,830040
orbiter_earth,orbiter_1,earth,832560,837120
orbiter_earth,orbiter_1,earth,839640,844200
orbiter_earth,orbiter_1,earth,846750,851280
orbiter_earth,orbiter_1,earth,853830,858390
orbiter_earth,orbiter_1,earth,860910,865470
orbiter_earth,orbiter_1,earth,867990,872550
orbiter_earth,orbiter_1,earth,875070,879630
orbiter_earth,orbiter_1,earth,882150,886710
orbiter_earth,orbiter_1,earth,889230,893790
orbiter_earth,orbiter_1,earth,896310,900870
orbiter_earth,orbiter_1,earth,903390,907950
orbiter_earth,orbiter_1,earth,910470,915030
orbiter_earth,orbiter_1,earth,917550,922110
orbiter_earth,orbiter_1,earth,924630,929190
orbiter_earth,orbiter_1,earth,931740,936270
orbiter_earth,orbiter_1,earth,938820,943380
orbiter_earth,orbiter_1,earth,945900,950460
orbiter_earth,orbiter_1,earth,952980,957540
orbiter_earth,orbiter_1,earth,960060,964620
orbiter_earth,orbiter_1,earth,967140,971700
orbiter_earth,orbiter_1,earth,974220,978780
orbiter_earth,orbiter_1,earth,981300,985860
orbiter_earth,orbiter_1,earth,988380,992940
orbiter_earth,orbiter_1,earth,995460,1000020
orbiter_earth,orbiter_1,earth,1002540,1007100
orbiter_earth,orbiter_1,earth,1009620,1014180
orbiter_earth,orbiter_1,earth,1016730,1021260
orbiter_earth,orbiter_1,earth,1023810,1028370
orbiter_earth,orbiter_1,earth,1030890,1035450
orbiter_earth,orbiter_1,earth,1037970,1042530
orbiter_earth,orbiter_1,earth,1045050,1049610
orbiter_earth,orbiter_1,earth,1052130,1056690
orbiter_earth,orbiter_1,earth,1059210,1063770
orbiter_earth,orbiter_1,earth,1066290,1070850
orbiter_earth,orbiter_1,earth,1073370,1077930
orbiter_earth,orbiter_1,earth,1080450,1085010
orbiter_earth,orbiter_1,earth,1087530,1092090
orbiter_earth,orbiter_1,earth,1094610,1099170
orbiter_earth,orbiter_1,earth,1101720,1106250
orbiter_earth,orbiter_1,earth,1108800,1113360
orbiter_earth,orbiter_1,earth,1115880,1120440
orbiter_earth,orbiter_1,earth,1122960,1127520
orbiter_earth,orbiter_1,earth,1130040,1134600
orbiter_earth,orbiter_1,earth,1137120,1141680
orbiter_earth,orbiter_1,earth,1144200,1148760
orbiter_earth,orbiter_1,earth,1151280,1155840
orbiter_earth,orbiter_1,earth,1158360,1162920
orbiter_earth,orbiter_1,earth,1165440,1170000
orbiter_earth,orbiter_1,earth,1172520,1177080
orbiter_earth,orbiter_1,earth,1179630,1184160
orbiter_earth,orbiter_1,earth,1186710,1191240
orbiter_earth,orbiter_1,earth,1193790,1198350
orbiter_earth,orbiter_1,earth,1200870,1205430
orbiter_earth,orbiter_1,earth,1207950,1212510
orbiter_earth,orbiter_1,earth,1215030,1219590
orbiter_earth,orbiter_1,earth,1222110,1226670
orbiter_earth,orbiter_1,earth,1229190,1233750
orbiter_earth,orbiter_1,earth,1236270,1240830
orbiter_earth,orbiter_1,earth,1243350,1247910
orbiter_earth,orbiter_1,earth,1250430,1254990
orbiter_earth,orbiter_1,earth,1257510,1262070
orbiter_earth,orbiter_1,earth,1264620,1269150
orbiter_earth,orbiter_1,earth,1271700,1276230
orbiter_earth,orbiter_1,earth,1278780,1283340
orbiter_earth,orbiter_1,earth,1285860,1290420
orbiter_earth,orbiter_1,earth,1292940,1297500
orbiter_earth,orbiter_1,earth,1300020,1304580
orbiter_earth,orbiter_1,earth,1307100,1311660
orbiter_earth,orbiter_1,earth,1314180,1318740
orbiter_earth,orbiter_1,earth,1321260,1325820
orbiter_earth,orbiter_1,earth,1328340,1332900
orbiter_earth,orbiter_1,earth,1335420,1339980
orbiter_earth,orbiter_1,earth,1342500,1347060
orbiter_earth,orbiter_1,earth,1349610,1354140
orbiter_earth,orbiter_1,earth,1356690,1361220
orbiter_earth,orbiter_1,earth,1363770,1368330
orbiter_earth,orbiter_1,earth,1370850,1375410
orbiter_earth,orbiter_1,earth,1377930,1382490
orbiter_earth,orbiter_1,earth,1385010,1389570
orbiter_earth,orbiter_1,earth,1392090,1396650
orbiter_earth,orbiter_1,earth,1399170,1403730
orbiter_earth,orbiter_1,earth,1406250,1410810
orbiter_earth,orbiter_1,earth,1413330,1417890
orbiter_earth,orbiter_1,earth,1420410,1424970
orbiter_earth,orbiter_1,earth,1427490,1432050
orbiter_earth,orbiter_1,earth,1434600,1439130
orbiter_earth,orbiter_1,earth,1441680,1446210
orbiter_earth,orbiter_1,earth,1448760,1453320
orbiter_earth,orbiter_1,earth,1455840,1460400
orbiter_earth,orbiter_1,earth,1462920,1467480
orbiter_earth,orbiter_1,earth,1470000,1474560
orbiter_earth,orbiter_1,earth,1477080,1481640
orbiter_earth,orbiter_1,earth,1484160,1488720
orbiter_earth,orbiter_1,earth,1491240,1495800
orbiter_earth,orbiter_1,earth,1498320,1502880
orbiter_earth,orbiter_1,earth,1505400,1509960
orbiter_earth,orbiter_1,earth,1512480,1517040
orbiter_earth,orbiter_1,earth,1519590,1524120
orbiter_earth,orbiter_1,earth,1526670,1531200
orbiter_earth,orbiter_1,earth,1533750,1538310
orbiter_earth,orbiter_1,earth,1540830,1545390
orbiter_earth,orbiter_1,earth,1547910,1552470
orbiter_earth,orbiter_1,earth,1554990,1559550
orbiter_earth,orbiter_1,earth,1562070,1566630
orbiter_earth,orbiter_1,earth,1569150,1573710
orbiter_earth,orbiter_1,earth,1576230,1580790
orbiter_earth,orbiter_1,earth,1583310,1587870
orbiter_earth,orbiter_1,earth,1590390,1594950
orbiter_earth,orbiter_1,earth,1597470,1602030
orbiter_earth,orbiter_1,earth,1604580,1609110
orbiter_earth,orbiter_1,earth,1611660,1616190
orbiter_earth,orbiter_1,earth,1618740,1623300
orbiter_earth,orbiter_1,earth,1625820,1630380
orbiter_earth,orbiter_1,earth,1632900,1637460
orbiter_earth,orbiter_1,earth,1639980,1644540
orbiter_earth,orbiter_1,earth,1647060,1651620
orbiter_earth,orbiter_1,earth,1654140,1658700
orbiter_earth,orbiter_1,earth,1661220,1665780
orbiter_earth,orbiter_1,earth,1668300,1672860
orbiter_earth,orbiter_1,earth,1675380,1679940
orbiter_earth,orbiter_1,earth,1682460,1687020
orbiter_earth,orbiter_1,earth,1689570,1694100
orbiter_earth,orbiter_1,earth,1696650,1701180
orbiter_earth,orbiter_1,earth,1703730,1708290
orbiter_earth,orbiter_1,earth,1710810,1715370
orbiter_earth,orbiter_1,earth,1717890,1722450
orbiter_earth,orbiter_1,earth,1724970,1729530
orbiter_earth,orbiter_1,earth,1732050,1736610
orbiter_earth,orbiter_1,earth,1739130,1743690
orbiter_earth,orbiter_1,earth,1746210,1750770
orbiter_earth,orbiter_1,earth,1753290,1757850
orbiter_earth,orbiter_1,earth,1760370,1764930
orbiter_earth,orbiter_1,earth,1767450,1772010
orbiter_earth,orbiter_1,earth,1774560,1779090
orbiter_earth,orbiter_1,earth,1781640,1786170
orbiter_earth,orbiter_1,earth,1788720,1793280
orbiter_earth,orbiter_1,earth,1795800,1800360
orbiter_earth,orbiter_1,earth,1802880,1807440
orbiter_earth,orbiter_1,earth,1809960,1814520
orbiter_earth,orbiter_1,earth,1817040,1821600
orbiter_earth,orbiter_1,earth,1824120,1828680
orbiter_earth,orbiter_1,earth,1831200,1835760
orbiter_earth,orbiter_1,earth,1838280,1842840
orbiter_earth,orbiter_1,earth,1845360,1849920
orbiter_earth,orbiter_1,earth,1852440,1857000
orbiter_earth,orbiter_1,earth,1859550,1864080
orbiter_earth,orbiter_1,earth,1866630,1871160
orbiter_earth,orbiter_1,earth,1873710,1878270
orbiter_earth,orbiter_1,earth,1880790,1885350
orbiter_earth,orbiter_1,earth,1887870,1892430
orbiter_earth,orbiter_1,earth,1894950,1899510
orbiter_earth,orbiter_1,earth,1902030,1906590
orbiter_earth,orbiter_1,earth,1909110,1913670
orbiter_earth,orbiter_1,earth,1916190,1920750
orbiter_earth,orbiter_1,earth,1923270,1927830
orbiter_earth,orbiter_1,earth,1930350,1934910
orbiter_earth,orbiter_1,earth,1937430,1941990
orbiter_earth,orbiter_1,earth,1944540,1949070
orbiter_earth,orbiter_1,earth,1951620,1956150
orbiter_earth,orbiter_1,earth,1958700,1963260
orbiter_earth,orbiter_1,earth,1965780,1970340
orbiter_earth,orbiter_1,earth,1972860,1977420
orbiter_earth,orbiter_1,earth,1979940,1984500
orbiter_earth,orbiter_1,earth,1987020,1991580
orbiter_earth,orbiter_1,earth,1994100,1998660
orbiter_earth,orbiter_1,earth,2001180,2005740
orbiter_earth,orbiter_1,earth,2008260,2012820
orbiter_earth,orbiter_1,earth,2015340,2019900
orbiter_earth,orbiter_1,earth,2022420,2026980
orbiter_earth,orbiter_1,earth,2029530,2034060
orbiter_earth,orbiter_1,earth,2036610,2041140
orbiter_earth,orbiter_1,earth,2043690,2048250
orbiter_earth,orbiter_1,earth,2050770,2055330
orbiter_earth,orbiter_1,earth,2057850,2062410
orbiter_earth,orbiter_1,earth,2064930,2069490
orbiter_earth,orbiter_1,earth,2072010,2076570
orbiter_earth,orbiter_1,earth,2079090,2083650
orbiter_earth,orbiter_1,earth,2086170,2090730
orbiter_earth,orbiter_1,earth,2093250,2097810
orbiter_earth,orbiter_1,earth,2100330,2104890
orbiter_earth,orbiter_1,earth,2107410,2111970
orbiter_earth,orbiter_1,earth,2114520,2119050
orbiter_earth,orbiter_1,earth,2121600,2126130
orbiter_earth,orbiter_1,earth,2128680,2133240
orbiter_earth,orbiter_1,earth,2135760,2140320
orbiter_earth,orbiter_1,earth,2142840,2147400
orbiter_earth,orbiter_1,earth,2149920,2154480
orbiter_earth,orbiter_1,earth,2157000,2161560
orbiter_earth,orbiter_1,earth,2164080,2168640
orbiter_earth,orbiter_1,earth,2171160,2175720
orbiter_earth,orbiter_1,earth,2178240,2182800
orbiter_earth,orbiter_1,earth,2185320,2189880
orbiter_earth,orbiter_1,earth,2192400,2196960
orbiter_earth,orbiter_1,earth,2199510,2204040
orbiter_earth,orbiter_1,earth,2206590,2211120
orbiter_earth,orbiter_1,earth,2213670,2218230
orbiter_earth,orbiter_1,earth,2220750,2225310
orbiter_earth,orbiter_1,earth,2227830,2232390
orbiter_earth,orbiter_1,earth,2234910,2239470
orbiter_earth,orbiter_1,earth,2241990,2246550
orbiter_earth,orbiter_1,earth,2249070,2253630
orbiter_earth,orbiter_1,earth,2256150,2260710
orbiter_earth,orbiter_1,earth,2263230,2267790
orbiter_earth,orbiter_1,earth,2270310,2274870
orbiter_earth,orbiter_1,earth,2277390,2281950
orbiter_earth,orbiter_1,earth,2284500,2289030
orbiter_earth,orbiter_1,earth,2291580,2296110
orbiter_earth,orbiter_1,earth,2298660,2303220
orbiter_earth,orbiter_1,earth,2305740,2310300
orbiter_earth,orbiter_1,earth,2312820,2317380
orbiter_earth,orbiter_1,earth,2319900,2324460
orbiter_earth,orbiter_1,earth,2326980,2331540
orbiter_earth,orbiter_1,earth,2334060,2338620
orbiter_earth,orbiter_1,earth,2341140,2345700
orbiter_earth,orbiter_1,earth,2348220,2352780
orbiter_earth,orbiter_1,earth,2355300,2359860
orbiter_earth,orbiter_1,earth,2362380,2366940
orbiter_earth,orbiter_1,earth,2369490,2374020
orbiter_earth,orbiter_1,earth,2376570,2381100
orbiter_earth,orbiter_1,earth,2383650,2388210
orbiter_earth,orbiter_1,earth,2390730,2395290
orbiter_earth,orbiter_1,earth,2397810,2402370
orbiter_earth,orbiter_1,earth,2404890,2409450
orbiter_earth,orbiter_1,earth,2411970,2416530
orbiter_earth,orbiter_1,earth,2419050,2423610
orbiter_earth,orbiter_1,earth,2426130,2430690
orbiter_earth,orbiter_1,earth,2433210,2437770
orbiter_earth,orbiter_1,earth,2440290,2444850
orbiter_earth,orbiter_1,earth,2447370,2451930
orbiter_earth,orbiter_1,earth,2454480,2459010
orbiter_earth,orbiter_1,earth,2461560,2466120
orbiter_earth,orbiter_1,earth,2468640,2473200
orbiter_earth,orbiter_1,earth,2475720,2480280
orbiter_earth,orbiter_1,earth,2482800,2487360
orbiter_earth,orbiter_1,earth,2489880,2494440
orbiter_earth,orbiter_1,earth,2496960,2501520
orbiter_earth,orbiter_1,earth,2504040,2508600
orbiter_earth,orbiter_1,earth,2511120,2515680
orbiter_earth,orbiter_1,earth,2518200,2522760
orbiter_earth,orbiter_1,earth,2525280,2529840
orbiter_earth,orbiter_1,earth,2532360,2536920
orbiter_earth,orbiter_1,earth,2539470,2544000
orbiter_earth,orbiter_1,earth,2546550,2551110
orbiter_earth,orbiter_1,earth,2553630,2558190
orbiter_earth,orbiter_1,earth,2560710,2565270
orbiter_earth,orbiter_1,earth,2567790,2572350
orbiter_earth,orbiter_1,earth,2574870,2579430
orbiter_earth,orbiter_1,earth,2581950,2586510
orbiter_earth,orbiter_1,earth,2589030,2592000
orbiter_earth,orbiter_2,earth,0,510
orbiter_earth,orbiter_2,earth,3030,7590
orbiter_earth,orbiter_2,earth,10110,14670
orbiter_earth,orbiter_2,earth,17190,21750
orbiter_earth,orbiter_2,earth,24270,28830
orbiter_earth,orbiter_2,earth,31350,35910
orbiter_earth,orbiter_2,earth,38460,42990
orbiter_earth,orbiter_2,earth,45540,50100
orbiter_earth,orbiter_2,earth,52620,57180
orbiter_earth,orbiter_2,earth,59700,64260
orbiter_earth,orbiter_2,earth,66780,71340
orbiter_earth,orbiter_2,earth,73860,78420
orbiter_earth,orbiter_2,earth,80940,85500
orbiter_earth,orbiter_2,earth,88020,92580
orbiter_earth,orbiter_2,earth,95100,99660
orbiter_earth,orbiter_2,earth,102180,106740
orbiter_earth,orbiter_2,earth,109260,113820
orbiter_earth,orbiter_2,earth,116340,120900
orbiter_earth,orbiter_2,earth,123450,127980
orbiter_earth,orbiter_2,earth,130530,135090
orbiter_earth,orbiter_2,earth,137610,142170
orbiter_earth,orbiter_2,earth,144690,149250
orbiter_earth,orbiter_2,earth,151770,156330
orbiter_earth,orbiter_2,earth,158850,163410
orbiter_earth,orbiter_2,earth,165930,170490
orbiter_earth,orbiter_2,earth,173010,177570
orbiter_earth,orbiter_2,earth,180090,184650
orbiter_earth,orbiter_2,earth,187170,191730
orbiter_earth,orbiter_2,earth,194250,198810
orbiter_earth,orbiter_2,earth,201330,205890
orbiter_earth,orbiter_2,earth,208440,212970
orbiter_earth,orbiter_2,earth,215520,220080
orbiter_earth,orbiter_2,earth,222600,227160
orbiter_earth,orbiter_2,earth,229680,234240
orbiter_earth,orbiter_2,earth,236760,241320
orbiter_earth,orbiter_2,earth,243840,248400
orbiter_earth,orbiter_2,earth,250920,255480
orbiter_earth,orbiter_2,earth,258000,262560
orbiter_earth,orbiter_2,earth,265080,269640
orbiter_earth,orbiter_2,earth,272160,276720
orbiter_earth,orbiter_2,earth,279240,283800
orbiter_earth,orbiter_2,earth,286320,290880
orbiter_earth,orbiter_2,earth,293430,297960
orbiter_earth,orbiter_2,earth,300510,305070
orbiter_earth,orbiter_2,earth,307590,312150
orbiter_earth,orbiter_2,earth,314670,319230
orbiter_earth,orbiter_2,earth,321750,326310
orbiter_earth,orbiter_2,earth,328830,333390
orbiter_earth,orbiter_2,earth,335910,340470
orbiter_earth,orbiter_2,earth,342990,347550
orbiter_earth,orbiter_2,earth,350070,354630
orbiter_earth,orbiter_2,earth,357150,361710
orbiter_earth,orbiter_2,earth,364230,368790
orbiter_earth,orbiter_2,earth,371310,375870
orbiter_earth,orbiter_2,earth,378420,382950
orbiter_earth,orbiter_2,earth,385500,390060
orbiter_earth,orbiter_2,earth,392580,397140
orbiter_earth,orbiter_2,earth,399660,404220
orbiter_earth,orbiter_2,earth,406740,411300
orbiter_earth,orbiter_2,earth,413820,418380
orbiter_earth,orbiter_2,earth,420900,425460
orbiter_earth,orbiter_2,earth,427980,432540
orbiter_earth,orbiter_2,earth,435060,439620
orbiter_earth,orbiter_2,earth,442140,446700
orbiter_earth,orbiter_2,earth,449220,453780
orbiter_earth,orbiter_2,earth,456300,460860
orbiter_earth,orbiter_2,earth,463410,467940
orbiter_earth,orbiter_2,earth,470490,475050
orbiter_earth,orbiter_2,earth,477570,482130
orbiter_earth,orbiter_2,earth,484650,489210
orbiter_earth,orbiter_2,earth,491730,496290
orbiter_earth,orbiter_2,earth,498810,503370
orbiter_earth,orbiter_2,earth,505890,510450
orbiter_earth,orbiter_2,earth,512970,517530
orbiter_earth,orbiter_2,earth,520050,524610
orbiter_earth,orbiter_2,earth,527130,531690
orbiter_earth,orbiter_2,earth,534210,538770
orbiter_earth,orbiter_2,earth,541290,545850
orbiter_earth,orbiter_2,earth,548400,552930
orbiter_earth,orbiter_2,earth,555480,560040
orbiter_earth,orbiter_2,earth,562560,567120
orbiter_earth,orbiter_2,earth,569640,574200
orbiter_earth,orbiter_2,earth,576720,581280
orbiter_earth,orbiter_2,earth,583800,588360
orbiter_earth,orbiter_2,earth,590880,595440
orbiter_earth,orbiter_2,earth,597960,602520
orbiter_earth,orbiter_2,earth,605040,609600
orbiter_earth,orbiter_2,earth,612120,616680
orbiter_earth,orbiter_2,earth,619200,623760
orbiter_earth,orbiter_2,earth,626280,630840
orbiter_earth,orbiter_2,earth,633390,637920
orbiter_earth,orbiter_2,earth,640470,645030
orbiter_earth,orbiter_2,earth,647550,652110
orbiter_earth,orbiter_2,earth,654630,659190
orbiter_earth,orbiter_2,earth,661710,666270
orbiter_earth,orbiter_2,earth,668790,673350
orbiter_earth,orbiter_2,earth,675870,680430
orbiter_earth,orbiter_2,earth,682950,687510
orbiter_earth,orbiter_2,earth,690030,694590
orbiter_earth,orbiter_2,earth,697110,701670
orbiter_earth,orbiter_2,earth,704190,708750
orbiter_earth,orbiter_2,earth,711270,715830
orbiter_earth,orbiter_2,earth,718380,722910
orbiter_earth,orbiter_2,earth,725460,730020
orbiter_earth,orbiter_2,earth,732540,737100
orbiter_earth,orbiter_2,earth,739620,744180
orbiter_earth,orbiter_2,earth,746700,751260
orbiter_earth,orbiter_2,earth,753780,758340
orbiter_earth,orbiter_2,earth,760860,765420
orbiter_earth,orbiter_2,earth,767940,772500
orbiter_earth,orbiter_2,earth,775020,779580
orbiter_earth,orbiter_2,earth,782100,786660
orbiter_earth,orbiter_2,earth,789180,793740
orbiter_earth,orbiter_2,earth,796260,800820
orbiter_earth,orbiter_2,earth,803370,807900
orbiter_earth,orbiter_2,earth,810450,815010
orbiter_earth,orbiter_2,earth,817530,822090
orbiter_earth,orbiter_2,earth,824610,829170
orbiter_earth,orbiter_2,earth,831690,836250
orbiter_earth,orbiter_2,earth,838770,843330
orbiter_earth,orbiter_2,earth,845850,850410
orbiter_earth,orbiter_2,earth,852930,857490
orbiter_earth,orbiter_2,earth,860010,864570
orbiter_earth,orbiter_2,earth,867090,871650
orbiter_earth,orbiter_2,earth,874170,878730
orbiter_earth,orbiter_2,earth,881250,885810
orbiter_earth,orbiter_2,earth,888360,892890
orbiter_earth,orbiter_2,earth,895440,900000
orbiter_earth,orbiter_2,earth,902520,907080
orbiter_earth,orbiter_2,earth,909600,914160
orbiter_earth,orbiter_2,earth,916680,921240
orbiter_earth,orbiter_2,earth,923760,928320
orbiter_earth,orbiter_2,earth,930840,935400
orbiter_earth,orbiter_2,earth,937920,942480
orbiter_earth,orbiter_2,earth,945000,949560
orbiter_earth,orbiter_2,earth,952080,956640
orbiter_earth,orbiter_2,earth,959160,963720
orbiter_earth,orbiter_2,earth,966240,970800
orbiter_earth,orbiter_2,earth,973350,977880
orbiter_earth,orbiter_2,earth,980430,984990
orbiter_earth,orbiter_2,earth,987510,992070
orbiter_earth,orbiter_2,earth,994590,999150
orbiter_earth,orbiter_2,earth,1001670,1006230
orbiter_earth,orbiter_2,earth,1008750,1013310
orbiter_earth,orbiter_2,earth,1015830,1020390
orbiter_earth,orbiter_2,earth,1022910,1027470
orbiter_earth,orbiter_2,earth,1029990,1034550
orbiter_earth,orbiter_2,earth,1037070,1041630
orbiter_earth,orbiter_2,earth,1044150,1048710
orbiter_earth,orbiter_2,earth,1051230,1055790
orbiter_earth,orbiter_2,earth,1058340,1062870
orbiter_earth,orbiter_2,earth,1065420,1069980
orbiter_earth,orbiter_2,earth,1072500,1077060
orbiter_earth,orbiter_2,earth,1079580,1084140
orbiter_earth,orbiter_2,earth,1086660,1091220
orbiter_earth,orbiter_2,earth,1093740,1098300
orbiter_earth,orbiter_2,earth,1100820,1105380
orbiter_earth,orbiter_2,earth,1107900,1112460
orbiter_earth,orbiter_2,earth,1114980,1119540
orbiter_earth,orbiter_2,earth,1122060,1126620
orbiter_earth,orbiter_2,earth,1129140,1133700
orbiter_earth,orbiter_2,earth,1136220,1140780
orbiter_earth,orbiter_2,earth,1143330,1147860
orbiter_earth,orbiter_2,earth,1150410,1154970
orbiter_earth,orbiter_2,earth,1157490,1162050
orbiter_earth,orbiter_2,earth,1164570,1169130
orbiter_earth,orbiter_2,earth,1171650,1176210
orbiter_earth,orbiter_2,earth,1178730,1183290
orbiter_earth,orbiter_2,earth,1185810,1190370
orbiter_earth,orbiter_2,earth,1192890,1197450
orbiter_earth,orbiter_2,earth,1199970,1204530
orbiter_earth,orbiter_2,earth,1207050,1211610
orbiter_earth,orbiter_2,earth,1214130,1218690
orbiter_earth,orbiter_2,earth,1221210,1225770
orbiter_earth,orbiter_2,earth,1228320,1232850
orbiter_earth,orbiter_2,earth,1235400,1239960
orbiter_earth,orbiter_2,earth,1242480,1247040
orbiter_earth,orbiter_2,earth,1249560,1254120
orbiter_earth,orbiter_2,earth,1256640,1261200
orbiter_earth,orbiter_2,earth,1263720,1268280
orbiter_earth,orbiter_2,earth,1270800,1275360
orbiter_earth,orbiter_2,earth,1277880,1282440
orbiter_earth,orbiter_2,earth,1284960,1289520
orbiter_earth,orbiter_2,earth,1292040,1296600
orbiter_earth,orbiter_2,earth,1299120,1303680
orbiter_earth,orbiter_2,earth,1306200,1310760
orbiter_earth,orbiter_2,earth,1313310,1317840
orbiter_earth,orbiter_2,earth,1320390,1324950
orbiter_earth,orbiter_2,earth,1327470,1332030
orbiter_earth,orbiter_2,earth,1334550,1339110
orbiter_earth,orbiter_2,earth,1341630,1346190
orbiter_earth,orbiter_2,earth,1348710,1353270
orbiter_earth,orbiter_2,earth,1355790,1360350
orbiter_earth,orbiter_2,earth,1362870,1367430
orbiter_earth,orbiter_2,earth,1369950,1374510
orbiter_earth,orbiter_2,earth,1377030,1381590
orbiter_earth,orbiter_2,earth,1384110,1388670
orbiter_earth,orbiter_2,earth,1391190,1395750
orbiter_earth,orbiter_2,earth,1398300,1402830
orbiter_earth,orbiter_2,earth,1405380,1409940
orbiter_earth,orbiter_2,earth,1412460,1417020
orbiter_earth,orbiter_2,earth,1419540,1424100
orbiter_earth,orbiter_2,earth,1426620,1431180
orbiter_earth,orbiter_2,earth,1433700,1438260
orbiter_earth,orbiter_2,earth,1440780,1445340
orbiter_earth,orbiter_2,earth,1447860,1452420
orbiter_earth,orbiter_2,earth,1454940,1459500
orbiter_earth,orbiter_2,earth,1462020,1466580
orbiter_earth,orbiter_2,earth,1469100,1473660
orbiter_earth,orbiter_2,earth,1476180,1480740
orbiter_earth,orbiter_2,earth,1483290,1487820
orbiter_earth,orbiter_2,earth,1490370,1494930
orbiter_earth,orbiter_2,earth,1497450,1502010
orbiter_earth,orbiter_2,earth,1504530,1509090
orbiter_earth,orbiter_2,earth,1511610,1516170
orbiter_earth,orbiter_2,earth,1518690,1523250
orbiter_earth,orbiter_2,earth,1525770,1530330
orbiter_earth,orbiter_2,earth,1532850,1537410
orbiter_earth,orbiter_2,earth,1539930,1544490
orbiter_earth,orbiter_2,earth,1547010,1551570
orbiter_earth,orbiter_2,earth,1554090,1558650
orbiter_earth,orbiter_2,earth,1561200,1565730
orbiter_earth,orbiter_2,earth,1568280,1572810
orbiter_earth,orbiter_2,earth,1575360,1579920
orbiter_earth,orbiter_2,earth,1582440,1587000
orbiter_earth,orbiter_2,earth,1589520,1594080
orbiter_earth,orbiter_2,earth,1596600,1601160
orbiter_earth,orbiter_2,earth,1603680,1608240
orbiter_earth,orbiter_2,earth,1610760,1615320
orbiter_earth,orbiter_2,earth,1617840,1622400
orbiter_earth,orbiter_2,earth,1624920,1629480
orbiter_earth,orbiter_2,earth,1632000,1636560
orbiter_earth,orbiter_2,earth,1639080,1643640
orbiter_earth,orbiter_2,earth,1646190,1650720
orbiter_earth,orbiter_2,earth,1653270,1657800
orbiter_earth,orbiter_2,earth,1660350,1664910
orbiter_earth,orbiter_2,earth,1667430,1671990
orbiter_earth,orbiter_2,earth,1674510,1679070
orbiter_earth,orbiter_2,earth,1681590,1686150
orbiter_earth,orbiter_2,earth,1688670,1693230
orbiter_earth,orbiter_2,earth,1695750,1700310
orbiter_earth,orbiter_2,earth,1702830,1707390
orbiter_earth,orbiter_2,earth,1709910,1714470
orbiter_earth,orbiter_2,earth,1716990,1721550
orbiter_earth,orbiter_2,earth,1724070,1728630
orbiter_earth,orbiter_2,earth,1731180,1735710
orbiter_earth,orbiter_2,earth,1738260,1742790
orbiter_earth,orbiter_2,earth,1745340,1749900
orbiter_earth,orbiter_2,earth,1752420,1756980
orbiter_earth,orbiter_2,earth,1759500,1764060
orbiter_earth,orbiter_2,earth,1766580,1771140
orbiter_earth,orbiter_2,earth,1773660,1778220
orbiter_earth,orbiter_2,earth,1780740,1785300
orbiter_earth,orbiter_2,earth,1787820,1792380
orbiter_earth,orbiter_2,earth,1794900,1799460
orbiter_earth,orbiter_2,earth,1801980,1806540
orbiter_earth,orbiter_2,earth,1809060,1813620
orbiter_earth,orbiter_2,earth,1816170,1820700
orbiter_earth,orbiter_2,earth,1823250,1827780
orbiter_earth,orbiter_2,earth,1830330,1834890
orbiter_earth,orbiter_2,earth,1837410,1841970
orbiter_earth,orbiter_2,earth,1844490,1849050
orbiter_earth,orbiter_2,earth,1851570,1856130
orbiter_earth,orbiter_2,earth,1858650,1863210
orbiter_earth,orbiter_2,earth,1865730,1870290
orbiter_earth,orbiter_2,earth,1872810,1877370
orbiter_earth,orbiter_2,earth,1879890,1884450
orbiter_earth,orbiter_2,earth,1886970,1891530
orbiter_earth,orbiter_2,earth,1894050,1898610
orbiter_earth,orbiter_2,earth,1901160,1905690
orbiter_earth,orbiter_2,earth,1908240,1912770
orbiter_earth,orbiter_2,earth,1915320,1919880
orbiter_earth,orbiter_2,earth,1922400,1926960
orbiter_earth,orbiter_2,earth,1929480,1934040
orbiter_earth,orbiter_2,earth,1936560,1941120
orbiter_earth,orbiter_2,earth,1943640,1948200
orbiter_earth,orbiter_2,earth,1950720,1955280
orbiter_earth,orbiter_2,earth,1957800,1962360
orbiter_earth,orbiter_2,earth,1964880,1969440
orbiter_earth,orbiter_2,earth,1971960,1976520
orbiter_earth,orbiter_2,earth,1979040,1983600
orbiter_earth,orbiter_2,earth,1986150,1990680
orbiter_earth,orbiter_2,earth,1993230,1997760
orbiter_earth,orbiter_2,earth,2000310,2004870
orbiter_earth,orbiter_2,earth,2007390,2011950
orbiter_earth,orbiter_2,earth,2014470,2019030
orbiter_earth,orbiter_2,earth,2021550,2026110
orbiter_earth,orbiter_2,earth,2028630,2033190
orbiter_earth,orbiter_2,earth,2035710,2040270
orbiter_earth,orbiter_2,earth,2042790,2047350
orbiter_earth,orbiter_2,earth,2049870,2054430
orbiter_earth,orbiter_2,earth,2056950,2061510
orbiter_earth,orbiter_2,earth,2064030,2068590
orbiter_earth,orbiter_2,earth,2071140,2075670
orbiter_earth,orbiter_2,earth,2078220,2082750
orbiter_earth,orbiter_2,earth,2085300,2089860
orbiter_earth,orbiter_2,earth,2092380,2096940
orbiter_earth,orbiter_2,earth,2099460,2104020
orbiter_earth,orbiter_2,earth,2106540,2111100
orbiter_earth,orbiter_2,earth,2113620,2118180
orbiter_earth,orbiter_2,earth,2120700,2125260
orbiter_earth,orbiter_2,earth,2127780,2132340
orbiter_earth,orbiter_2,earth,2134860,2139420
orbiter_earth,orbiter_2,earth,2141940,2146500
orbiter_earth,orbiter_2,earth,2149020,2153580
orbiter_earth,orbiter_2,earth,2156130,2160660
orbiter_earth,orbiter_2,earth,2163210,2167740
orbiter_earth,orbiter_2,earth,2170290,2174850
orbiter_earth,orbiter_2,earth,2177370,2181930
orbiter_earth,orbiter_2,earth,2184450,2189010
orbiter_earth,orbiter_2,earth,2191530,2196090
orbiter_earth,orbiter_2,earth,2198610,2203170
orbiter_earth,orbiter_2,earth,2205690,2210250
orbiter_earth,orbiter_2,earth,2212770,2217330
orbiter_earth,orbiter_2,earth,2219850,2224410
orbiter_earth,orbiter_2,earth,2226930,2231490
orbiter_earth,orbiter_2,earth,2234010,2238570
orbiter_earth,orbiter_2,earth,2241120,2245650
orbiter_earth,orbiter_2,earth,2248200,2252730
orbiter_earth,orbiter_2,earth,2255280,2259840
orbiter_earth,orbiter_2,earth,2262360,2266920
orbiter_earth,orbiter_2,earth,2269440,2274000
orbiter_earth,orbiter_2,earth,2276520,2281080
orbiter_earth,orbiter_2,earth,2283600,2288160
orbiter_earth,orbiter_2,earth,2290680,2295240
orbiter_earth,orbiter_2,earth,2297760,2302320
orbiter_earth,orbiter_2,earth,2304840,2309400
orbiter_earth,orbiter_2,earth,2311920,2316480
orbiter_earth,orbiter_2,earth,2319000,2323560
orbiter_earth,orbiter_2,earth,2326110,2330640
orbiter_earth,orbiter_2,earth,2333190,2337720
orbiter_earth,orbiter_2,earth,2340270,2344830
orbiter_earth,orbiter_2,earth,2347350,2351910
orbiter_earth,orbiter_2,earth,2354430,2358990
orbiter_earth,orbiter_2,earth,2361510,2366070
orbiter_earth,orbiter_2,earth,2368590,2373150
orbiter_earth,orbiter_2,earth,2375670,2380230
orbiter_earth,orbiter_2,earth,2382750,2387310
orbiter_earth,orbiter_2,earth,2389830,2394390
orbiter_earth,orbiter_2,earth,2396910,2401470
orbiter_earth,orbiter_2,earth,2403990,2408550
orbiter_earth,orbiter_2,earth,2411100,2415630
orbiter_earth,orbiter_2,earth,2418180,2422710
orbiter_earth,orbiter_2,earth,2425260,2429820
orbiter_earth,orbiter_2,earth,2432340,2436900
orbiter_earth,orbiter_2,earth,2439420,2443980
orbiter_earth,orbiter_2,earth,2446500,2451060
orbiter_earth,orbiter_2,earth,2453580,2458140
orbiter_earth,orbiter_2,earth,2460660,2465220
orbiter_earth,orbiter_2,earth,2467740,2472300
orbiter_earth,orbiter_2,earth,2474820,2479380
orbiter_earth,orbiter_2,earth,2481900,2486460
orbiter_earth,orbiter_2,earth,2488980,2493540
orbiter_earth,orbiter_2,earth,2496090,2500620
orbiter_earth,orbiter_2,earth,2503170,2507700
orbiter_earth,orbiter_2,earth,2510250,2514810
orbiter_earth,orbiter_2,earth,2517330,2521890
orbiter_earth,orbiter_2,earth,2524410,2528970
orbiter_earth,orbiter_2,earth,2531490,2536050
orbiter_earth,orbiter_2,earth,2538570,2543130
orbiter_earth,orbiter_2,earth,2545650,2550210
orbiter_earth,orbiter_2,earth,2552730,2557290
orbiter_earth,orbiter_2,earth,2559810,2564370
orbiter_earth,orbiter_2,earth,2566890,2571450
orbiter_earth,orbiter_2,earth,2573970,2578530
orbiter_earth,orbiter_2,earth,2581080,2585610
orbiter_earth,orbiter_2,earth,2588160,2592000
orbiter_earth,orbiter_3,earth,2160,6690
orbiter_earth,orbiter_3,earth,9240,13800
orbiter_earth,orbiter_3,earth,16320,20880
orbiter_earth,orbiter_3,earth,23400,27960
orbiter_earth,orbiter_3,earth,30480,35040
orbiter_earth,orbiter_3,earth,37560,42120
orbiter_earth,orbiter_3,earth,44640,49200
orbiter_earth,orbiter_3,earth,51720,56280
orbiter_earth,orbiter_3,earth,58800,63360
orbiter_earth,orbiter_3,earth,65880,70440
orbiter_earth,orbiter_3,earth,72960,77520
orbiter_earth,orbiter_3,earth,80070,84600
orbiter_earth,orbiter_3,earth,87150,91680
orbiter_earth,orbiter_3,earth,94230,98790
orbiter_earth,orbiter_3,earth,101310,105870
orbiter_earth,orbiter_3,earth,108390,112950
orbiter_earth,orbiter_3,earth,115470,120030
orbiter_earth,orbiter_3,earth,122550,127110
orbiter_earth,orbiter_3,earth,129630,134190
orbiter_earth,orbiter_3,earth,136710,141270
orbiter_earth,orbiter_3,earth,143790,148350
orbiter_earth,orbiter_3,earth,150870,155430
orbiter_earth,orbiter_3,earth,157950,162510
orbiter_earth,orbiter_3,earth,165060,169590
orbiter_earth,orbiter_3,earth,172140,176670
orbiter_earth,orbiter_3,earth,179220,183780
orbiter_earth,orbiter_3,earth,186300,190860
orbiter_earth,orbiter_3,earth,193380,197940
orbiter_earth,orbiter_3,earth,200460,205020
orbiter_earth,orbiter_3,earth,207540,212100
orbiter_earth,orbiter_3,earth,214620,219180
orbiter_earth,orbiter_3,earth,221700,226260
orbiter_earth,orbiter_3,earth,228780,233340
orbiter_earth,orbiter_3,earth,235860,240420
orbiter_earth,orbiter_3,earth,242940,247500
orbiter_earth,orbiter_3,earth,250050,254580
orbiter_earth,orbiter_3,earth,257130,261690
orbiter_earth,orbiter_3,earth,264210,268770
orbiter_earth,orbiter_3,earth,271290,275850
orbiter_earth,orbiter_3,earth,278370,282930
orbiter_earth,orbiter_3,earth,285450,290010
orbiter_earth,orbiter_3,earth,292530,297090
orbiter_earth,orbiter_3,earth,299610,304170
orbiter_earth,orbiter_3,earth,306690,311250
orbiter_earth,orbiter_3,earth,313770,318330
orbiter_earth,orbiter_3,earth,320850,325410
orbiter_earth,orbiter_3,earth,327930,332490
orbiter_earth,orbiter_3,earth,335040,339570
orbiter_earth,orbiter_3,earth,342120,346680
orbiter_earth,orbiter_3,earth,349200,353760
orbiter_earth,orbiter_3,earth,356280,360840
orbiter_earth,orbiter_3,earth,363360,367920
orbiter_earth,orbiter_3,earth,370440,375000
orbiter_earth,orbiter_3,earth,377520,382080
orbiter_earth,orbiter_3,earth,384600,389160
orbiter_earth,orbiter_3,earth,391680,396240
orbiter_earth,orbiter_3,earth,398760,403320
orbiter_earth,orbiter_3,earth,405840,410400
orbiter_earth,orbiter_3,earth,412920,417480
orbiter_earth,orbiter_3,earth,420030,424560
orbiter_earth,orbiter_3,earth,427110,431670
orbiter_earth,orbiter_3,earth,434190,438750
orbiter_earth,orbiter_3,earth,441270,445830
orbiter_earth,orbiter_3,earth,448350,452910
orbiter_earth,orbiter_3,earth,455430,459990
orbiter_earth,orbiter_3,earth,462510,467070
orbiter_earth,orbiter_3,earth,469590,474150
orbiter_earth,orbiter_3,earth,476670,481230
orbiter_earth,orbiter_3,earth,483750,488310
orbiter_earth,orbiter_3,earth,490830,495390
orbiter_earth,orbiter_3,earth,497910,502470
orbiter_earth,orbiter_3,earth,505020,509550
orbiter_earth,orbiter_3,earth,512100,516660
orbiter_earth,orbiter_3,earth,519180,523740
orbiter_earth,orbiter_3,earth,526260,530820
orbiter_earth,orbiter_3,earth,533340,537900
orbiter_earth,orbiter_3,earth,540420,544980
orbiter_earth,orbiter_3,earth,547500,552060
orbiter_earth,orbiter_3,earth,554580,559140
orbiter_earth,orbiter_3,earth,561660,566220
orbiter_earth,orbiter_3,earth,568740,573300
orbiter_earth,orbiter_3,earth,575820,580380
orbiter_earth,orbiter_3,earth,582900,587460
orbiter_earth,orbiter_3,earth,590010,594540
orbiter_earth,orbiter_3,earth,597090,601650
orbiter_earth,orbiter_3,earth,604170,608730
orbiter_earth,orbiter_3,earth,611250,615810
orbiter_earth,orbiter_3,earth,618330,622890
orbiter_earth,orbiter_3,earth,625410,629970
orbiter_earth,orbiter_3,earth,632490,637050
orbiter_earth,orbiter_3,earth,639570,644130
orbiter_earth,orbiter_3,earth,646650,651210
orbiter_earth,orbiter_3,earth,653730,658290
orbiter_earth,orbiter_3,earth,660810,665370
orbiter_earth,orbiter_3,earth,667890,672450
orbiter_earth,orbiter_3,earth,675000,679530
orbiter_earth,orbiter_3,earth,682080,686640
orbiter_earth,orbiter_3,earth,689160,693720
orbiter_earth,orbiter_3,earth,696240,700800
orbiter_earth,orbiter_3,earth,703320,707880
orbiter_earth,orbiter_3,earth,710400,714960
orbiter_earth,orbiter_3,earth,717480,722040
orbiter_earth,orbiter_3,earth,724560,729120
orbiter_earth,orbiter_3,earth,731640,736200
orbiter_earth,orbiter_3,earth,738720,743280
orbiter_earth,orbiter_3,earth,745800,750360
orbiter_earth,orbiter_3,earth,752880,757440
orbiter_earth,orbiter_3,earth,759990,764520
orbiter_earth,orbiter_3,earth,767070,771630
orbiter_earth,orbiter_3,earth,774150,778710
orbiter_earth,orbiter_3,earth,781230,785790
orbiter_earth,orbiter_3,earth,788310,792870
orbiter_earth,orbiter_3,earth,795390,799950
orbiter_earth,orbiter_3,earth,802470,807030
orbiter_earth,orbiter_3,earth,809550,814110
orbiter_earth,orbiter_3,earth,816630,821190
orbiter_earth,orbiter_3,earth,823710,828270
orbiter_earth,orbiter_3,earth,830790,835350
orbiter_earth,orbiter_3,earth,837870,842430
orbiter_earth,orbiter_3,earth,844980,849510
orbiter_earth,orbiter_3,earth,852060,856620
orbiter_earth,orbiter_3,earth,859140,863700
orbiter_earth,orbiter_3,earth,866220,870780
orbiter_earth,orbiter_3,earth,873300,877860
orbiter_earth,orbiter_3,earth,880380,884940
orbiter_earth,orbiter_3,earth,887460,892020
orbiter_earth,orbiter_3,earth,894540,899100
orbiter_earth,orbiter_3,earth,901620,906180
orbiter_earth,orbiter_3,earth,908700,913260
orbiter_earth,orbiter_3,earth,915780,920340
orbiter_earth,orbiter_3,earth,922860,927420
orbiter_earth,orbiter_3,earth,929970,934500
orbiter_earth,orbiter_3,earth,937050,941610
orbiter_earth,orbiter_3,earth,944130,948690
orbiter_earth,orbiter_3,earth,951210,955770
orbiter_earth,orbiter_3,earth,958290,962850
orbiter_earth,orbiter_3,earth,965370,969930
orbiter_earth,orbiter_3,earth,972450,977010
orbiter_earth,orbiter_3,earth,979530,984090
orbiter_earth,orbiter_3,earth,986610,991170
orbiter_earth,orbiter_3,earth,993690,998250
orbiter_earth,orbiter_3,earth,1000770,1005330
orbiter_earth,orbiter_3,earth,1007850,1012410
orbiter_earth,orbiter_3,earth,1014960,1019490
orbiter_earth,orbiter_3,earth,1022040,1026600
orbiter_earth,orbiter_3,earth,1029120,1033680
orbiter_earth,orbiter_3,earth,1036200,1040760
orbiter_earth,orbiter_3,earth,1043280,1047840
orbiter_earth,orbiter_3,earth,1050360,1054920
orbiter_earth,orbiter_3,earth,1057440,1062000
orbiter_earth,orbiter_3,earth,1064520,1069080
orbiter_earth,orbiter_3,earth,1071600,1076160
orbiter_earth,orbiter_3,earth,1078680,1083240
orbiter_earth,orbiter_3,earth,1085760,1090320
orbiter_earth,orbiter_3,earth,1092840,1097400
orbiter_earth,orbiter_3,earth,1099950,1104480
orbiter_earth,orbiter_3,earth,1107030,1111590
orbiter_earth,orbiter_3,earth,1114110,1118670
orbiter_earth,orbiter_3,earth,1121190,1125750
orbiter_earth,orbiter_3,earth,1128270,1132830
orbiter_earth,orbiter_3,earth,1135350,1139910
orbiter_earth,orbiter_3,earth,1142430,1146990
orbiter_earth,orbiter_3,earth,1149510,1154070
orbiter_earth,orbiter_3,earth,1156590,1161150
orbiter_earth,orbiter_3,earth,1163670,1168230
orbiter_earth,orbiter_3,earth,1170750,1175310
orbiter_earth,orbiter_3,earth,1177830,1182390
orbiter_earth,orbiter_3,earth,1184940,1189470
orbiter_earth,orbiter_3,earth,1192020,1196580
orbiter_earth,orbiter_3,earth,1199100,1203660
orbiter_earth,orbiter_3,earth,1206180,1210740
orbiter_earth,orbiter_3,earth,1213260,1217820
orbiter_earth,orbiter_3,earth,1220340,1224900
orbiter_earth,orbiter_3,earth,1227420,1231980
orbiter_earth,orbiter_3,earth,1234500,1239060
orbiter_earth,orbiter_3,earth,1241580,1246140
orbiter_earth,orbiter_3,earth,1248660,1253220
orbiter_earth,orbiter_3,earth,1255740,1260300
orbiter_earth,orbiter_3,earth,1262820,1267380
orbiter_earth,orbiter_3,earth,1269930,1274460
orbiter_earth,orbiter_3,earth,1277010,1281570
orbiter_earth,orbiter_3,earth,1284090,1288650
orbiter_earth,orbiter_3,earth,1291170,1295730
orbiter_earth,orbiter_3,earth,1298250,1302810
orbiter_earth,orbiter_3,earth,1305330,1309890
orbiter_earth,orbiter_3,earth,1312410,1316970
orbiter_earth,orbiter_3,earth,1319490,1324050
orbiter_earth,orbiter_3,earth,1326570,1331130
orbiter_earth,orbiter_3,earth,1333650,1338210
orbiter_earth,orbiter_3,earth,1340730,1345290
orbiter_earth,orbiter_3,earth,1347810,1352370
orbiter_earth,orbiter_3,earth,1354920,1359450
orbiter_earth,orbiter_3,earth,1362000,1366560
orbiter_earth,orbiter_3,earth,1369080,1373640
orbiter_earth,orbiter_3,earth,1376160,1380720
orbiter_earth,orbiter_3,earth,1383240,1387800
orbiter_earth,orbiter_3,earth,1390320,1394880
orbiter_earth,orbiter_3,earth,1397400,1401960
orbiter_earth,orbiter_3,earth,1404480,1409040
orbiter_earth,orbiter_3,earth,1411560,1416120
orbiter_earth,orbiter_3,earth,1418640,1423200
orbiter_earth,orbiter_3,earth,1425720,1430280
orbiter_earth,orbiter_3,earth,1432800,1437360
orbiter_earth,orbiter_3,earth,1439910,1444440
orbiter_earth,orbiter_3,earth,1446990,1451550
orbiter_earth,orbiter_3,earth,1454070,1458630
orbiter_earth,orbiter_3,earth,1461150,1465710
orbiter_earth,orbiter_3,earth,1468230,1472790
orbiter_earth,orbiter_3,earth,1475310,1479870
orbiter_earth,orbiter_3,earth,1482390,1486950
orbiter_earth,orbiter_3,earth,1489470,1494030
orbiter_earth,orbiter_3,earth,1496550,1501110
orbiter_earth,orbiter_3,earth,1503630,1508190
orbiter_earth,orbiter_3,earth,1510710,1515270
orbiter_earth,orbiter_3,earth,1517790,1522350
orbiter_earth,orbiter_3,earth,1524900,1529430
orbiter_earth,orbiter_3,earth,1531980,1536540
orbiter_earth,orbiter_3,earth,1539060,1543620
orbiter_earth,orbiter_3,earth,1546140,1550700
orbiter_earth,orbiter_3,earth,1553220,1557780
orbiter_earth,orbiter_3,earth,1560300,1564860
orbiter_earth,orbiter_3,earth,1567380,1571940
orbiter_earth,orbiter_3,earth,1574460,1579020
orbiter_earth,orbiter_3,earth,1581540,1586100
orbiter_earth,orbiter_3,earth,1588620,1593180
orbiter_earth,orbiter_3,earth,1595700,1600260
orbiter_earth,orbiter_3,earth,1602780,1607340
orbiter_earth,orbiter_3,earth,1609890,1614420
orbiter_earth,orbiter_3,earth,1616970,1621530
orbiter_earth,orbiter_3,earth,1624050,1628610
orbiter_earth,orbiter_3,earth,1631130,1635690
orbiter_earth,orbiter_3,earth,1638210,1642770
orbiter_earth,orbiter_3,earth,1645290,1649850
orbiter_earth,orbiter_3,earth,1652370,1656930
orbiter_earth,orbiter_3,earth,1659450,1664010
orbiter_earth,orbiter_3,earth,1666530,1671090
orbiter_earth,orbiter_3,earth,1673610,1678170
orbiter_earth,orbiter_3,earth,1680690,1685250
orbiter_earth,orbiter_3,earth,1687770,1692330
orbiter_earth,orbiter_3,earth,1694880,1699410
orbiter_earth,orbiter_3,earth,1701960,1706520
orbiter_earth,orbiter_3,earth,1709040,1713600
orbiter_earth,orbiter_3,earth,1716120,1720680
orbiter_earth,orbiter_3,earth,1723200,1727760
orbiter_earth,orbiter_3,earth,1730280,1734840
orbiter_earth,orbiter_3,earth,1737360,1741920
orbiter_earth,orbiter_3,earth,1744440,1749000
orbiter_earth,orbiter_3,earth,1751520,1756080
orbiter_earth,orbiter_3,earth,1758600,1763160
orbiter_earth,orbiter_3,earth,1765680,1770240
orbiter_earth,orbiter_3,earth,1772760,1777320
orbiter_earth,orbiter_3,earth,1779870,1784400
orbiter_earth,orbiter_3,earth,1786950,1791510
orbiter_earth,orbiter_3,earth,1794030,1798590
orbiter_earth,orbiter_3,earth,1801110,1805670
orbiter_earth,orbiter_3,earth,1808190,1812750
orbiter_earth,orbiter_3,earth,1815270,1819830
orbiter_earth,orbiter_3,earth,1822350,1826910
orbiter_earth,orbiter_3,earth,1829430,1833990
orbiter_earth,orbiter_3,earth,1836510,1841070
orbiter_earth,orbiter_3,earth,1843590,1848150
orbiter_earth,orbiter_3,earth,1850670,1855230
orbiter_earth,orbiter_3,earth,1857750,1862310
orbiter_earth,orbiter_3,earth,1864860,1869390
orbiter_earth,orbiter_3,earth,1871940,1876500
orbiter_earth,orbiter_3,earth,1879020,1883580
orbiter_earth,orbiter_3,earth,1886100,1890660
orbiter_earth,orbiter_3,earth,1893180,1897740
orbiter_earth,orbiter_3,earth,1900260,1904820
orbiter_earth,orbiter_3,earth,1907340,1911900
orbiter_earth,orbiter_3,earth,1914420,1918980
orbiter_earth,orbiter_3,earth,1921500,1926060
orbiter_earth,orbiter_3,earth,1928580,1933140
orbiter_earth,orbiter_3,earth,1935660,1940220
orbiter_earth,orbiter_3,earth,1942770,1947300
orbiter_earth,orbiter_3,earth,1949850,1954380
orbiter_earth,orbiter_3,earth,1956930,1961490
orbiter_earth,orbiter_3,earth,1964010,1968570
orbiter_earth,orbiter_3,earth,1971090,1975650
orbiter_earth,orbiter_3,earth,1978170,1982730
orbiter_earth,orbiter_3,earth,1985250,1989810
orbiter_earth,orbiter_3,earth,1992330,1996890
orbiter_earth,orbiter_3,earth,1999410,2003970
orbiter_earth,orbiter_3,earth,2006490,2011050
orbiter_earth,orbiter_3,earth,2013570,2018130
orbiter_earth,orbiter_3,earth,2020650,2025210
orbiter_earth,orbiter_3,earth,2027760,2032290
orbiter_earth,orbiter_3,earth,2034840,2039370
orbiter_earth,orbiter_3,earth,2041920,2046480
orbiter_earth,orbiter_3,earth,2049000,2053560
orbiter_earth,orbiter_3,earth,2056080,2060640
orbiter_earth,orbiter_3,earth,2063160,2067720
orbiter_earth,orbiter_3,earth,2070240,2074800
orbiter_earth,orbiter_3,earth,2077320,2081880
orbiter_earth,orbiter_3,earth,2084400,2088960
orbiter_earth,orbiter_3,earth,2091480,2096040
orbiter_earth,orbiter_3,earth,2098560,2103120
orbiter_earth,orbiter_3,earth,2105640,2110200
orbiter_earth,orbiter_3,earth,2112750,2117280
orbiter_earth,orbiter_3,earth,2119830,2124360
orbiter_earth,orbiter_3,earth,2126910,2131470
orbiter_earth,orbiter_3,earth,2133990,2138550
orbiter_earth,orbiter_3,earth,2141070,2145630
orbiter_earth,orbiter_3,earth,2148150,2152710
orbiter_earth,orbiter_3,earth,2155230,2159790
orbiter_earth,orbiter_3,earth,2162310,2166870
orbiter_earth,orbiter_3,earth,2169390,2173950
orbiter_earth,orbiter_3,earth,2176470,2181030
orbiter_earth,orbiter_3,earth,2183550,2188110
orbiter_earth,orbiter_3,earth,2190630,2195190
orbiter_earth,orbiter_3,earth,2197740,2202270
orbiter_earth,orbiter_3,earth,2204820,2209350
orbiter_earth,orbiter_3,earth,2211900,2216460
orbiter_earth,orbiter_3,earth,2218980,2223540
orbiter_earth,orbiter_3,earth,2226060,2230620
orbiter_earth,orbiter_3,earth,2233140,2237700
orbiter_earth,orbiter_3,earth,2240220,2244780
orbiter_earth,orbiter_3,earth,2247300,2251860
orbiter_earth,orbiter_3,earth,2254380,2258940
orbiter_earth,orbiter_3,earth,2261460,2266020
orbiter_earth,orbiter_3,earth,2268540,2273100
orbiter_earth,orbiter_3,earth,2275620,2280180
orbiter_earth,orbiter_3,earth,2282730,2287260
orbiter_earth,orbiter_3,earth,2289810,2294340
orbiter_earth,orbiter_3,earth,2296890,2301450
orbiter_earth,orbiter_3,earth,2303970,2308530
orbiter_earth,orbiter_3,earth,2311050,2315610
orbiter_earth,orbiter_3,earth,2318130,2322690
orbiter_earth,orbiter_3,earth,2325210,2329770
orbiter_earth,orbiter_3,earth,2332290,2336850
orbiter_earth,orbiter_3,earth,2339370,2343930
orbiter_earth,orbiter_3,earth,2346450,2351010
orbiter_earth,orbiter_3,earth,2353530,2358090
orbiter_earth,orbiter_3,earth,2360610,2365170
orbiter_earth,orbiter_3,earth,2367720,2372250
orbiter_earth,orbiter_3,earth,2374800,2379330
orbiter_earth,orbiter_3,earth,2381880,2386440
orbiter_earth,orbiter_3,earth,2388960,2393520
orbiter_earth,orbiter_3,earth,2396040,2400600
orbiter_earth,orbiter_3,earth,2403120,2407680
orbiter_earth,orbiter_3,earth,2410200,2414760
orbiter_earth,orbiter_3,earth,2417280,2421840
orbiter_earth,orbiter_3,earth,2424360,2428920
orbiter_earth,orbiter_3,earth,2431440,2436000
orbiter_earth,orbiter_3,earth,2438520,2443080
orbiter_earth,orbiter_3,earth,2445600,2450160
orbiter_earth,orbiter_3,earth,2452710,2457240
orbiter_earth,orbiter_3,earth,2459790,2464320
orbiter_earth,orbiter_3,earth,2466870,2471430
orbiter_earth,orbiter_3,earth,2473950,2478510
orbiter_earth,orbiter_3,earth,2481030,2485590
orbiter_earth,orbiter_3,earth,2488110,2492670
orbiter_earth,orbiter_3,earth,2495190,2499750
orbiter_earth,orbiter_3,earth,2502270,2506830
orbiter_earth,orbiter_3,earth,2509350,2513910
orbiter_earth,orbiter_3,earth,2516430,2520990
orbiter_earth,orbiter_3,earth,2523510,2528070
orbiter_earth,orbiter_3,earth,2530590,2535150
orbiter_earth,orbiter_3,earth,2537700,2542230
orbiter_earth,orbiter_3,earth,2544780,2549310
orbiter_earth,orbiter_3,earth,2551860,2556420
orbiter_earth,orbiter_3,earth,2558940,2563500
orbiter_earth,orbiter_3,earth,2566020,2570580
orbiter_earth,orbiter_3,earth,2573100,2577660
orbiter_earth,orbiter_3,earth,2580180,2584740
orbiter_earth,orbiter_3,earth,2587260,2591820
orbiter_earth,orbiter_4,earth,1260,5820
orbiter_earth,orbiter_4,earth,8340,12900
orbiter_earth,orbiter_4,earth,15420,19980
orbiter_earth,orbiter_4,earth,22500,27060
orbiter_earth,orbiter_4,earth,29580,34140
orbiter_earth,orbiter_4,earth,36690,41220
orbiter_earth,orbiter_4,earth,43770,48300
orbiter_earth,orbiter_4,earth,50850,55410
orbiter_earth,orbiter_4,earth,57930,62490
orbiter_earth,orbiter_4,earth,65010,69570
orbiter_earth,orbiter_4,earth,72090,76650
orbiter_earth,orbiter_4,earth,79170,83730
orbiter_earth,orbiter_4,earth,86250,90810
orbiter_earth,orbiter_4,earth,93330,97890
orbiter_earth,orbiter_4,earth,100410,104970
orbiter_earth,orbiter_4,earth,107490,112050
orbiter_earth,orbiter_4,earth,114570,119130
orbiter_earth,orbiter_4,earth,121680,126210
orbiter_earth,orbiter_4,earth,128760,133290
orbiter_earth,orbiter_4,earth,135840,140400
orbiter_earth,orbiter_4,earth,142920,147480
orbiter_earth,orbiter_4,earth,150000,154560
orbiter_earth,orbiter_4,earth,157080,161640
orbiter_earth,orbiter_4,earth,164160,168720
orbiter_earth,orbiter_4,earth,171240,175800
orbiter_earth,orbiter_4,earth,178320,182880
orbiter_earth,orbiter_4,earth,185400,189960
orbiter_earth,orbiter_4,earth,192480,197040
orbiter_earth,orbiter_4,earth,199560,204120
orbiter_earth,orbiter_4,earth,206670,211200
orbiter_earth,orbiter_4,earth,213750,218280
orbiter_earth,orbiter_4,earth,220830,225390
orbiter_earth,orbiter_4,earth,227910,232470
orbiter_earth,orbiter_4,earth,234990,239550
orbiter_earth,orbiter_4,earth,242070,246630
orbiter_earth,orbiter_4,earth,249150,253710
orbiter_earth,orbiter_4,earth,256230,260790
orbiter_earth,orbiter_4,earth,263310,267870
orbiter_earth,orbiter_4,earth,270390,274950
orbiter_earth,orbiter_4,earth,277470,282030
orbiter_earth,orbiter_4,earth,284550,289110
orbiter_earth,orbiter_4,earth,291660,296190
orbiter_earth,orbiter_4,earth,298740,303270
orbiter_earth,orbiter_4,earth,305820,310380
orbiter_earth,orbiter_4,earth,312900,317460
orbiter_earth,orbiter_4,earth,319980,324540
orbiter_earth,orbiter_4,earth,327060,331620
orbiter_earth,orbiter_4,earth,334140,338700
orbiter_earth,orbiter_4,earth,341220,345780
orbiter_earth,orbiter_4,earth,348300,352860
orbiter_earth,orbiter_4,earth,355380,359940
orbiter_earth,orbiter_4,earth,362460,367020
orbiter_earth,orbiter_4,earth,369540,374100
orbiter_earth,orbiter_4,earth,376650,381180
orbiter_earth,orbiter_4,earth,383730,388260
orbiter_earth,orbiter_4,earth,390810,395370
orbiter_earth,orbiter_4,earth,397890,402450
orbiter_earth,orbiter_4,earth,404970,409530
orbiter_earth,orbiter_4,earth,412050,416610
orbiter_earth,orbiter_4,earth,419130,423690
orbiter_earth,orbiter_4,earth,426210,430770
orbiter_earth,orbiter_4,earth,433290,437850
orbiter_earth,orbiter_4,earth,440370,444930
orbiter_earth,orbiter_4,earth,447450,452010
orbiter_earth,orbiter_4,earth,454530,459090
orbiter_earth,orbiter_4,earth,461640,466170
orbiter_earth,orbiter_4,earth,468720,473250
orbiter_earth,orbiter_4,earth,475800,480360
orbiter_earth,orbiter_4,earth,482880,487440
orbiter_earth,orbiter_4,earth,489960,494520
orbiter_earth,orbiter_4,earth,497040,501600
orbiter_earth,orbiter_4,earth,504120,508680
orbiter_earth,orbiter_4,earth,511200,515760
orbiter_earth,orbiter_4,earth,518280,522840
orbiter_earth,orbiter_4,earth,525360,529920
orbiter_earth,orbiter_4,earth,532440,537000
orbiter_earth,orbiter_4,earth,539520,544080
orbiter_earth,orbiter_4,earth,546630,551160
orbiter_earth,orbiter_4,earth,553710,558240
orbiter_earth,orbiter_4,earth,560790,565350
orbiter_earth,orbiter_4,earth,567870,572430
orbiter_earth,orbiter_4,earth,574950,579510
orbiter_earth,orbiter_4,earth,582030,586590
orbiter_earth,orbiter_4,earth,589110,593670
orbiter_earth,orbiter_4,earth,596190,600750
orbiter_earth,orbiter_4,earth,603270,607830
orbiter_earth,orbiter_4,earth,610350,614910
orbiter_earth,orbiter_4,earth,617430,621990
orbiter_earth,orbiter_4,earth,624510,629070
orbiter_earth,orbiter_4,earth,631620,636150
orbiter_earth,orbiter_4,earth,638700,643260
orbiter_earth,orbiter_4,earth,645780,650340
orbiter_earth,orbiter_4,earth,652860,657420
orbiter_earth,orbiter_4,earth,659940,664500
orbiter_earth,orbiter_4,earth,667020,671580
orbiter_earth,orbiter_4,earth,674100,678660
orbiter_earth,orbiter_4,earth,681180,685740
orbiter_earth,orbiter_4,earth,688260,692820
orbiter_earth,orbiter_4,earth,695340,699900
orbiter_earth,orbiter_4,earth,702420,706980
orbiter_earth,orbiter_4,earth,709500,714060
orbiter_earth,orbiter_4,earth,716610,721140
orbiter_earth,orbiter_4,earth,723690,728250
orbiter_earth,orbiter_4,earth,730770,735330
orbiter_earth,orbiter_4,earth,737850,742410
orbiter_earth,orbiter_4,earth,744930,749490
orbiter_earth,orbiter_4,earth,752010,756570
orbiter_earth,orbiter_4,earth,759090,763650
orbiter_earth,orbiter_4,earth,766170,770730
orbiter_earth,orbiter_4,earth,773250,777810
orbiter_earth,orbiter_4,earth,780330,784890
orbiter_earth,orbiter_4,earth,787410,791970
orbiter_earth,orbiter_4,earth,794490,799050
orbiter_earth,orbiter_4,earth,801600,806130
orbiter_earth,orbiter_4,earth,808680,813240
orbiter_earth,orbiter_4,earth,815760,820320
orbiter_earth,orbiter_4,earth,822840,827400
orbiter_earth,orbiter_4,earth,829920,834480
orbiter_earth,orbiter_4,earth,837000,841560
orbiter_earth,orbiter_4,earth,844080,848640
orbiter_earth,orbiter_4,earth,851160,855720
orbiter_earth,orbiter_4,earth,858240,862800
orbiter_earth,orbiter_4,earth,865320,869880
orbiter_earth,orbiter_4,earth,872400,876960
orbiter_earth,orbiter_4,earth,879480,884040
orbiter_earth,orbiter_4,earth,886590,891120
orbiter_earth,orbiter_4,earth,893670,898230
orbiter_earth,orbiter_4,earth,900750,905310
orbiter_earth,orbiter_4,earth,907830,912390
orbiter_earth,orbiter_4,earth,914910,919470
orbiter_earth,orbiter_4,earth,921990,926550
orbiter_earth,orbiter_4,earth,929070,933630
orbiter_earth,orbiter_4,earth,936150,940710
orbiter_earth,orbiter_4,earth,943230,947790
orbiter_earth,orbiter_4,earth,950310,954870
orbiter_earth,orbiter_4,earth,957390,961950
orbiter_earth,orbiter_4,earth,964470,969030
orbiter_earth,orbiter_4,earth,971580,976110
orbiter_earth,orbiter_4,earth,978660,983220
orbiter_earth,orbiter_4,earth,985740,990300
orbiter_earth,orbiter_4,earth,992820,997380
orbiter_earth,orbiter_4,earth,999900,1004460
orbiter_earth,orbiter_4,earth,1006980,1011540
orbiter_earth,orbiter_4,earth,1014060,1018620
orbiter_earth,orbiter_4,earth,1021140,1025700
orbiter_earth,orbiter_4,earth,1028220,1032780
orbiter_earth,orbiter_4,earth,1035300,1039860
orbiter_earth,orbiter_4,earth,1042380,1046940
orbiter_earth,orbiter_4,earth,1049460,1054020
orbiter_earth,orbiter_4,earth,1056570,1061100
orbiter_earth,orbiter_4,earth,1063650,1068210
orbiter_earth,orbiter_4,earth,1070730,1075290
orbiter_earth,orbiter_4,earth,1077810,1082370
orbiter_earth,orbiter_4,earth,1084890,1089450
orbiter_earth,orbiter_4,earth,1091970,1096530
orbiter_earth,orbiter_4,earth,1099050,1103610
orbiter_earth,orbiter_4,earth,1106130,1110690
orbiter_earth,orbiter_4,earth,1113210,1117770
orbiter_earth,orbiter_4,earth,1120290,1124850
orbiter_earth,orbiter_4,earth,1127370,1131930
orbiter_earth,orbiter_4,earth,1134450,1139010
orbiter_earth,orbiter_4,earth,1141560,1146090
orbiter_earth,orbiter_4,earth,1148640,1153200
orbiter_earth,orbiter_4,earth,1155720,1160280
orbiter_earth,orbiter_4,earth,1162800,1167360
orbiter_earth,orbiter_4,earth,1169880,1174440
orbiter_earth,orbiter_4,earth,1176960,1181520
orbiter_earth,orbiter_4,earth,1184040,1188600
orbiter_earth,orbiter_4,earth,1191120,1195680
orbiter_earth,orbiter_4,earth,1198200,1202760
orbiter_earth,orbiter_4,earth,1205280,1209840
orbiter_earth,orbiter_4,earth,1212360,1216920
orbiter_earth,orbiter_4,earth,1219440,1224000
orbiter_earth,orbiter_4,earth,1226550,1231080
orbiter_earth,orbiter_4,earth,1233630,1238190
orbiter_earth,orbiter_4,earth,1240710,1245270
orbiter_earth,orbiter_4,earth,1247790,1252350
orbiter_earth,orbiter_4,earth,1254870,1259430
orbiter_earth,orbiter_4,earth,1261950,1266510
orbiter_earth,orbiter_4,earth,1269030,1273590
orbiter_earth,orbiter_4,earth,1276110,1280670
orbiter_earth,orbiter_4,earth,1283190,1287750
orbiter_earth,orbiter_4,earth,1290270,1294830
orbiter_earth,orbiter_4,earth,1297350,1301910
orbiter_earth,orbiter_4,earth,1304430,1308990
orbiter_earth,orbiter_4,earth,1311540,1316070
orbiter_earth,orbiter_4,earth,1318620,1323180
orbiter_earth,orbiter_4,earth,1325700,1330260
orbiter_earth,orbiter_4,earth,1332780,1337340
orbiter_earth,orbiter_4,earth,1339860,1344420
orbiter_earth,orbiter_4,earth,1346940,1351500
orbiter_earth,orbiter_4,earth,1354020,1358580
orbiter_earth,orbiter_4,earth,1361100,1365660
orbiter_earth,orbiter_4,earth,1368180,1372740
orbiter_earth,orbiter_4,earth,1375260,1379820
orbiter_earth,orbiter_4,earth,1382340,1386900
orbiter_earth,orbiter_4,earth,1389420,1393980
orbiter_earth,orbiter_4,earth,1396530,1401060
orbiter_earth,orbiter_4,earth,1403610,1408170
orbiter_earth,orbiter_4,earth,1410690,1415250
orbiter_earth,orbiter_4,earth,1417770,1422330
orbiter_earth,orbiter_4,earth,1424850,1429410
orbiter_earth,orbiter_4,earth,1431930,1436490
orbiter_earth,orbiter_4,earth,1439010,1443570
orbiter_earth,orbiter_4,earth,1446090,1450650
orbiter_earth,orbiter_4,earth,1453170,1457730
orbiter_earth,orbiter_4,earth,1460250,1464810
orbiter_earth,orbiter_4,earth,1467330,1471890
orbiter_earth,orbiter_4,earth,1474410,1478970
orbiter_earth,orbiter_4,earth,1481520,1486050
orbiter_earth,orbiter_4,earth,1488600,1493160
orbiter_earth,orbiter_4,earth,1495680,1500240
orbiter_earth,orbiter_4,earth,1502760,1507320
orbiter_earth,orbiter_4,earth,1509840,1514400
orbiter_earth,orbiter_4,earth,1516920,1521480
orbiter_earth,orbiter_4,earth,1524000,1528560
orbiter_earth,orbiter_4,earth,1531080,1535640
orbiter_earth,orbiter_4,earth,1538160,1542720
orbiter_earth,orbiter_4,earth,1545240,1549800
orbiter_earth,orbiter_4,earth,1552320,1556880
orbiter_earth,orbiter_4,earth,1559400,1563960
orbiter_earth,orbiter_4,earth,1566510,1571040
orbiter_earth,orbiter_4,earth,1573590,1578150
orbiter_earth,orbiter_4,earth,1580670,1585230
orbiter_earth,orbiter_4,earth,1587750,1592310
orbiter_earth,orbiter_4,earth,1594830,1599390
orbiter_earth,orbiter_4,earth,1601910,1606470
orbiter_earth,orbiter_4,earth,1608990,1613550
orbiter_earth,orbiter_4,earth,1616070,1620630
orbiter_earth,orbiter_4,earth,1623150,1627710
orbiter_earth,orbiter_4,earth,1630230,1634790
orbiter_earth,orbiter_4,earth,1637310,1641870
orbiter_earth,orbiter_4,earth,1644390,1648950
orbiter_earth,orbiter_4,earth,1651500,1656030
orbiter_earth,orbiter_4,earth,1658580,1663140
orbiter_earth,orbiter_4,earth,1665660,1670220
orbiter_earth,orbiter_4,earth,1672740,1677300
orbiter_earth,orbiter_4,earth,1679820,1684380
orbiter_earth,orbiter_4,earth,1686900,1691460
orbiter_earth,orbiter_4,earth,1693980,1698540
orbiter_earth,orbiter_4,earth,1701060,1705620
orbiter_earth,orbiter_4,earth,1708140,1712700
orbiter_earth,orbiter_4,earth,1715220,1719780
orbiter_earth,orbiter_4,earth,1722300,1726860
orbiter_earth,orbiter_4,earth,1729380,1733940
orbiter_earth,orbiter_4,earth,1736490,1741020
orbiter_earth,orbiter_4,earth,1743570,1748130
orbiter_earth,orbiter_4,earth,1750650,1755210
orbiter_earth,orbiter_4,earth,1757730,1762290
orbiter_earth,orbiter_4,earth,1764810,1769370
orbiter_earth,orbiter_4,earth,1771890,1776450
orbiter_earth,orbiter_4,earth,1778970,1783530
orbiter_earth,orbiter_4,earth,1786050,1790610
orbiter_earth,orbiter_4,earth,1793130,1797690
orbiter_earth,orbiter_4,earth,1800210,1804770
orbiter_earth,orbiter_4,earth,1807290,1811850
orbiter_earth,orbiter_4,earth,1814370,1818930
orbiter_earth,orbiter_4,earth,1821480,1826010
orbiter_earth,orbiter_4,earth,1828560,1833120
orbiter_earth,orbiter_4,earth,1835640,1840200
orbiter_earth,orbiter_4,earth,1842720,1847280
orbiter_earth,orbiter_4,earth,1849800,1854360
orbiter_earth,orbiter_4,earth,1856880,1861440
orbiter_earth,orbiter_4,earth,1863960,1868520
orbiter_earth,orbiter_4,earth,1871040,1875600
orbiter_earth,orbiter_4,earth,1878120,1882680
orbiter_earth,orbiter_4,earth,1885200,1889760
orbiter_earth,orbiter_4,earth,1892280,1896840
orbiter_earth,orbiter_4,earth,1899360,1903920
orbiter_earth,orbiter_4,earth,1906470,1911000
orbiter_earth,orbiter_4,earth,1913550,1918110
orbiter_earth,orbiter_4,earth,1920630,1925190
orbiter_earth,orbiter_4,earth,1927710,1932270
orbiter_earth,orbiter_4,earth,1934790,1939350
orbiter_earth,orbiter_4,earth,1941870,1946430
orbiter_earth,orbiter_4,earth,1948950,1953510
orbiter_earth,orbiter_4,earth,1956030,1960590
orbiter_earth,orbiter_4,earth,1963110,1967670
orbiter_earth,orbiter_4,earth,1970190,1974750
orbiter_earth,orbiter_4,earth,1977270,1981830
orbiter_earth,orbiter_4,earth,1984350,1988910
orbiter_earth,orbiter_4,earth,1991460,1995990
orbiter_earth,orbiter_4,earth,1998540,2003100
orbiter_earth,orbiter_4,earth,2005620,2010180
orbiter_earth,orbiter_4,earth,2012700,2017260
orbiter_earth,orbiter_4,earth,2019780,2024340
orbiter_earth,orbiter_4,earth,2026860,2031420
orbiter_earth,orbiter_4,earth,2033940,2038500
orbiter_earth,orbiter_4,earth,2041020,2045580
orbiter_earth,orbiter_4,earth,2048100,2052660
orbiter_earth,orbiter_4,earth,2055180,2059740
orbiter_earth,orbiter_4,earth,2062260,2066820
orbiter_earth,orbiter_4,earth,2069340,2073900
orbiter_earth,orbiter_4,earth,2076450,2080980
orbiter_earth,orbiter_4,earth,2083530,2088090
orbiter_earth,orbiter_4,earth,2090610,2095170
orbiter_earth,orbiter_4,earth,2097690,2102250
orbiter_earth,orbiter_4,earth,2104770,2109330
orbiter_earth,orbiter_4,earth,2111850,2116410
orbiter_earth,orbiter_4,earth,2118930,2123490
orbiter_earth,orbiter_4,earth,2126010,2130570
orbiter_earth,orbiter_4,earth,2133090,2137650
orbiter_earth,orbiter_4,earth,2140170,2144730
orbiter_earth,orbiter_4,earth,2147250,2151810
orbiter_earth,orbiter_4,earth,2154330,2158890
orbiter_earth,orbiter_4,earth,2161440,2165970
orbiter_earth,orbiter_4,earth,2168520,2173080
orbiter_earth,orbiter_4,earth,2175600,2180160
orbiter_earth,orbiter_4,earth,2182680,2187240
orbiter_earth,orbiter_4,earth,2189760,2194320
orbiter_earth,orbiter_4,earth,2196840,2201400
orbiter_earth,orbiter_4,earth,2203920,2208480
orbiter_earth,orbiter_4,earth,2211000,2215560
orbiter_earth,orbiter_4,earth,2218080,2222640
orbiter_earth,orbiter_4,earth,2225160,2229720
orbiter_earth,orbiter_4,earth,2232240,2236800
orbiter_earth,orbiter_4,earth,2239320,2243880
orbiter_earth,orbiter_4,earth,2246430,2250960
orbiter_earth,orbiter_4,earth,2253510,2258070
orbiter_earth,orbiter_4,earth,2260590,2265150
orbiter_earth,orbiter_4,earth,2267670,2272230
orbiter_earth,orbiter_4,earth,2274750,2279310
orbiter_earth,orbiter_4,earth,2281830,2286390
orbiter_earth,orbiter_4,earth,2288910,2293470
orbiter_earth,orbiter_4,earth,2295990,2300550
orbiter_earth,orbiter_4,earth,2303070,2307630
orbiter_earth,orbiter_4,earth,2310150,2314710
orbiter_earth,orbiter_4,earth,2317230,2321790
orbiter_earth,orbiter_4,earth,2324340,2328870
orbiter_earth,orbiter_4,earth,2331420,2335950
orbiter_earth,orbiter_4,earth,2338500,2343060
orbiter_earth,orbiter_4,earth,2345580,2350140
orbiter_earth,orbiter_4,earth,2352660,2357220
orbiter_earth,orbiter_4,earth,2359740,2364300
orbiter_earth,orbiter_4,earth,2366820,2371380
orbiter_earth,orbiter_4,earth,2373900,2378460
orbiter_earth,orbiter_4,earth,2380980,2385540
orbiter_earth,orbiter_4,earth,2388060,2392620
orbiter_earth,orbiter_4,earth,2395140,2399700
orbiter_earth,orbiter_4,earth,2402220,2406780
orbiter_earth,orbiter_4,earth,2409330,2413860
orbiter_earth,orbiter_4,earth,2416410,2420940
orbiter_earth,orbiter_4,earth,2423490,2428050
orbiter_earth,orbiter_4,earth,2430570,2435130
orbiter_earth,orbiter_4,earth,2437650,2442210
orbiter_earth,orbiter_4,earth,2444730,2449290
orbiter_earth,orbiter_4,earth,2451810,2456370
orbiter_earth,orbiter_4,earth,2458890,2463450
orbiter_earth,orbiter_4,earth,2465970,2470530
orbiter_earth,orbiter_4,earth,2473050,2477610
orbiter_earth,orbiter_4,earth,2480130,2484690
orbiter_earth,orbiter_4,earth,2487210,2491770
orbiter_earth,orbiter_4,earth,2494320,2498850
orbiter_earth,orbiter_4,earth,2501400,2505930
orbiter_earth,orbiter_4,earth,2508480,2513040
orbiter_earth,orbiter_4,earth,2515560,2520120
orbiter_earth,orbiter_4,earth,2522640,2527200
orbiter_earth,orbiter_4,earth,2529720,2534280
orbiter_earth,orbiter_4,earth,2536800,2541360
orbiter_earth,orbiter_4,earth,2543880,2548440
orbiter_earth,orbiter_4,earth,2550960,2555520
orbiter_earth,orbiter_4,earth,2558040,2562600
orbiter_earth,orbiter_4,earth,2565120,2569680
orbiter_earth,orbiter_4,earth,2572200,2576760
orbiter_earth,orbiter_4,earth,2579310,2583840
orbiter_earth,orbiter_4,earth,2586390,2590920
orbiter_earth,orbiter_5,earth,390,4920
orbiter_earth,orbiter_5,earth,7470,12030
orbiter_earth,orbiter_5,earth,14550,19110
orbiter_earth,orbiter_5,earth,21630,26190
orbiter_earth,orbiter_5,earth,28710,33270
orbiter_earth,orbiter_5,earth,35790,40350
orbiter_earth,orbiter_5,earth,42870,47430
orbiter_earth,orbiter_5,earth,49950,54510
orbiter_earth,orbiter_5,earth,57030,61590
orbiter_earth,orbiter_5,earth,64110,68670
orbiter_earth,orbiter_5,earth,71190,75750
orbiter_earth,orbiter_5,earth,78300,82830
orbiter_earth,orbiter_5,earth,85380,89910
orbiter_earth,orbiter_5,earth,92460,97020
orbiter_earth,orbiter_5,earth,99540,104100
orbiter_earth,orbiter_5,earth,106620,111180
orbiter_earth,orbiter_5,earth,113700,118260
orbiter_earth,orbiter_5,earth,120780,125340
orbiter_earth,orbiter_5,earth,127860,132420
orbiter_earth,orbiter_5,earth,134940,139500
orbiter_earth,orbiter_5,earth,142020,146580
orbiter_earth,orbiter_5,earth,149100,153660
orbiter_earth,orbiter_5,earth,156180,160740
orbiter_earth,orbiter_5,earth,163290,167820
orbiter_earth,orbiter_5,earth,170370,174900
orbiter_earth,orbiter_5,earth,177450,182010
orbiter_earth,orbiter_5,earth,184530,189090
orbiter_earth,orbiter_5,earth,191610,196170
orbiter_earth,orbiter_5,earth,198690,203250
orbiter_earth,orbiter_5,earth,205770,210330
orbiter_earth,orbiter_5,earth,212850,217410
orbiter_earth,orbiter_5,earth,219930,224490
orbiter_earth,orbiter_5,earth,227010,231570
orbiter_earth,orbiter_5,earth,234090,238650
orbiter_earth,orbiter_5,earth,241170,245730
orbiter_earth,orbiter_5,earth,248280,252810
orbiter_earth,orbiter_5,earth,255360,259890
orbiter_earth,orbiter_5,earth,262440,267000
orbiter_earth,orbiter_5,earth,269520,274080
orbiter_earth,orbiter_5,earth,276600,281160
orbiter_earth,orbiter_5,earth,283680,288240
orbiter_earth,orbiter_5,earth,290760,295320
orbiter_earth,orbiter_5,earth,297840,302400
orbiter_earth,orbiter_5,earth,304920,309480
orbiter_earth,orbiter_5,earth,312000,316560
orbiter_earth,orbiter_5,earth,319080,323640
orbiter_earth,orbiter_5,earth,326160,330720
orbiter_earth,orbiter_5,earth,333270,337800
orbiter_earth,orbiter_5,earth,340350,344880
orbiter_earth,orbiter_5,earth,347430,351990
orbiter_earth,orbiter_5,earth,354510,359070
orbiter_earth,orbiter_5,earth,361590,366150
orbiter_earth,orbiter_5,earth,368670,373230
orbiter_earth,orbiter_5,earth,375750,380310
orbiter_earth,orbiter_5,earth,382830,387390
orbiter_earth,orbiter_5,earth,389910,394470
orbiter_earth,orbiter_5,earth,396990,401550
orbiter_earth,orbiter_5,earth,404070,408630
orbiter_earth,orbiter_5,earth,411150,415710
orbiter_earth,orbiter_5,earth,418260,422790
orbiter_earth,orbiter_5,earth,425340,429870
orbiter_earth,orbiter_5,earth,432420,436980
orbiter_earth,orbiter_5,earth,439500,444060
orbiter_earth,orbiter_5,earth,446580,451140
orbiter_earth,orbiter_5,earth,453660,458220
orbiter_earth,orbiter_5,earth,460740,465300
orbiter_earth,orbiter_5,earth,467820,472380
orbiter_earth,orbiter_5,earth,474900,479460
orbiter_earth,orbiter_5,earth,481980,486540
orbiter_earth,orbiter_5,earth,489060,493620
orbiter_earth,orbiter_5,earth,496140,500700
orbiter_earth,orbiter_5,earth,503250,507780
orbiter_earth,orbiter_5,earth,510330,514860
orbiter_earth,orbiter_5,earth,517410,521970
orbiter_earth,orbiter_5,earth,524490,529050
orbiter_earth,orbiter_5,earth,531570,536130
orbiter_earth,orbiter_5,earth,538650,543210
orbiter_earth,orbiter_5,earth,545730,550290
orbiter_earth,orbiter_5,earth,552810,557370
orbiter_earth,orbiter_5,earth,559890,564450
orbiter_earth,orbiter_5,earth,566970,571530
orbiter_earth,orbiter_5,earth,574050,578610
orbiter_earth,orbiter_5,earth,581130,585690
orbiter_earth,orbiter_5,earth,588240,592770
orbiter_earth,orbiter_5,earth,595320,599850
orbiter_earth,orbiter_5,earth,602400,606960
orbiter_earth,orbiter_5,earth,609480,614040
orbiter_earth,orbiter_5,earth,616560,621120
orbiter_earth,orbiter_5,earth,623640,628200
orbiter_earth,orbiter_5,earth,630720,635280
orbiter_earth,orbiter_5,earth,637800,642360
orbiter_earth,orbiter_5,earth,644880,649440
orbiter_earth,orbiter_5,earth,651960,656520
orbiter_earth,orbiter_5,earth,659040,663600
orbiter_earth,orbiter_5,earth,666120,670680
orbiter_earth,orbiter_5,earth,673230,677760
orbiter_earth,orbiter_5,earth,680310,684840
orbiter_earth,orbiter_5,earth,687390,691950
orbiter_earth,orbiter_5,earth,694470,699030
orbiter_earth,orbiter_5,earth,701550,706110
orbiter_earth,orbiter_5,earth,708630,713190
orbiter_earth,orbiter_5,earth,715710,720270
orbiter_earth,orbiter_5,earth,722790,727350
orbiter_earth,orbiter_5,earth,729870,734430
orbiter_earth,orbiter_5,earth,736950,741510
orbiter_earth,orbiter_5,earth,744030,748590
orbiter_earth,orbiter_5,earth,751110,755670
orbiter_earth,orbiter_5,earth,758220,762750
orbiter_earth,orbiter_5,earth,765300,769830
orbiter_earth,orbiter_5,earth,772380,776940
orbiter_earth,orbiter_5,earth,779460,784020
orbiter_earth,orbiter_5,earth,786540,791100
orbiter_earth,orbiter_5,earth,793620,798180
orbiter_earth,orbiter_5,earth,800700,805260
orbiter_earth,orbiter_5,earth,807780,812340
orbiter_earth,orbiter_5,earth,814860,819420
orbiter_earth,orbiter_5,earth,821940,826500
orbiter_earth,orbiter_5,earth,829020,833580
orbiter_earth,orbiter_5,earth,836100,840660
orbiter_earth,orbiter_5,earth,843210,847740
orbiter_earth,orbiter_5,earth,850290,854820
orbiter_earth,orbiter_5,earth,857370,861930
orbiter_earth,orbiter_5,earth,864450,869010
orbiter_earth,orbiter_5,earth,871530,876090
orbiter_earth,orbiter_5,earth,878610,883170
orbiter_earth,orbiter_5,earth,885690,890250
orbiter_earth,orbiter_5,earth,892770,897330
orbiter_earth,orbiter_5,earth,899850,904410
orbiter_earth,orbiter_5,earth,906930,911490
orbiter_earth,orbiter_5,earth,914010,918570
orbiter_earth,orbiter_5,earth,921090,925650
orbiter_earth,orbiter_5,earth,928200,932730
orbiter_earth,orbiter_5,earth,935280,939810
orbiter_earth,orbiter_5,earth,942360,946920
orbiter_earth,orbiter_5,earth,949440,954000
orbiter_earth,orbiter_5,earth,956520,961080
orbiter_earth,orbiter_5,earth,963600,968160
orbiter_earth,orbiter_5,earth,970680,975240
orbiter_earth,orbiter_5,earth,977760,982320
orbiter_earth,orbiter_5,earth,984840,989400
orbiter_earth,orbiter_5,earth,991920,996480
orbiter_earth,orbiter_5,earth,999000,1003560
orbiter_earth,orbiter_5,earth,1006080,1010640
orbiter_earth,orbiter_5,earth,1013190,1017720
orbiter_earth,orbiter_5,earth,1020270,1024830
orbiter_earth,orbiter_5,earth,1027350,1031910
orbiter_earth,orbiter_5,earth,1034430,1038990
orbiter_earth,orbiter_5,earth,1041510,1046070
orbiter_earth,orbiter_5,earth,1048590,1053150
orbiter_earth,orbiter_5,earth,1055670,1060230
orbiter_earth,orbiter_5,earth,1062750,1067310
orbiter_earth,orbiter_5,earth,1069830,1074390
orbiter_earth,orbiter_5,earth,1076910,1081470
orbiter_earth,orbiter_5,earth,1083990,1088550
orbiter_earth,orbiter_5,earth,1091070,1095630
orbiter_earth,orbiter_5,earth,1098180,1102710
orbiter_earth,orbiter_5,earth,1105260,1109820
orbiter_earth,orbiter_5,earth,1112340,1116900
orbiter_earth,orbiter_5,earth,1119420,1123980
orbiter_earth,orbiter_5,earth,1126500,1131060
orbiter_earth,orbiter_5,earth,1133580,1138140
orbiter_earth,orbiter_5,earth,1140660,1145220
orbiter_earth,orbiter_5,earth,1147740,1152300
orbiter_earth,orbiter_5,earth,1154820,1159380
orbiter_earth,orbiter_5,earth,1161900,1166460
orbiter_earth,orbiter_5,earth,1168980,1173540
orbiter_earth,orbiter_5,earth,1176060,1180620
orbiter_earth,orbiter_5,earth,1183170,1187700
orbiter_earth,orbiter_5,earth,1190250,1194810
orbiter_earth,orbiter_5,earth,1197330,1201890
orbiter_earth,orbiter_5,earth,1204410,1208970
orbiter_earth,orbiter_5,earth,1211490,1216050
orbiter_earth,orbiter_5,earth,1218570,1223130
orbiter_earth,orbiter_5,earth,1225650,1230210
orbiter_earth,orbiter_5,earth,1232730,1237290
orbiter_earth,orbiter_5,earth,1239810,1244370
orbiter_earth,orbiter_5,earth,1246890,1251450
orbiter_earth,orbiter_5,earth,1253970,1258530
orbiter_earth,orbiter_5,earth,1261050,1265610
orbiter_earth,orbiter_5,earth,1268160,1272690
orbiter_earth,orbiter_5,earth,1275240,1279800
orbiter_earth,orbiter_5,earth,1282320,1286880
orbiter_earth,orbiter_5,earth,1289400,1293960
orbiter_earth,orbiter_5,earth,1296480,1301040
orbiter_earth,orbiter_5,earth,1303560,1308120
orbiter_earth,orbiter_5,earth,1310640,1315200
orbiter_earth,orbiter_5,earth,1317720,1322280
orbiter_earth,orbiter_5,earth,1324800,1329360
orbiter_earth,orbiter_5,earth,1331880,1336440
orbiter_earth,orbiter_5,earth,1338960,1343520
orbiter_earth,orbiter_5,earth,1346040,1350600
orbiter_earth,orbiter_5,earth,1353150,1357680
orbiter_earth,orbiter_5,earth,1360230,1364790
orbiter_earth,orbiter_5,earth,1367310,1371870
orbiter_earth,orbiter_5,earth,1374390,1378950
orbiter_earth,orbiter_5,earth,1381470,1386030
orbiter_earth,orbiter_5,earth,1388550,1393110
orbiter_earth,orbiter_5,earth,1395630,1400190
orbiter_earth,orbiter_5,earth,1402710,1407270
orbiter_earth,orbiter_5,earth,1409790,1414350
orbiter_earth,orbiter_5,earth,1416870,1421430
orbiter_earth,orbiter_5,earth,1423950,1428510
orbiter_earth,orbiter_5,earth,1431030,1435590
orbiter_earth,orbiter_5,earth,1438140,1442670
orbiter_earth,orbiter_5,earth,1445220,1449780
orbiter_earth,orbiter_5,earth,1452300,1456860
orbiter_earth,orbiter_5,earth,1459380,1463940
orbiter_earth,orbiter_5,earth,1466460,1471020
orbiter_earth,orbiter_5,earth,1473540,1478100
orbiter_earth,orbiter_5,earth,1480620,1485180
orbiter_earth,orbiter_5,earth,1487700,1492260
orbiter_earth,orbiter_5,earth,1494780,1499340
orbiter_earth,orbiter_5,earth,1501860,1506420
orbiter_earth,orbiter_5,earth,1508940,1513500
orbiter_earth,orbiter_5,earth,1516020,1520580
orbiter_earth,orbiter_5,earth,1523130,1527660
orbiter_earth,orbiter_5,earth,1530210,1534770
orbiter_earth,orbiter_5,earth,1537290,1541850
orbiter_earth,orbiter_5,earth,1544370,1548930
orbiter_earth,orbiter_5,earth,1551450,1556010
orbiter_earth,orbiter_5,earth,1558530,1563090
orbiter_earth,orbiter_5,earth,1565610,1570170
orbiter_earth,orbiter_5,earth,1572690,1577250
orbiter_earth,orbiter_5,earth,1579770,1584330
orbiter_earth,orbiter_5,earth,1586850,1591410
orbiter_earth,orbiter_5,earth,1593930,1598490
orbiter_earth,orbiter_5,earth,1601010,1605570
orbiter_earth,orbiter_5,earth,1608120,1612650
orbiter_earth,orbiter_5,earth,1615200,1619760
orbiter_earth,orbiter_5,earth,1622280,1626840
orbiter_earth,orbiter_5,earth,1629360,1633920
orbiter_earth,orbiter_5,earth,1636440,1641000
orbiter_earth,orbiter_5,earth,1643520,1648080
orbiter_earth,orbiter_5,earth,1650600,1655160
orbiter_earth,orbiter_5,earth,1657680,1662240
orbiter_earth,orbiter_5,earth,1664760,1669320
orbiter_earth,orbiter_5,earth,1671840,1676400
orbiter_earth,orbiter_5,earth,1678920,1683480
orbiter_earth,orbiter_5,earth,1686000,1690560
orbiter_earth,orbiter_5,earth,1693110,1697640
orbiter_earth,orbiter_5,earth,1700190,1704750
orbiter_earth,orbiter_5,earth,1707270,1711830
orbiter_earth,orbiter_5,earth,1714350,1718910
orbiter_earth,orbiter_5,earth,1721430,1725990
orbiter_earth,orbiter_5,earth,1728510,1733070
orbiter_earth,orbiter_5,earth,1735590,1740150
orbiter_earth,orbiter_5,earth,1742670,1747230
orbiter_earth,orbiter_5,earth,1749750,1754310
orbiter_earth,orbiter_5,earth,1756830,1761390
orbiter_earth,orbiter_5,earth,1763910,1768470
orbiter_earth,orbiter_5,earth,1770990,1775550
orbiter_earth,orbiter_5,earth,1778100,1782630
orbiter_earth,orbiter_5,earth,1785180,1789740
orbiter_earth,orbiter_5,earth,1792260,1796820
orbiter_earth,orbiter_5,earth,1799340,1803900
orbiter_earth,orbiter_5,earth,1806420,1810980
orbiter_earth,orbiter_5,earth,1813500,1818060
orbiter_earth,orbiter_5,earth,1820580,1825140
orbiter_earth,orbiter_5,earth,1827660,1832220
orbiter_earth,orbiter_5,earth,1834740,1839300
orbiter_earth,orbiter_5,earth,1841820,1846380
orbiter_earth,orbiter_5,earth,1848900,1853460
orbiter_earth,orbiter_5,earth,1855980,1860540
orbiter_earth,orbiter_5,earth,1863090,1867620
orbiter_earth,orbiter_5,earth,1870170,1874730
orbiter_earth,orbiter_5,earth,1877250,1881810
orbiter_earth,orbiter_5,earth,1884330,1888890
orbiter_earth,orbiter_5,earth,1891410,1895970
orbiter_earth,orbiter_5,earth,1898490,1903050
orbiter_earth,orbiter_5,earth,1905570,1910130
orbiter_earth,orbiter_5,earth,1912650,1917210
orbiter_earth,orbiter_5,earth,1919730,1924290
orbiter_earth,orbiter_5,earth,1926810,1931370
orbiter_earth,orbiter_5,earth,1933890,1938450
orbiter_earth,orbiter_5,earth,1940970,1945530
orbiter_earth,orbiter_5,earth,1948080,1952610
orbiter_earth,orbiter_5,earth,1955160,1959720
orbiter_earth,orbiter_5,earth,1962240,1966800
orbiter_earth,orbiter_5,earth,1969320,1973880
orbiter_earth,orbiter_5,earth,1976400,1980960
orbiter_earth,orbiter_5,earth,1983480,1988040
orbiter_earth,orbiter_5,earth,1990560,1995120
orbiter_earth,orbiter_5,earth,1997640,2002200
orbiter_earth,orbiter_5,earth,2004720,2009280
orbiter_earth,orbiter_5,earth,2011800,2016360
orbiter_earth,orbiter_5,earth,2018880,2023440
orbiter_earth,orbiter_5,earth,2025960,2030520
orbiter_earth,orbiter_5,earth,2033070,2037600
orbiter_earth,orbiter_5,earth,2040150,2044710
orbiter_earth,orbiter_5,earth,2047230,2051790
orbiter_earth,orbiter_5,earth,2054310,2058870
orbiter_earth,orbiter_5,earth,2061390,2065950
orbiter_earth,orbiter_5,earth,2068470,2073030
orbiter_earth,orbiter_5,earth,2075550,2080110
orbiter_earth,orbiter_5,earth,2082630,2087190
orbiter_earth,orbiter_5,earth,2089710,2094270
orbiter_earth,orbiter_5,earth,2096790,2101350
orbiter_earth,orbiter_5,earth,2103870,2108430
orbiter_earth,orbiter_5,earth,2110950,2115510
orbiter_earth,orbiter_5,earth,2118060,2122590
orbiter_earth,orbiter_5,earth,2125140,2129700
orbiter_earth,orbiter_5,earth,2132220,2136780
orbiter_earth,orbiter_5,earth,2139300,2143860
orbiter_earth,orbiter_5,earth,2146380,2150940
orbiter_earth,orbiter_5,earth,2153460,2158020
orbiter_earth,orbiter_5,earth,2160540,2165100
orbiter_earth,orbiter_5,earth,2167620,2172180
orbiter_earth,orbiter_5,earth,2174700,2179260
orbiter_earth,orbiter_5,earth,2181780,2186340
orbiter_earth,orbiter_5,earth,2188860,2193420
orbiter_earth,orbiter_5,earth,2195940,2200500
orbiter_earth,orbiter_5,earth,2203050,2207580
orbiter_earth,orbiter_5,earth,2210130,2214690
orbiter_earth,orbiter_5,earth,2217210,2221770
orbiter_earth,orbiter_5,earth,2224290,2228850
orbiter_earth,orbiter_5,earth,2231370,2235930
orbiter_earth,orbiter_5,earth,2238450,2243010
orbiter_earth,orbiter_5,earth,2245530,2250090
orbiter_earth,orbiter_5,earth,2252610,2257170
orbiter_earth,orbiter_5,earth,2259690,2264250
orbiter_earth,orbiter_5,earth,2266770,2271330
orbiter_earth,orbiter_5,earth,2273850,2278410
orbiter_earth,orbiter_5,earth,2280930,2285490
orbiter_earth,orbiter_5,earth,2288040,2292570
orbiter_earth,orbiter_5,earth,2295120,2299680
orbiter_earth,orbiter_5,earth,2302200,2306760
orbiter_earth,orbiter_5,earth,2309280,2313840
orbiter_earth,orbiter_5,earth,2316360,2320920
orbiter_earth,orbiter_5,earth,2323440,2328000
orbiter_earth,orbiter_5,earth,2330520,2335080
orbiter_earth,orbiter_5,earth,2337600,2342160
orbiter_earth,orbiter_5,earth,2344680,2349240
orbiter_earth,orbiter_5,earth,2351760,2356320
orbiter_earth,orbiter_5,earth,2358840,2363400
orbiter_earth,orbiter_5,earth,2365920,2370480
orbiter_earth,orbiter_5,earth,2373030,2377560
orbiter_earth,orbiter_5,earth,2380110,2384670
orbiter_earth,orbiter_5,earth,2387190,2391750
orbiter_earth,orbiter_5,earth,2394270,2398830
orbiter_earth,orbiter_5,earth,2401350,2405910
orbiter_earth,orbiter_5,earth,2408430,2412990
orbiter_earth,orbiter_5,earth,2415510,2420070
orbiter_earth,orbiter_5,earth,2422590,2427150
orbiter_earth,orbiter_5,earth,2429670,2434230
orbiter_earth,orbiter_5,earth,2436750,2441310
orbiter_earth,orbiter_5,earth,2443830,2448390
orbiter_earth,orbiter_5,earth,2450910,2455470
orbiter_earth,orbiter_5,earth,2458020,2462550
orbiter_earth,orbiter_5,earth,2465100,2469660
orbiter_earth,orbiter_5,earth,2472180,2476740
orbiter_earth,orbiter_5,earth,2479260,2483820
orbiter_earth,orbiter_5,earth,2486340,2490900
orbiter_earth,orbiter_5,earth,2493420,2497980
orbiter_earth,orbiter_5,earth,2500500,2505060
orbiter_earth,orbiter_5,earth,2507580,2512140
orbiter_earth,orbiter_5,earth,2514660,2519220
orbiter_earth,orbiter_5,earth,2521740,2526300
orbiter_earth,orbiter_5,earth,2528820,2533380
orbiter_earth,orbiter_5,earth,2535900,2540460
orbiter_earth,orbiter_5,earth,2543010,2547540
orbiter_earth,orbiter_5,earth,2550090,2554650
orbiter_earth,orbiter_5,earth,2557170,2561730
orbiter_earth,orbiter_5,earth,2564250,2568810
orbiter_earth,orbiter_5,earth,2571330,2575890
orbiter_earth,orbiter_5,earth,2578410,2582970
orbiter_earth,orbiter_5,earth,2585490,2590050
orbiter_earth,orbiter_6,earth,0,4050
orbiter_earth,orbiter_6,earth,6570,11130
orbiter_earth,orbiter_6,earth,13650,18210
orbiter_earth,orbiter_6,earth,20730,25290
orbiter_earth,orbiter_6,earth,27810,32370
orbiter_earth,orbiter_6,earth,34890,39450
orbiter_earth,orbiter_6,earth,42000,46530
orbiter_earth,orbiter_6,earth,49080,53640
orbiter_earth,orbiter_6,earth,56160,60720
orbiter_earth,orbiter_6,earth,63240,67800
orbiter_earth,orbiter_6,earth,70320,74880
orbiter_earth,orbiter_6,earth,77400,81960
orbiter_earth,orbiter_6,earth,84480,89040
orbiter_earth,orbiter_6,earth,91560,96120
orbiter_earth,orbiter_6,earth,98640,103200
orbiter_earth,orbiter_6,earth,105720,110280
orbiter_earth,orbiter_6,earth,112800,117360
orbiter_earth,orbiter_6,earth,119910,124440
orbiter_earth,orbiter_6,earth,126990,131520
orbiter_earth,orbiter_6,earth,134070,138630
orbiter_earth,orbiter_6,earth,141150,145710
orbiter_earth,orbiter_6,earth,148230,152790
orbiter_earth,orbiter_6,earth,155310,159870
orbiter_earth,orbiter_6,earth,162390,166950
orbiter_earth,orbiter_6,earth,169470,174030
orbiter_earth,orbiter_6,earth,176550,181110
orbiter_earth,orbiter_6,earth,183630,188190
orbiter_earth,orbiter_6,earth,190710,195270
orbiter_earth,orbiter_6,earth,197790,202350
orbiter_earth,orbiter_6,earth,204900,209430
orbiter_earth,orbiter_6,earth,211980,216510
orbiter_earth,orbiter_6,earth,219060,223620
orbiter_earth,orbiter_6,earth,226140,230700
orbiter_earth,orbiter_6,earth,233220,237780
orbiter_earth,orbiter_6,earth,240300,244860
orbiter_earth,orbiter_6,earth,247380,251940
orbiter_earth,orbiter_6,earth,254460,259020
orbiter_earth,orbiter_6,earth,261540,266100
orbiter_earth,orbiter_6,earth,268620,273180
orbiter_earth,orbiter_6,earth,275700,280260
orbiter_earth,orbiter_6,earth,282780,287340
orbiter_earth,orbiter_6,earth,289890,294420
orbiter_earth,orbiter_6,earth,296970,301500
orbiter_earth,orbiter_6,earth,304050,308610
orbiter_earth,orbiter_6,earth,311130,315690
orbiter_earth,orbiter_6,earth,318210,322770
orbiter_earth,orbiter_6,earth,325290,329850
orbiter_earth,orbiter_6,earth,332370,336930
orbiter_earth,orbiter_6,earth,339450,344010
orbiter_earth,orbiter_6,earth,346530,351090
orbiter_earth,orbiter_6,earth,353610,358170
orbiter_earth,orbiter_6,earth,360690,365250
orbiter_earth,orbiter_6,earth,367770,372330
orbiter_earth,orbiter_6,earth,374880,379410
orbiter_earth,orbiter_6,earth,381960,386490
orbiter_earth,orbiter_6,earth,389040,393600
orbiter_earth,orbiter_6,earth,396120,400680
orbiter_earth,orbiter_6,earth,403200,407760
orbiter_earth,orbiter_6,earth,410280,414840
orbiter_earth,orbiter_6,earth,417360,421920
orbiter_earth,orbiter_6,earth,424440,429000
orbiter_earth,orbiter_6,earth,431520,436080
orbiter_earth,orbiter_6,earth,438600,443160
orbiter_earth,orbiter_6,earth,445680,450240
orbiter_earth,orbiter_6,earth,452760,457320
orbiter_earth,orbiter_6,earth,459870,464400
orbiter_earth,orbiter_6,earth,466950,471480
orbiter_earth,orbiter_6,earth,474030,478590
orbiter_earth,orbiter_6,earth,481110,485670
orbiter_earth,orbiter_6,earth,488190,492750
orbiter_earth,orbiter_6,earth,495270,499830
orbiter_earth,orbiter_6,earth,502350,506910
orbiter_earth,orbiter_6,earth,509430,513990
orbiter_earth,orbiter_6,earth,516510,521070
orbiter_earth,orbiter_6,earth,523590,528150
orbiter_earth,orbiter_6,earth,530670,535230
orbiter_earth,orbiter_6,earth,537750,542310
orbiter_earth,orbiter_6,earth,544860,549390
orbiter_earth,orbiter_6,earth,551940,556470
orbiter_earth,orbiter_6,earth,559020,563580
orbiter_earth,orbiter_6,earth,566100,570660
orbiter_earth,orbiter_6,earth,573180,577740
orbiter_earth,orbiter_6,earth,580260,584820
orbiter_earth,orbiter_6,earth,587340,591900
orbiter_earth,orbiter_6,earth,594420,598980
orbiter_earth,orbiter_6,earth,601500,606060
orbiter_earth,orbiter_6,earth,608580,613140
orbiter_earth,orbiter_6,earth,615660,620220
orbiter_earth,orbiter_6,earth,622740,627300
orbiter_earth,orbiter_6,earth,629850,634380
orbiter_earth,orbiter_6,earth,636930,641460
orbiter_earth,orbiter_6,earth,644010,648570
orbiter_earth,orbiter_6,earth,651090,655650
orbiter_earth,orbiter_6,earth,658170,662730
orbiter_earth,orbiter_6,earth,665250,669810
orbiter_earth,orbiter_6,earth,672330,676890
orbiter_earth,orbiter_6,earth,679410,683970
orbiter_earth,orbiter_6,earth,686490,691050
orbiter_earth,orbiter_6,earth,693570,698130
orbiter_earth,orbiter_6,earth,700650,705210
orbiter_earth,orbiter_6,earth,707730,712290
orbiter_earth,orbiter_6,earth,714840,719370
orbiter_earth,orbiter_6,earth,721920,726450
orbiter_earth,orbiter_6,earth,729000,733560
orbiter_earth,orbiter_6,earth,736080,740640
orbiter_earth,orbiter_6,earth,743160,747720
orbiter_earth,orbiter_6,earth,750240,754800
orbiter_earth,orbiter_6,earth,757320,761880
orbiter_earth,orbiter_6,earth,764400,768960
orbiter_earth,orbiter_6,earth,771480,776040
orbiter_earth,orbiter_6,earth,778560,783120
orbiter_earth,orbiter_6,earth,785640,790200
orbiter_earth,orbiter_6,earth,792720,797280
orbiter_earth,orbiter_6,earth,799830,804360
orbiter_earth,orbiter_6,earth,806910,811440
orbiter_earth,orbiter_6,earth,813990,818550
orbiter_earth,orbiter_6,earth,821070,825630
orbiter_earth,orbiter_6,earth,828150,832710
orbiter_earth,orbiter_6,earth,835230,839790
orbiter_earth,orbiter_6,earth,842310,846870
orbiter_earth,orbiter_6,earth,849390,853950
orbiter_earth,orbiter_6,earth,856470,861030
orbiter_earth,orbiter_6,earth,863550,868110
orbiter_earth,orbiter_6,earth,870630,875190
orbiter_earth,orbiter_6,earth,877710,882270
orbiter_earth,orbiter_6,earth,884820,889350
orbiter_earth,orbiter_6,earth,891900,896430
orbiter_earth,orbiter_6,earth,898980,903540
orbiter_earth,orbiter_6,earth,906060,910620
orbiter_earth,orbiter_6,earth,913140,917700
orbiter_earth,orbiter_6,earth,920220,924780
orbiter_earth,orbiter_6,earth,927300,931860
orbiter_earth,orbiter_6,earth,934380,938940
orbiter_earth,orbiter_6,earth,941460,946020
orbiter_earth,orbiter_6,earth,948540,953100
orbiter_earth,orbiter_6,earth,955620,960180
orbiter_earth,orbiter_6,earth,962700,967260
orbiter_earth,orbiter_6,earth,969810,974340
orbiter_earth,orbiter_6,earth,976890,981420
orbiter_earth,orbiter_6,earth,983970,988530
orbiter_earth,orbiter_6,earth,991050,995610
orbiter_earth,orbiter_6,earth,998130,1002690
orbiter_earth,orbiter_6,earth,1005210,1009770
orbiter_earth,orbiter_6,earth,1012290,1016850
orbiter_earth,orbiter_6,earth,1019370,1023930
orbiter_earth,orbiter_6,earth,1026450,1031010
orbiter_earth,orbiter_6,earth,1033530,1038090
orbiter_earth,orbiter_6,earth,1040610,1045170
orbiter_earth,orbiter_6,earth,1047690,1052250
orbiter_earth,orbiter_6,earth,1054800,1059330
orbiter_earth,orbiter_6,earth,1061880,1066410
orbiter_earth,orbiter_6,earth,1068960,1073520
orbiter_earth,orbiter_6,earth,1076040,1080600
orbiter_earth,orbiter_6,earth,1083120,1087680
orbiter_earth,orbiter_6,earth,1090200,1094760
orbiter_earth,orbiter_6,earth,1097280,1101840
orbiter_earth,orbiter_6,earth,1104360,1108920
orbiter_earth,orbiter_6,earth,1111440,1116000
orbiter_earth,orbiter_6,earth,1118520,1123080
orbiter_earth,orbiter_6,earth,1125600,1130160
orbiter_earth,orbiter_6,earth,1132680,1137240
orbiter_earth,orbiter_6,earth,1139790,1144320
orbiter_earth,orbiter_6,earth,1146870,1151400
orbiter_earth,orbiter_6,earth,1153950,1158510
orbiter_earth,orbiter_6,earth,1161030,1165590
orbiter_earth,orbiter_6,earth,1168110,1172670
orbiter_earth,orbiter_6,earth,1175190,1179750
orbiter_earth,orbiter_6,earth,1182270,1186830
orbiter_earth,orbiter_6,earth,1189350,1193910
orbiter_earth,orbiter_6,earth,1196430,1200990
orbiter_earth,orbiter_6,earth,1203510,1208070
orbiter_earth,orbiter_6,earth,1210590,1215150
orbiter_earth,orbiter_6,earth,1217670,1222230
orbiter_earth,orbiter_6,earth,1224780,1229310
orbiter_earth,orbiter_6,earth,1231860,1236390
orbiter_earth,orbiter_6,earth,1238940,1243500
orbiter_earth,orbiter_6,earth,1246020,1250580
orbiter_earth,orbiter_6,earth,1253100,1257660
orbiter_earth,orbiter_6,earth,1260180,1264740
orbiter_earth,orbiter_6,earth,1267260,1271820
orbiter_earth,orbiter_6,earth,1274340,1278900
orbiter_earth,orbiter_6,earth,1281420,1285980
orbiter_earth,orbiter_6,earth,1288500,1293060
orbiter_earth,orbiter_6,earth,1295580,1300140
orbiter_earth,orbiter_6,earth,1302660,1307220
orbiter_earth,orbiter_6,earth,1309770,1314300
orbiter_earth,orbiter_6,earth,1316850,1321380
orbiter_earth,orbiter_6,earth,1323930,1328490
orbiter_earth,orbiter_6,earth,1331010,1335570
orbiter_earth,orbiter_6,earth,1338090,1342650
orbiter_earth,orbiter_6,earth,1345170,1349730
orbiter_earth,orbiter_6,earth,1352250,1356810
orbiter_earth,orbiter_6,earth,1359330,1363890
orbiter_earth,orbiter_6,earth,1366410,1370970
orbiter_earth,orbiter_6,earth,1373490,1378050
orbiter_earth,orbiter_6,earth,1380570,1385130
orbiter_earth,orbiter_6,earth,1387650,1392210
orbiter_earth,orbiter_6,earth,1394760,1399290
orbiter_earth,orbiter_6,earth,1401840,1406400
orbiter_earth,orbiter_6,earth,1408920,1413480
orbiter_earth,orbiter_6,earth,1416000,1420560
orbiter_earth,orbiter_6,earth,1423080,1427640
orbiter_earth,orbiter_6,earth,1430160,1434720
orbiter_earth,orbiter_6,earth,1437240,1441800
orbiter_earth,orbiter_6,earth,1444320,1448880
orbiter_earth,orbiter_6,earth,1451400,1455960
orbiter_earth,orbiter_6,earth,1458480,1463040
orbiter_earth,orbiter_6,earth,1465560,1470120
orbiter_earth,orbiter_6,earth,1472640,1477200
orbiter_earth,orbiter_6,earth,1479750,1484280
orbiter_earth,orbiter_6,earth,1486830,1491390
orbiter_earth,orbiter_6,earth,1493910,1498470
orbiter_earth,orbiter_6,earth,1500990,1505550
orbiter_earth,orbiter_6,earth,1508070,1512630
orbiter_earth,orbiter_6,earth,1515150,1519710
orbiter_earth,orbiter_6,earth,1522230,1526790
orbiter_earth,orbiter_6,earth,1529310,1533870
orbiter_earth,orbiter_6,earth,1536390,1540950
orbiter_earth,orbiter_6,earth,1543470,1548030
orbiter_earth,orbiter_6,earth,1550550,1555110
orbiter_earth,orbiter_6,earth,1557630,1562190
orbiter_earth,orbiter_6,earth,1564740,1569270
orbiter_earth,orbiter_6,earth,1571820,1576380
orbiter_earth,orbiter_6,earth,1578900,1583460
orbiter_earth,orbiter_6,earth,1585980,1590540
orbiter_earth,orbiter_6,earth,1593060,1597620
orbiter_earth,orbiter_6,earth,1600140,1604700
orbiter_earth,orbiter_6,earth,1607220,1611780
orbiter_earth,orbiter_6,earth,1614300,1618860
orbiter_earth,orbiter_6,earth,1621380,1625940
orbiter_earth,orbiter_6,earth,1628460,1633020
orbiter_earth,orbiter_6,earth,1635540,1640100
orbiter_earth,orbiter_6,earth,1642620,1647180
orbiter_earth,orbiter_6,earth,1649730,1654260
orbiter_earth,orbiter_6,earth,1656810,1661370
orbiter_earth,orbiter_6,earth,1663890,1668450
orbiter_earth,orbiter_6,earth,1670970,1675530
orbiter_earth,orbiter_6,earth,1678050,1682610
orbiter_earth,orbiter_6,earth,1685130,1689690
orbiter_earth,orbiter_6,earth,1692210,1696770
orbiter_earth,orbiter_6,earth,1699290,1703850
orbiter_earth,orbiter_6,earth,1706370,1710930
orbiter_earth,orbiter_6,earth,1713450,1718010
orbiter_earth,orbiter_6,earth,1720530,1725090
orbiter_earth,orbiter_6,earth,1727610,1732170
orbiter_earth,orbiter_6,earth,1734720,1739250
orbiter_earth,orbiter_6,earth,1741800,1746360
orbiter_earth,orbiter_6,earth,1748880,1753440
orbiter_earth,orbiter_6,earth,1755960,1760520
orbiter_earth,orbiter_6,earth,1763040,1767600
orbiter_earth,orbiter_6,earth,1770120,1774680
orbiter_earth,orbiter_6,earth,1777200,1781760
orbiter_earth,orbiter_6,earth,1784280,1788840
orbiter_earth,orbiter_6,earth,1791360,1795920
orbiter_earth,orbiter_6,earth,1798440,1803000
orbiter_earth,orbiter_6,earth,1805520,1810080
orbiter_earth,orbiter_6,earth,1812600,1817160
orbiter_earth,orbiter_6,earth,1819710,1824240
orbiter_earth,orbiter_6,earth,1826790,1831350
orbiter_earth,orbiter_6,earth,1833870,1838430
orbiter_earth,orbiter_6,earth,1840950,1845510
orbiter_earth,orbiter_6,earth,1848030,1852590
orbiter_earth,orbiter_6,earth,1855110,1859670
orbiter_earth,orbiter_6,earth,1862190,1866750
orbiter_earth,orbiter_6,earth,1869270,1873830
orbiter_earth,orbiter_6,earth,1876350,1880910
orbiter_earth,orbiter_6,earth,1883430,1887990
orbiter_earth,orbiter_6,earth,1890510,1895070
orbiter_earth,orbiter_6,earth,1897590,1902150
orbiter_earth,orbiter_6,earth,1904700,1909230
orbiter_earth,orbiter_6,earth,1911780,1916340
orbiter_earth,orbiter_6,earth,1918860,1923420
orbiter_earth,orbiter_6,earth,1925940,1930500
orbiter_earth,orbiter_6,earth,1933020,1937580
orbiter_earth,orbiter_6,earth,1940100,1944660
orbiter_earth,orbiter_6,earth,1947180,1951740
orbiter_earth,orbiter_6,earth,1954260,1958820
orbiter_earth,orbiter_6,earth,1961340,1965900
orbiter_earth,orbiter_6,earth,1968420,1972980
orbiter_earth,orbiter_6,earth,1975500,1980060
orbiter_earth,orbiter_6,earth,1982580,1987140
orbiter_earth,orbiter_6,earth,1989690,1994220
orbiter_earth,orbiter_6,earth,1996770,2001330
orbiter_earth,orbiter_6,earth,2003850,2008410
orbiter_earth,orbiter_6,earth,2010930,2015490
orbiter_earth,orbiter_6,earth,2018010,2022570
orbiter_earth,orbiter_6,earth,2025090,2029650
orbiter_earth,orbiter_6,earth,2032170,2036730
orbiter_earth,orbiter_6,earth,2039250,2043810
orbiter_earth,orbiter_6,earth,2046330,2050890
orbiter_earth,orbiter_6,earth,2053410,2057970
orbiter_earth,orbiter_6,earth,2060490,2065050
orbiter_earth,orbiter_6,earth,2067570,2072130
orbiter_earth,orbiter_6,earth,2074680,2079210
orbiter_earth,orbiter_6,earth,2081760,2086320
orbiter_earth,orbiter_6,earth,2088840,2093400
orbiter_earth,orbiter_6,earth,2095920,2100480
orbiter_earth,orbiter_6,earth,2103000,2107560
orbiter_earth,orbiter_6,earth,2110080,2114640
orbiter_earth,orbiter_6,earth,2117160,2121720
orbiter_earth,orbiter_6,earth,2124240,2128800
orbiter_earth,orbiter_6,earth,2131320,2135880
orbiter_earth,orbiter_6,earth,2138400,2142960
orbiter_earth,orbiter_6,earth,2145480,2150040
orbiter_earth,orbiter_6,earth,2152560,2157120
orbiter_earth,orbiter_6,earth,2159670,2164200
orbiter_earth,orbiter_6,earth,2166750,2171310
orbiter_earth,orbiter_6,earth,2173830,2178390
orbiter_earth,orbiter_6,earth,2180910,2185470
orbiter_earth,orbiter_6,earth,2187990,2192550
orbiter_earth,orbiter_6,earth,2195070,2199630
orbiter_earth,orbiter_6,earth,2202150,2206710
orbiter_earth,orbiter_6,earth,2209230,2213790
orbiter_earth,orbiter_6,earth,2216310,2220870
orbiter_earth,orbiter_6,earth,2223390,2227950
orbiter_earth,orbiter_6,earth,2230470,2235030
orbiter_earth,orbiter_6,earth,2237550,2242110
orbiter_earth,orbiter_6,earth,2244660,2249190
orbiter_earth,orbiter_6,earth,2251740,2256300
orbiter_earth,orbiter_6,earth,2258820,2263380
orbiter_earth,orbiter_6,earth,2265900,2270460
orbiter_earth,orbiter_6,earth,2272980,2277540
orbiter_earth,orbiter_6,earth,2280060,2284620
orbiter_earth,orbiter_6,earth,2287140,2291700
orbiter_earth,orbiter_6,earth,2294220,2298780
orbiter_earth,orbiter_6,earth,2301300,2305860
orbiter_earth,orbiter_6,earth,2308380,2312940
orbiter_earth,orbiter_6,earth,2315460,2320020
orbiter_earth,orbiter_6,earth,2322540,2327100
orbiter_earth,orbiter_6,earth,2329650,2334180
orbiter_earth,orbiter_6,earth,2336730,2341290
orbiter_earth,orbiter_6,earth,2343810,2348370
orbiter_earth,orbiter_6,earth,2350890,2355450
orbiter_earth,orbiter_6,earth,2357970,2362530
orbiter_earth,orbiter_6,earth,2365050,2369610
orbiter_earth,orbiter_6,earth,2372130,2376690
orbiter_earth,orbiter_6,earth,2379210,2383770
orbiter_earth,orbiter_6,earth,2386290,2390850
orbiter_earth,orbiter_6,earth,2393370,2397930
orbiter_earth,orbiter_6,earth,2400450,2405010
orbiter_earth,orbiter_6,earth,2407530,2412090
orbiter_earth,orbiter_6,earth,2414640,2419170
orbiter_earth,orbiter_6,earth,2421720,2426280
orbiter_earth,orbiter_6,earth,2428800,2433360
orbiter_earth,orbiter_6,earth,2435880,2440440
orbiter_earth,orbiter_6,earth,2442960,2447520
orbiter_earth,orbiter_6,earth,2450040,2454600
orbiter_earth,orbiter_6,earth,2457120,2461680
orbiter_earth,orbiter_6,earth,2464200,2468760
orbiter_earth,orbiter_6,earth,2471280,2475840
orbiter_earth,orbiter_6,earth,2478360,2482920
orbiter_earth,orbiter_6,earth,2485440,2490000
orbiter_earth,orbiter_6,earth,2492520,2497080
orbiter_earth,orbiter_6,earth,2499630,2504160
orbiter_earth,orbiter_6,earth,2506710,2511270
orbiter_earth,orbiter_6,earth,2513790,2518350
orbiter_earth,orbiter_6,earth,2520870,2525430
orbiter_earth,orbiter_6,earth,2527950,2532510
orbiter_earth,orbiter_6,earth,2535030,2539590
orbiter_earth,orbiter_6,earth,2542110,2546670
orbiter_earth,orbiter_6,earth,2549190,2553750
orbiter_earth,orbiter_6,earth,2556270,2560830
orbiter_earth,orbiter_6,earth,2563350,2567910
orbiter_earth,orbiter_6,earth,2570430,2574990
orbiter_earth,orbiter_6,earth,2577510,2582070
orbiter_earth,orbiter_6,earth,2584620,2589150
orbiter_earth,orbiter_6,earth,2591700,2592000
orbiter_earth,orbiter_7,earth,0,3150
orbiter_earth,orbiter_7,earth,5700,10260
orbiter_earth,orbiter_7,earth,12780,17340
orbiter_earth,orbiter_7,earth,19860,24420
orbiter_earth,orbiter_7,earth,26940,31500
orbiter_earth,orbiter_7,earth,34020,38580
orbiter_earth,orbiter_7,earth,41100,45660
orbiter_earth,orbiter_7,earth,48180,52740
orbiter_earth,orbiter_7,earth,55260,59820
orbiter_earth,orbiter_7,earth,62340,66900
orbiter_earth,orbiter_7,earth,69420,73980
orbiter_earth,orbiter_7,earth,76500,81060
orbiter_earth,orbiter_7,earth,83610,88140
orbiter_earth,orbiter_7,earth,90690,95250
orbiter_earth,orbiter_7,earth,97770,102330
orbiter_earth,orbiter_7,earth,104850,109410
orbiter_earth,orbiter_7,earth,111930,116490
orbiter_earth,orbiter_7,earth,119010,123570
orbiter_earth,orbiter_7,earth,126090,130650
orbiter_earth,orbiter_7,earth,133170,137730
orbiter_earth,orbiter_7,earth,140250,144810
orbiter_earth,orbiter_7,earth,147330,151890
orbiter_earth,orbiter_7,earth,154410,158970
orbiter_earth,orbiter_7,earth,161490,166050
orbiter_earth,orbiter_7,earth,168600,173130
orbiter_earth,orbiter_7,earth,175680,180240
orbiter_earth,orbiter_7,earth,182760,187320
orbiter_earth,orbiter_7,earth,189840,194400
orbiter_earth,orbiter_7,earth,196920,201480
orbiter_earth,orbiter_7,earth,204000,208560
orbiter_earth,orbiter_7,earth,211080,215640
orbiter_earth,orbiter_7,earth,218160,222720
orbiter_earth,orbiter_7,earth,225240,229800
orbiter_earth,orbiter_7,earth,232320,236880
orbiter_earth,orbiter_7,earth,239400,243960
orbiter_earth,orbiter_7,earth,246480,251040
orbiter_earth,orbiter_7,earth,253590,258120
orbiter_earth,orbiter_7,earth,260670,265230
orbiter_earth,orbiter_7,earth,267750,272310
orbiter_earth,orbiter_7,earth,274830,279390
orbiter_earth,orbiter_7,earth,281910,286470
orbiter_earth,orbiter_7,earth,288990,293550
orbiter_earth,orbiter_7,earth,296070,300630
orbiter_earth,orbiter_7,earth,303150,307710
orbiter_earth,orbiter_7,earth,310230,314790
orbiter_earth,orbiter_7,earth,317310,321870
orbiter_earth,orbiter_7,earth,324390,328950
orbiter_earth,orbiter_7,earth,331470,336030
orbiter_earth,orbiter_7,earth,338580,343110
orbiter_earth,orbiter_7,earth,345660,350220
orbiter_earth,orbiter_7,earth,352740,357300
orbiter_earth,orbiter_7,earth,359820,364380
orbiter_earth,orbiter_7,earth,366900,371460
orbiter_earth,orbiter_7,earth,373980,378540
orbiter_earth,orbiter_7,earth,381060,385620
orbiter_earth,orbiter_7,earth,388140,392700
orbiter_earth,orbiter_7,earth,395220,399780
orbiter_earth,orbiter_7,earth,402300,406860
orbiter_earth,orbiter_7,earth,409380,413940
orbiter_earth,orbiter_7,earth,416460,421020
orbiter_earth,orbiter_7,earth,423570,428100
orbiter_earth,orbiter_7,earth,430650,435210
orbiter_earth,orbiter_7,earth,437730,442290
orbiter_earth,orbiter_7,earth,444810,449370
orbiter_earth,orbiter_7,earth,451890,456450
orbiter_earth,orbiter_7,earth,458970,463530
orbiter_earth,orbiter_7,earth,466050,470610
orbiter_earth,orbiter_7,earth,473130,477690
orbiter_earth,orbiter_7,earth,480210,484770
orbiter_earth,orbiter_7,earth,487290,491850
orbiter_earth,orbiter_7,earth,494370,498930
orbiter_earth,orbiter_7,earth,501480,506010
orbiter_earth,orbiter_7,earth,508560,513090
orbiter_earth,orbiter_7,earth,515640,520200
orbiter_earth,orbiter_7,earth,522720,527280
orbiter_earth,orbiter_7,earth,529800,534360
orbiter_earth,orbiter_7,earth,536880,541440
orbiter_earth,orbiter_7,earth,543960,548520
orbiter_earth,orbiter_7,earth,551040,555600
orbiter_earth,orbiter_7,earth,558120,562680
orbiter_earth,orbiter_7,earth,565200,569760
orbiter_earth,orbiter_7,earth,572280,576840
orbiter_earth,orbiter_7,earth,579360,583920
orbiter_earth,orbiter_7,earth,586470,591000
orbiter_earth,orbiter_7,earth,593550,598080
orbiter_earth,orbiter_7,earth,600630,605190
orbiter_earth,orbiter_7,earth,607710,612270
orbiter_earth,orbiter_7,earth,614790,619350
orbiter_earth,orbiter_7,earth,621870,626430
orbiter_earth,orbiter_7,earth,628950,633510
orbiter_earth,orbiter_7,earth,636030,640590
orbiter_earth,orbiter_7,earth,643110,647670
orbiter_earth,orbiter_7,earth,650190,654750
orbiter_earth,orbiter_7,earth,657270,661830
orbiter_earth,orbiter_7,earth,664350,668910
orbiter_earth,orbiter_7,earth,671460,675990
orbiter_earth,orbiter_7,earth,678540,683070
orbiter_earth,orbiter_7,earth,685620,690180
orbiter_earth,orbiter_7,earth,692700,697260
orbiter_earth,orbiter_7,earth,699780,704340
orbiter_earth,orbiter_7,earth,706860,711420
orbiter_earth,orbiter_7,earth,713940,718500
orbiter_earth,orbiter_7,earth,721020,725580
orbiter_earth,orbiter_7,earth,728100,732660
orbiter_earth,orbiter_7,earth,735180,739740
orbiter_earth,orbiter_7,earth,742260,746820
orbiter_earth,orbiter_7,earth,749340,753900
orbiter_earth,orbiter_7,earth,756450,760980
orbiter_earth,orbiter_7,earth,763530,768060
orbiter_earth,orbiter_7,earth,770610,775170
orbiter_earth,orbiter_7,earth,777690,782250
orbiter_earth,orbiter_7,earth,784770,789330
orbiter_earth,orbiter_7,earth,791850,796410
orbiter_earth,orbiter_7,earth,798930,803490
orbiter_earth,orbiter_7,earth,806010,810570
orbiter_earth,orbiter_7,earth,813090,817650
orbiter_earth,orbiter_7,earth,820170,824730
orbiter_earth,orbiter_7,earth,827250,831810
orbiter_earth,orbiter_7,earth,834330,838890
orbiter_earth,orbiter_7,earth,841440,845970
orbiter_earth,orbiter_7,earth,848520,853050
orbiter_earth,orbiter_7,earth,855600,860160
orbiter_earth,orbiter_7,earth,862680,867240
orbiter_earth,orbiter_7,earth,869760,874320
orbiter_earth,orbiter_7,earth,876840,881400
orbiter_earth,orbiter_7,earth,883920,888480
orbiter_earth,orbiter_7,earth,891000,895560
orbiter_earth,orbiter_7,earth,898080,902640
orbiter_earth,orbiter_7,earth,905160,909720
orbiter_earth,orbiter_7,earth,912240,916800
orbiter_earth,orbiter_7,earth,919320,923880
orbiter_earth,orbiter_7,earth,926430,930960
orbiter_earth,orbiter_7,earth,933510,938040
orbiter_earth,orbiter_7,earth,940590,945150
orbiter_earth,orbiter_7,earth,947670,952230
orbiter_earth,orbiter_7,earth,954750,959310
orbiter_earth,orbiter_7,earth,961830,966390
orbiter_earth,orbiter_7,earth,968910,973470
orbiter_earth,orbiter_7,earth,975990,980550
orbiter_earth,orbiter_7,earth,983070,987630
orbiter_earth,orbiter_7,earth,990150,994710
orbiter_earth,orbiter_7,earth,997230,1001790
orbiter_earth,orbiter_7,earth,1004310,1008870
orbiter_earth,orbiter_7,earth,1011420,1015950
orbiter_earth,orbiter_7,earth,1018500,1023030
orbiter_earth,orbiter_7,earth,1025580,1030140
orbiter_earth,orbiter_7,earth,1032660,1037220
orbiter_earth,orbiter_7,earth,1039740,1044300
orbiter_earth,orbiter_7,earth,1046820,1051380
orbiter_earth,orbiter_7,earth,1053900,1058460
orbiter_earth,orbiter_7,earth,1060980,1065540
orbiter_earth,orbiter_7,earth,1068060,1072620
orbiter_earth,orbiter_7,earth,1075140,1079700
orbiter_earth,orbiter_7,earth,1082220,1086780
orbiter_earth,orbiter_7,earth,1089300,1093860
orbiter_earth,orbiter_7,earth,1096410,1100940
orbiter_earth,orbiter_7,earth,1103490,1108020
orbiter_earth,orbiter_7,earth,1110570,1115130
orbiter_earth,orbiter_7,earth,1117650,1122210
orbiter_earth,orbiter_7,earth,1124730,1129290
orbiter_earth,orbiter_7,earth,1131810,1136370
orbiter_earth,orbiter_7,earth,1138890,1143450
orbiter_earth,orbiter_7,earth,1145970,1150530
orbiter_earth,orbiter_7,earth,1153050,1157610
orbiter_earth,orbiter_7,earth,1160130,1164690
orbiter_earth,orbiter_7,earth,1167210,1171770
orbiter_earth,orbiter_7,earth,1174290,1178850
orbiter_earth,orbiter_7,earth,1181400,1185930
orbiter_earth,orbiter_7,earth,1188480,1193010
orbiter_earth,orbiter_7,earth,1195560,1200120
orbiter_earth,orbiter_7,earth,1202640,1207200
orbiter_earth,orbiter_7,earth,1209720,1214280
orbiter_earth,orbiter_7,earth,1216800,1221360
orbiter_earth,orbiter_7,earth,1223880,1228440
orbiter_earth,orbiter_7,earth,1230960,1235520
orbiter_earth,orbiter_7,earth,1238040,1242600
orbiter_earth,orbiter_7,earth,1245120,1249680
orbiter_earth,orbiter_7,earth,1252200,1256760
orbiter_earth,orbiter_7,earth,1259280,1263840
orbiter_earth,orbiter_7,earth,1266390,1270920
orbiter_earth,orbiter_7,earth,1273470,1278000
orbiter_earth,orbiter_7,earth,1280550,1285110
orbiter_earth,orbiter_7,earth,1287630,1292190
orbiter_earth,orbiter_7,earth,1294710,1299270
orbiter_earth,orbiter_7,earth,1301790,1306350
orbiter_earth,orbiter_7,earth,1308870,1313430
orbiter_earth,orbiter_7,earth,1315950,1320510
orbiter_earth,orbiter_7,earth,1323030,1327590
orbiter_earth,orbiter_7,earth,1330110,1334670
orbiter_earth,orbiter_7,earth,1337190,1341750
orbiter_earth,orbiter_7,earth,1344270,1348830
orbiter_earth,orbiter_7,earth,1351380,1355910
orbiter_earth,orbiter_7,earth,1358460,1362990
orbiter_earth,orbiter_7,earth,1365540,1370100
orbiter_earth,orbiter_7,earth,1372620,1377180
orbiter_earth,orbiter_7,earth,1379700,1384260
orbiter_earth,orbiter_7,earth,1386780,1391340
orbiter_earth,orbiter_7,earth,1393860,1398420
orbiter_earth,orbiter_7,earth,1400940,1405500
orbiter_earth,orbiter_7,earth,1408020,1412580
orbiter_earth,orbiter_7,earth,1415100,1419660
orbiter_earth,orbiter_7,earth,1422180,1426740
orbiter_earth,orbiter_7,earth,1429260,1433820
orbiter_earth,orbiter_7,earth,1436370,1440900
orbiter_earth,orbiter_7,earth,1443450,1447980
orbiter_earth,orbiter_7,earth,1450530,1455090
orbiter_earth,orbiter_7,earth,1457610,1462170
orbiter_earth,orbiter_7,earth,1464690,1469250
orbiter_earth,orbiter_7,earth,1471770,1476330
orbiter_earth,orbiter_7,earth,1478850,1483410
orbiter_earth,orbiter_7,earth,1485930,1490490
orbiter_earth,orbiter_7,earth,1493010,1497570
orbiter_earth,orbiter_7,earth,1500090,1504650
orbiter_earth,orbiter_7,earth,1507170,1511730
orbiter_earth,orbiter_7,earth,1514250,1518810
orbiter_earth,orbiter_7,earth,1521360,1525890
orbiter_earth,orbiter_7,earth,1528440,1532970
orbiter_earth,orbiter_7,earth,1535520,1540080
orbiter_earth,orbiter_7,earth,1542600,1547160
orbiter_earth,orbiter_7,earth,1549680,1554240
orbiter_earth,orbiter_7,earth,1556760,1561320
orbiter_earth,orbiter_7,earth,1563840,1568400
orbiter_earth,orbiter_7,earth,1570920,1575480
orbiter_earth,orbiter_7,earth,1578000,1582560
orbiter_earth,orbiter_7,earth,1585080,1589640
orbiter_earth,orbiter_7,earth,1592160,1596720
orbiter_earth,orbiter_7,earth,1599240,1603800
orbiter_earth,orbiter_7,earth,1606350,1610880
orbiter_earth,orbiter_7,earth,1613430,1617960
orbiter_earth,orbiter_7,earth,1620510,1625070
orbiter_earth,orbiter_7,earth,1627590,1632150
orbiter_earth,orbiter_7,earth,1634670,1639230
orbiter_earth,orbiter_7,earth,1641750,1646310
orbiter_earth,orbiter_7,earth,1648830,1653390
orbiter_earth,orbiter_7,earth,1655910,1660470
orbiter_earth,orbiter_7,earth,1662990,1667550
orbiter_earth,orbiter_7,earth,1670070,1674630
orbiter_earth,orbiter_7,earth,1677150,1681710
orbiter_earth,orbiter_7,earth,1684230,1688790
orbiter_earth,orbiter_7,earth,1691340,1695870
orbiter_earth,orbiter_7,earth,1698420,1702980
orbiter_earth,orbiter_7,earth,1705500,1710060
orbiter_earth,orbiter_7,earth,1712580,1717140
orbiter_earth,orbiter_7,earth,1719660,1724220
orbiter_earth,orbiter_7,earth,1726740,1731300
orbiter_earth,orbiter_7,earth,1733820,1738380
orbiter_earth,orbiter_7,earth,1740900,1745460
orbiter_earth,orbiter_7,earth,1747980,1752540
orbiter_earth,orbiter_7,earth,1755060,1759620
orbiter_earth,orbiter_7,earth,1762140,1766700
orbiter_earth,orbiter_7,earth,1769220,1773780
orbiter_earth,orbiter_7,earth,1776330,1780860
orbiter_earth,orbiter_7,earth,1783410,1787970
orbiter_earth,orbiter_7,earth,1790490,1795050
orbiter_earth,orbiter_7,earth,1797570,1802130
orbiter_earth,orbiter_7,earth,1804650,1809210
orbiter_earth,orbiter_7,earth,1811730,1816290
orbiter_earth,orbiter_7,earth,1818810,1823370
orbiter_earth,orbiter_7,earth,1825890,1830450
orbiter_earth,orbiter_7,earth,1832970,1837530
orbiter_earth,orbiter_7,earth,1840050,1844610
orbiter_earth,orbiter_7,earth,1847130,1851690
orbiter_earth,orbiter_7,earth,1854210,1858770
orbiter_earth,orbiter_7,earth,1861320,1865850
orbiter_earth,orbiter_7,earth,1868400,1872960
orbiter_earth,orbiter_7,earth,1875480,1880040
orbiter_earth,orbiter_7,earth,1882560,1887120
orbiter_earth,orbiter_7,earth,1889640,1894200
orbiter_earth,orbiter_7,earth,1896720,1901280
orbiter_earth,orbiter_7,earth,1903800,1908360
orbiter_earth,orbiter_7,earth,1910880,1915440
orbiter_earth,orbiter_7,earth,1917960,1922520
orbiter_earth,orbiter_7,earth,1925040,1929600
orbiter_earth,orbiter_7,earth,1932120,1936680
orbiter_earth,orbiter_7,earth,1939200,1943760
orbiter_earth,orbiter_7,earth,1946310,1950840
orbiter_earth,orbiter_7,earth,1953390,1957950
orbiter_earth,orbiter_7,earth,1960470,1965030
orbiter_earth,orbiter_7,earth,1967550,1972110
orbiter_earth,orbiter_7,earth,1974630,1979190
orbiter_earth,orbiter_7,earth,1981710,1986270
orbiter_earth,orbiter_7,earth,1988790,1993350
orbiter_earth,orbiter_7,earth,1995870,2000430
orbiter_earth,orbiter_7,earth,2002950,2007510
orbiter_earth,orbiter_7,earth,2010030,2014590
orbiter_earth,orbiter_7,earth,2017110,2021670
orbiter_earth,orbiter_7,earth,2024190,2028750
orbiter_earth,orbiter_7,earth,2031300,2035830
orbiter_earth,orbiter_7,earth,2038380,2042940
orbiter_earth,orbiter_7,earth,2045460,2050020
orbiter_earth,orbiter_7,earth,2052540,2057100
orbiter_earth,orbiter_7,earth,2059620,2064180
orbiter_earth,orbiter_7,earth,2066700,2071260
orbiter_earth,orbiter_7,earth,2073780,2078340
orbiter_earth,orbiter_7,earth,2080860,2085420
orbiter_earth,orbiter_7,earth,2087940,2092500
orbiter_earth,orbiter_7,earth,2095020,2099580
orbiter_earth,orbiter_7,earth,2102100,2106660
orbiter_earth,orbiter_7,earth,2109180,2113740
orbiter_earth,orbiter_7,earth,2116290,2120820
orbiter_earth,orbiter_7,earth,2123370,2127930
orbiter_earth,orbiter_7,earth,2130450,2135010
orbiter_earth,orbiter_7,earth,2137530,2142090
orbiter_earth,orbiter_7,earth,2144610,2149170
orbiter_earth,orbiter_7,earth,2151690,2156250
orbiter_earth,orbiter_7,earth,2158770,2163330
orbiter_earth,orbiter_7,earth,2165850,2170410
orbiter_earth,orbiter_7,earth,2172930,2177490
orbiter_earth,orbiter_7,earth,2180010,2184570
orbiter_earth,orbiter_7,earth,2187090,2191650
orbiter_earth,orbiter_7,earth,2194170,2198730
orbiter_earth,orbiter_7,earth,2201280,2205810
orbiter_earth,orbiter_7,earth,2208360,2212920
orbiter_earth,orbiter_7,earth,2215440,2220000
orbiter_earth,orbiter_7,earth,2222520,2227080
orbiter_earth,orbiter_7,earth,2229600,2234160
orbiter_earth,orbiter_7,earth,2236680,2241240
orbiter_earth,orbiter_7,earth,2243760,2248320
orbiter_earth,orbiter_7,earth,2250840,2255400
orbiter_earth,orbiter_7,earth,2257920,2262480
orbiter_earth,orbiter_7,earth,2265000,2269560
orbiter_earth,orbiter_7,earth,2272080,2276640
orbiter_earth,orbiter_7,earth,2279160,2283720
orbiter_earth,orbiter_7,earth,2286270,2290800
orbiter_earth,orbiter_7,earth,2293350,2297910
orbiter_earth,orbiter_7,earth,2300430,2304990
orbiter_earth,orbiter_7,earth,2307510,2312070
orbiter_earth,orbiter_7,earth,2314590,2319150
orbiter_earth,orbiter_7,earth,2321670,2326230
orbiter_earth,orbiter_7,earth,2328750,2333310
orbiter_earth,orbiter_7,earth,2335830,2340390
orbiter_earth,orbiter_7,earth,2342910,2347470
orbiter_earth,orbiter_7,earth,2349990,2354550
orbiter_earth,orbiter_7,earth,2357070,2361630
orbiter_earth,orbiter_7,earth,2364150,2368710
orbiter_earth,orbiter_7,earth,2371260,2375790
orbiter_earth,orbiter_7,earth,2378340,2382900
orbiter_earth,orbiter_7,earth,2385420,2389980
orbiter_earth,orbiter_7,earth,2392500,2397060
orbiter_earth,orbiter_7,earth,2399580,2404140
orbiter_earth,orbiter_7,earth,2406660,2411220
orbiter_earth,orbiter_7,earth,2413740,2418300
orbiter_earth,orbiter_7,earth,2420820,2425380
orbiter_earth,orbiter_7,earth,2427900,2432460
orbiter_earth,orbiter_7,earth,2434980,2439540
orbiter_earth,orbiter_7,earth,2442060,2446620
orbiter_earth,orbiter_7,earth,2449140,2453700
orbiter_earth,orbiter_7,earth,2456250,2460780
orbiter_earth,orbiter_7,earth,2463330,2467890
orbiter_earth,orbiter_7,earth,2470410,2474970
orbiter_earth,orbiter_7,earth,2477490,2482050
orbiter_earth,orbiter_7,earth,2484570,2489130
orbiter_earth,orbiter_7,earth,2491650,2496210
orbiter_earth,orbiter_7,earth,2498730,2503290
orbiter_earth,orbiter_7,earth,2505810,2510370
orbiter_earth,orbiter_7,earth,2512890,2517450
orbiter_earth,orbiter_7,earth,2519970,2524530
orbiter_earth,orbiter_7,earth,2527050,2531610
orbiter_earth,orbiter_7,earth,2534130,2538690
orbiter_earth,orbiter_7,earth,2541240,2545770
orbiter_earth,orbiter_7,earth,2548320,2552880
orbiter_earth,orbiter_7,earth,2555400,2559960
orbiter_earth,orbiter_7,earth,2562480,2567040
orbiter_earth,orbiter_7,earth,2569560,2574120
orbiter_earth,orbiter_7,earth,2576640,2581200
orbiter_earth,orbiter_7,earth,2583720,2588280
orbiter_earth,orbiter_7,earth,2590800,2592000
orbiter_orbiter,orbiter_0,orbiter_1,0,2592000
orbiter_orbiter,orbiter_0,orbiter_7,0,2592000
orbiter_orbiter,orbiter_1,orbiter_2,0,2592000
orbiter_orbiter,orbiter_2,orbiter_3,0,2592000
orbiter_orbiter,orbiter_3,orbiter_4,0,2592000
orbiter_orbiter,orbiter_4,orbiter_5,0,2592000
orbiter_orbiter,orbiter_5,orbiter_6,0,2592000
orbiter_orbiter,orbiter_6,orbiter_7,0,2592000
rover_orbiter,rover_1,orbiter_0,24090,24780
rover_orbiter,rover_1,orbiter_0,70860,71520
rover_orbiter,rover_1,orbiter_0,109320,109530
rover_orbiter,rover_1,orbiter_0,116190,116760
rover_orbiter,rover_1,orbiter_0,155880,156510
rover_orbiter,rover_1,orbiter_0,201150,201840
rover_orbiter,rover_1,orbiter_0,247920,248580
rover_orbiter,rover_1,orbiter_0,286470,286530
rover_orbiter,rover_1,orbiter_0,293250,293850
rover_orbiter,rover_1,orbiter_0,332970,333570
rover_orbiter,rover_1,orbiter_0,378240,378900
rover_orbiter,rover_1,orbiter_0,424980,425640
rover_orbiter,rover_1,orbiter_0,470310,470910
rover_orbiter,rover_1,orbiter_0,510030,510600
rover_orbiter,rover_1,orbiter_0,517290,517440
rover_orbiter,rover_1,orbiter_0,555300,555960
rover_orbiter,rover_1,orbiter_0,602040,602700
rover_orbiter,rover_1,orbiter_0,647370,647970
rover_orbiter,rover_1,orbiter_0,687120,687660
rover_orbiter,rover_1,orbiter_0,694320,694560
rover_orbiter,rover_1,orbiter_0,732360,732990
rover_orbiter,rover_1,orbiter_0,779100,779790
rover_orbiter,rover_1,orbiter_0,824430,825060
rover_orbiter,rover_1,orbiter_0,864180,864720
rover_orbiter,rover_1,orbiter_0,871350,871650
rover_orbiter,rover_1,orbiter_0,909420,910050
rover_orbiter,rover_1,orbiter_0,956160,956850
rover_orbiter,rover_1,orbiter_0,1001490,1002120
rover_orbiter,rover_1,orbiter_0,1041270,1041780
rover_orbiter,rover_1,orbiter_0,1048380,1048740
rover_orbiter,rover_1,orbiter_0,1086510,1087110
rover_orbiter,rover_1,orbiter_0,1133220,1133910
rover_orbiter,rover_1,orbiter_0,1178550,1179210
rover_orbiter,rover_1,orbiter_0,1218330,1218810
rover_orbiter,rover_1,orbiter_0,1225410,1225830
rover_orbiter,rover_1,orbiter_0,1263570,1264170
rover_orbiter,rover_1,orbiter_0,1270860,1270950
rover_orbiter,rover_1,orbiter_0,1310280,1310970
rover_orbiter,rover_1,orbiter_0,1355610,1356270
rover_orbiter,rover_1,orbiter_0,1395420,1395870
rover_orbiter,rover_1,orbiter_0,1402470,1402920
rover_orbiter,rover_1,orbiter_0,1440660,1441230
rover_orbiter,rover_1,orbiter_0,1447860,1448070
rover_orbiter,rover_1,orbiter_0,1487340,1488030
rover_orbiter,rover_1,orbiter_0,1532670,1533330
rover_orbiter,rover_1,orbiter_0,1572510,1572900
rover_orbiter,rover_1,orbiter_0,1579500,1580010
rover_orbiter,rover_1,orbiter_0,1617720,1618260
rover_orbiter,rover_1,orbiter_0,1624890,1625190
rover_orbiter,rover_1,orbiter_0,1664400,1665090
rover_orbiter,rover_1,orbiter_0,1709730,1710390
rover_orbiter,rover_1,orbiter_0,1749600,1749960
rover_orbiter,rover_1,orbiter_0,1756560,1757070
rover_orbiter,rover_1,orbiter_0,1794810,1795320
rover_orbiter,rover_1,orbiter_0,1801920,1802280
rover_orbiter,rover_1,orbiter_0,1841490,1842150
rover_orbiter,rover_1,orbiter_0,1886790,1887450
rover_orbiter,rover_1,orbiter_0,1926690,1926990
rover_orbiter,rover_1,orbiter_0,1933590,1934160
rover_orbiter,rover_1,orbiter_0,1971870,1972380
rover_orbiter,rover_1,orbiter_0,1978950,1979370
rover_orbiter,rover_1,orbiter_0,2018550,2019210
rover_orbiter,rover_1,orbiter_0,2063850,2064540
rover_orbiter,rover_1,orbiter_0,2103810,2104020
rover_orbiter,rover_1,orbiter_0,2110650,2111220
rover_orbiter,rover_1,orbiter_0,2148960,2149410
rover_orbiter,rover_1,orbiter_0,2156010,2156460
rover_orbiter,rover_1,orbiter_0,2195610,2196270
rover_orbiter,rover_1,orbiter_0,2240910,2241600
rover_orbiter,rover_1,orbiter_0,2280930,2281020
rover_orbiter,rover_1,orbiter_0,2287710,2288310
rover_orbiter,rover_1,orbiter_0,2326050,2326470
rover_orbiter,rover_1,orbiter_0,2333040,2333520
rover_orbiter,rover_1,orbiter_0,2372670,2373330
rover_orbiter,rover_1,orbiter_0,2417970,2418660
rover_orbiter,rover_1,orbiter_0,2464770,2465370
rover_orbiter,rover_1,orbiter_0,2503110,2503500
rover_orbiter,rover_1,orbiter_0,2510100,2510610
rover_orbiter,rover_1,orbiter_0,2549760,2550390
rover_orbiter,rover_1,orbiter_1,23220,23880
rover_orbiter,rover_1,orbiter_1,69960,70650
rover_orbiter,rover_1,orbiter_1,115290,115920
rover_orbiter,rover_1,orbiter_1,155040,155580
rover_orbiter,rover_1,orbiter_1,162210,162540
rover_orbiter,rover_1,orbiter_1,200310,200910
rover_orbiter,rover_1,orbiter_1,247020,247710
rover_orbiter,rover_1,orbiter_1,292350,292980
rover_orbiter,rover_1,orbiter_1,332130,332640
rover_orbiter,rover_1,orbiter_1,339240,339630
rover_orbiter,rover_1,orbiter_1,377370,377970
rover_orbiter,rover_1,orbiter_1,424080,424770
rover_orbiter,rover_1,orbiter_1,469410,470070
rover_orbiter,rover_1,orbiter_1,509220,509700
rover_orbiter,rover_1,orbiter_1,516270,516690
rover_orbiter,rover_1,orbiter_1,554430,555030
rover_orbiter,rover_1,orbiter_1,561720,561810
rover_orbiter,rover_1,orbiter_1,601140,601830
rover_orbiter,rover_1,orbiter_1,646470,647130
rover_orbiter,rover_1,orbiter_1,686280,686730
rover_orbiter,rover_1,orbiter_1,693330,693780
rover_orbiter,rover_1,orbiter_1,731520,732090
rover_orbiter,rover_1,orbiter_1,738720,738930
rover_orbiter,rover_1,orbiter_1,778200,778890
rover_orbiter,rover_1,orbiter_1,823530,824190
rover_orbiter,rover_1,orbiter_1,863370,863790
rover_orbiter,rover_1,orbiter_1,870360,870870
rover_orbiter,rover_1,orbiter_1,908580,909150
rover_orbiter,rover_1,orbiter_1,915750,916050
rover_orbiter,rover_1,orbiter_1,955290,955950
rover_orbiter,rover_1,orbiter_1,1000590,1001250
rover_orbiter,rover_1,orbiter_1,1040460,1040820
rover_orbiter,rover_1,orbiter_1,1047420,1047930
rover_orbiter,rover_1,orbiter_1,1085670,1086180
rover_orbiter,rover_1,orbiter_1,1092780,1093140
rover_orbiter,rover_1,orbiter_1,1132350,1133010
rover_orbiter,rover_1,orbiter_1,1177650,1178340
rover_orbiter,rover_1,orbiter_1,1217550,1217850
rover_orbiter,rover_1,orbiter_1,1224480,1225020
rover_orbiter,rover_1,orbiter_1,1262730,1263240
rover_orbiter,rover_1,orbiter_1,1269840,1270230
rover_orbiter,rover_1,orbiter_1,1309410,1310070
rover_orbiter,rover_1,orbiter_1,1354710,1355400
rover_orbiter,rover_1,orbiter_1,1394670,1394880
rover_orbiter,rover_1,orbiter_1,1401510,1402080
rover_orbiter,rover_1,orbiter_1,1439820,1440270
rover_orbiter,rover_1,orbiter_1,1446870,1447320
rover_orbiter,rover_1,orbiter_1,1486470,1487160
rover_orbiter,rover_1,orbiter_1,1531770,1532460
rover_orbiter,rover_1,orbiter_1,1571790,1571880
rover_orbiter,rover_1,orbiter_1,1578570,1579170
rover_orbiter,rover_1,orbiter_1,1616910,1617330
rover_orbiter,rover_1,orbiter_1,1623930,1624410
rover_orbiter,rover_1,orbiter_1,1663560,1664220
rover_orbiter,rover_1,orbiter_1,1708830,1709520
rover_orbiter,rover_1,orbiter_1,1755630,1756230
rover_orbiter,rover_1,orbiter_1,1794000,1794360
rover_orbiter,rover_1,orbiter_1,1800960,1801470
rover_orbiter,rover_1,orbiter_1,1840620,1841250
rover_orbiter,rover_1,orbiter_1,1885890,1886580
rover_orbiter,rover_1,orbiter_1,1932690,1933320
rover_orbiter,rover_1,orbiter_1,1971090,1971390
rover_orbiter,rover_1,orbiter_1,1978020,1978560
rover_orbiter,rover_1,orbiter_1,2017680,2018310
rover_orbiter,rover_1,orbiter_1,2062980,2063640
rover_orbiter,rover_1,orbiter_1,2109750,2110380
rover_orbiter,rover_1,orbiter_1,2148180,2148420
rover_orbiter,rover_1,orbiter_1,2155080,2155620
rover_orbiter,rover_1,orbiter_1,2194770,2195370
rover_orbiter,rover_1,orbiter_1,2240040,2240700
rover_orbiter,rover_1,orbiter_1,2286780,2287440
rover_orbiter,rover_1,orbiter_1,2325300,2325420
rover_orbiter,rover_1,orbiter_1,2332140,2332710
rover_orbiter,rover_1,orbiter_1,2371830,2372430
rover_orbiter,rover_1,orbiter_1,2417100,2417760
rover_orbiter,rover_1,orbiter_1,2463840,2464530
rover_orbiter,rover_1,orbiter_1,2509170,2509770
rover_orbiter,rover_1,orbiter_1,2548890,2549490
rover_orbiter,rover_1,orbiter_1,2556210,2556300
rover_orbiter,rover_1,orbiter_2,22380,22950
rover_orbiter,rover_1,orbiter_2,29580,29790
rover_orbiter,rover_1,orbiter_2,69090,69750
rover_orbiter,rover_1,orbiter_2,114390,115050
rover_orbiter,rover_1,orbiter_2,154230,154650
rover_orbiter,rover_1,orbiter_2,161220,161730
rover_orbiter,rover_1,orbiter_2,199440,200010
rover_orbiter,rover_1,orbiter_2,206610,206910
rover_orbiter,rover_1,orbiter_2,246150,246810
rover_orbiter,rover_1,orbiter_2,291450,292140
rover_orbiter,rover_1,orbiter_2,331320,331680
rover_orbiter,rover_1,orbiter_2,338280,338820
rover_orbiter,rover_1,orbiter_2,376530,377040
rover_orbiter,rover_1,orbiter_2,383640,384000
rover_orbiter,rover_1,orbiter_2,423210,423900
rover_orbiter,rover_1,orbiter_2,468510,469200
rover_orbiter,rover_1,orbiter_2,508410,508710
rover_orbiter,rover_1,orbiter_2,515340,515880
rover_orbiter,rover_1,orbiter_2,553590,554100
rover_orbiter,rover_1,orbiter_2,560700,561090
rover_orbiter,rover_1,orbiter_2,600270,600960
rover_orbiter,rover_1,orbiter_2,645570,646260
rover_orbiter,rover_1,orbiter_2,685530,685740
rover_orbiter,rover_1,orbiter_2,692370,692970
rover_orbiter,rover_1,orbiter_2,730680,731160
rover_orbiter,rover_1,orbiter_2,737730,738180
rover_orbiter,rover_1,orbiter_2,777330,778020
rover_orbiter,rover_1,orbiter_2,822630,823320
rover_orbiter,rover_1,orbiter_2,862650,862740
rover_orbiter,rover_1,orbiter_2,869430,870030
rover_orbiter,rover_1,orbiter_2,907770,908190
rover_orbiter,rover_1,orbiter_2,914790,915270
rover_orbiter,rover_1,orbiter_2,954420,955080
rover_orbiter,rover_1,orbiter_2,999690,1000380
rover_orbiter,rover_1,orbiter_2,1046490,1047090
rover_orbiter,rover_1,orbiter_2,1084860,1085220
rover_orbiter,rover_1,orbiter_2,1091820,1092330
rover_orbiter,rover_1,orbiter_2,1131480,1132140
rover_orbiter,rover_1,orbiter_2,1176750,1177440
rover_orbiter,rover_1,orbiter_2,1223550,1224180
rover_orbiter,rover_1,orbiter_2,1261950,1262250
rover_orbiter,rover_1,orbiter_2,1268880,1269420
rover_orbiter,rover_1,orbiter_2,1308540,1309200
rover_orbiter,rover_1,orbiter_2,1353840,1354500
rover_orbiter,rover_1,orbiter_2,1400610,1401240
rover_orbiter,rover_1,orbiter_2,1439040,1439280
rover_orbiter,rover_1,orbiter_2,1445940,1446510
rover_orbiter,rover_1,orbiter_2,1485630,1486230
rover_orbiter,rover_1,orbiter_2,1530900,1531560
rover_orbiter,rover_1,orbiter_2,1577670,1578300
rover_orbiter,rover_1,orbiter_2,1616160,1616310
rover_orbiter,rover_1,orbiter_2,1623000,1623570
rover_orbiter,rover_1,orbiter_2,1662690,1663290
rover_orbiter,rover_1,orbiter_2,1707960,1708620
rover_orbiter,rover_1,orbiter_2,1754730,1755390
rover_orbiter,rover_1,orbiter_2,1800060,1800660
rover_orbiter,rover_1,orbiter_2,1839780,1840350
rover_orbiter,rover_1,orbiter_2,1847070,1847160
rover_orbiter,rover_1,orbiter_2,1885020,1885680
rover_orbiter,rover_1,orbiter_2,1931790,1932450
rover_orbiter,rover_1,orbiter_2,1977090,1977720
rover_orbiter,rover_1,orbiter_2,2016840,2017410
rover_orbiter,rover_1,orbiter_2,2024070,2024280
rover_orbiter,rover_1,orbiter_2,2062110,2062740
rover_orbiter,rover_1,orbiter_2,2108850,2109510
rover_orbiter,rover_1,orbiter_2,2154150,2154780
rover_orbiter,rover_1,orbiter_2,2193930,2194470
rover_orbiter,rover_1,orbiter_2,2201100,2201400
rover_orbiter,rover_1,orbiter_2,2239170,2239800
rover_orbiter,rover_1,orbiter_2,2285910,2286570
rover_orbiter,rover_1,orbiter_2,2331210,2331870
rover_orbiter,rover_1,orbiter_2,2370990,2371530
rover_orbiter,rover_1,orbiter_2,2378130,2378490
rover_orbiter,rover_1,orbiter_2,2416230,2416860
rover_orbiter,rover_1,orbiter_2,2462970,2463660
rover_orbiter,rover_1,orbiter_2,2508270,2508930
rover_orbiter,rover_1,orbiter_2,2548080,2548560
rover_orbiter,rover_1,orbiter_2,2555160,2555580
rover_orbiter,rover_1,orbiter_3,21540,22020
rover_orbiter,rover_1,orbiter_3,28590,29040
rover_orbiter,rover_1,orbiter_3,68220,68880
rover_orbiter,rover_1,orbiter_3,113490,114180
rover_orbiter,rover_1,orbiter_3,153510,153630
rover_orbiter,rover_1,orbiter_3,160290,160890
rover_orbiter,rover_1,orbiter_3,198630,199050
rover_orbiter,rover_1,orbiter_3,205650,206130
rover_orbiter,rover_1,orbiter_3,245280,245940
rover_orbiter,rover_1,orbiter_3,290550,291240
rover_orbiter,rover_1,orbiter_3,337350,337980
rover_orbiter,rover_1,orbiter_3,375720,376080
rover_orbiter,rover_1,orbiter_3,382710,383220
rover_orbiter,rover_1,orbiter_3,422340,423000
rover_orbiter,rover_1,orbiter_3,467640,468300
rover_orbiter,rover_1,orbiter_3,514410,515040
rover_orbiter,rover_1,orbiter_3,552810,553140
rover_orbiter,rover_1,orbiter_3,559740,560280
rover_orbiter,rover_1,orbiter_3,599400,600060
rover_orbiter,rover_1,orbiter_3,644700,645360
rover_orbiter,rover_1,orbiter_3,691470,692100
rover_orbiter,rover_1,orbiter_3,729900,730140
rover_orbiter,rover_1,orbiter_3,736800,737370
rover_orbiter,rover_1,orbiter_3,776490,777120
rover_orbiter,rover_1,orbiter_3,821760,822420
rover_orbiter,rover_1,orbiter_3,868530,869190
rover_orbiter,rover_1,orbiter_3,907020,907170
rover_orbiter,rover_1,orbiter_3,913860,914430
rover_orbiter,rover_1,orbiter_3,953550,954180
rover_orbiter,rover_1,orbiter_3,998820,999480
rover_orbiter,rover_1,orbiter_3,1045590,1046250
rover_orbiter,rover_1,orbiter_3,1090920,1091520
rover_orbiter,rover_1,orbiter_3,1130640,1131210
rover_orbiter,rover_1,orbiter_3,1137960,1138020
rover_orbiter,rover_1,orbiter_3,1175910,1176540
rover_orbiter,rover_1,orbiter_3,1222650,1223310
rover_orbiter,rover_1,orbiter_3,1267980,1268580
rover_orbiter,rover_1,orbiter_3,1307700,1308270
rover_orbiter,rover_1,orbiter_3,1314930,1315140
rover_orbiter,rover_1,orbiter_3,1352970,1353600
rover_orbiter,rover_1,orbiter_3,1399710,1400370
rover_orbiter,rover_1,orbiter_3,1445010,1445670
rover_orbiter,rover_1,orbiter_3,1484790,1485330
rover_orbiter,rover_1,orbiter_3,1491960,1492260
rover_orbiter,rover_1,orbiter_3,1530030,1530660
rover_orbiter,rover_1,orbiter_3,1576770,1577430
rover_orbiter,rover_1,orbiter_3,1622070,1622730
rover_orbiter,rover_1,orbiter_3,1661850,1662390
rover_orbiter,rover_1,orbiter_3,1668990,1669350
rover_orbiter,rover_1,orbiter_3,1707090,1707720
rover_orbiter,rover_1,orbiter_3,1753830,1754520
rover_orbiter,rover_1,orbiter_3,1799130,1799790
rover_orbiter,rover_1,orbiter_3,1838940,1839420
rover_orbiter,rover_1,orbiter_3,1846020,1846440
rover_orbiter,rover_1,orbiter_3,1884180,1884780
rover_orbiter,rover_1,orbiter_3,1930890,1931580
rover_orbiter,rover_1,orbiter_3,1976190,1976880
rover_orbiter,rover_1,orbiter_3,2016030,2016480
rover_orbiter,rover_1,orbiter_3,2023080,2023530
rover_orbiter,rover_1,orbiter_3,2061240,2061840
rover_orbiter,rover_1,orbiter_3,2068470,2068650
rover_orbiter,rover_1,orbiter_3,2107950,2108640
rover_orbiter,rover_1,orbiter_3,2153250,2153940
rover_orbiter,rover_1,orbiter_3,2193120,2193540
rover_orbiter,rover_1,orbiter_3,2200110,2200590
rover_orbiter,rover_1,orbiter_3,2238330,2238870
rover_orbiter,rover_1,orbiter_3,2245500,2245770
rover_orbiter,rover_1,orbiter_3,2285010,2285700
rover_orbiter,rover_1,orbiter_3,2330310,2331000
rover_orbiter,rover_1,orbiter_3,2370180,2370570
rover_orbiter,rover_1,orbiter_3,2377170,2377680
rover_orbiter,rover_1,orbiter_3,2415390,2415930
rover_orbiter,rover_1,orbiter_3,2422530,2422860
rover_orbiter,rover_1,orbiter_3,2462070,2462760
rover_orbiter,rover_1,orbiter_3,2507400,2508060
rover_orbiter,rover_1,orbiter_3,2547300,2547600
rover_orbiter,rover_1,orbiter_3,2554200,2554740
rover_orbiter,rover_1,orbiter_4,20760,21030
rover_orbiter,rover_1,orbiter_4,27660,28230
rover_orbiter,rover_1,orbiter_4,67350,67980
rover_orbiter,rover_1,orbiter_4,112620,113310
rover_orbiter,rover_1,orbiter_4,159390,160050
rover_orbiter,rover_1,orbiter_4,197880,198030
rover_orbiter,rover_1,orbiter_4,204720,205290
rover_orbiter,rover_1,orbiter_4,244410,245040
rover_orbiter,rover_1,orbiter_4,289680,290370
rover_orbiter,rover_1,orbiter_4,336450,337110
rover_orbiter,rover_1,orbiter_4,381780,382380
rover_orbiter,rover_1,orbiter_4,421500,422100
rover_orbiter,rover_1,orbiter_4,428820,428880
rover_orbiter,rover_1,orbiter_4,466770,467430
rover_orbiter,rover_1,orbiter_4,513510,514170
rover_orbiter,rover_1,orbiter_4,558840,559440
rover_orbiter,rover_1,orbiter_4,598560,599130
rover_orbiter,rover_1,orbiter_4,605790,606000
rover_orbiter,rover_1,orbiter_4,643830,644460
rover_orbiter,rover_1,orbiter_4,690570,691230
rover_orbiter,rover_1,orbiter_4,735900,736530
rover_orbiter,rover_1,orbiter_4,775650,776190
rover_orbiter,rover_1,orbiter_4,782820,783120
rover_orbiter,rover_1,orbiter_4,820890,821520
rover_orbiter,rover_1,orbiter_4,867630,868320
rover_orbiter,rover_1,orbiter_4,912960,913590
rover_orbiter,rover_1,orbiter_4,952710,953250
rover_orbiter,rover_1,orbiter_4,959850,960210
rover_orbiter,rover_1,orbiter_4,997980,998580
rover_orbiter,rover_1,orbiter_4,1044690,1045380
rover_orbiter,rover_1,orbiter_4,1090020,1090650
rover_orbiter,rover_1,orbiter_4,1129800,1130310
rover_orbiter,rover_1,orbiter_4,1136880,1137300
rover_orbiter,rover_1,orbiter_4,1175040,1175640
rover_orbiter,rover_1,orbiter_4,1221750,1222440
rover_orbiter,rover_1,orbiter_4,1267080,1267740
rover_orbiter,rover_1,orbiter_4,1306890,1307340
rover_orbiter,rover_1,orbiter_4,1313940,1314390
rover_orbiter,rover_1,orbiter_4,1352100,1352700
rover_orbiter,rover_1,orbiter_4,1359360,1359510
rover_orbiter,rover_1,orbiter_4,1398810,1399500
rover_orbiter,rover_1,orbiter_4,1444140,1444800
rover_orbiter,rover_1,orbiter_4,1483980,1484400
rover_orbiter,rover_1,orbiter_4,1490970,1491450
rover_orbiter,rover_1,orbiter_4,1529190,1529760
rover_orbiter,rover_1,orbiter_4,1536360,1536630
rover_orbiter,rover_1,orbiter_4,1575870,1576560
rover_orbiter,rover_1,orbiter_4,1621200,1621860
rover_orbiter,rover_1,orbiter_4,1661070,1661430
rover_orbiter,rover_1,orbiter_4,1668030,1668540
rover_orbiter,rover_1,orbiter_4,1706250,1706790
rover_orbiter,rover_1,orbiter_4,1713390,1713720
rover_orbiter,rover_1,orbiter_4,1752960,1753620
rover_orbiter,rover_1,orbiter_4,1798260,1798920
rover_orbiter,rover_1,orbiter_4,1838160,1838460
rover_orbiter,rover_1,orbiter_4,1845090,1845630
rover_orbiter,rover_1,orbiter_4,1883340,1883850
rover_orbiter,rover_1,orbiter_4,1890450,1890810
rover_orbiter,rover_1,orbiter_4,1930020,1930680
rover_orbiter,rover_1,orbiter_4,1975320,1976010
rover_orbiter,rover_1,orbiter_4,2015250,2015520
rover_orbiter,rover_1,orbiter_4,2022120,2022690
rover_orbiter,rover_1,orbiter_4,2060430,2060880
rover_orbiter,rover_1,orbiter_4,2067480,2067900
rover_orbiter,rover_1,orbiter_4,2107080,2107740
rover_orbiter,rover_1,orbiter_4,2152380,2153070
rover_orbiter,rover_1,orbiter_4,2192370,2192520
rover_orbiter,rover_1,orbiter_4,2199180,2199780
rover_orbiter,rover_1,orbiter_4,2237490,2237940
rover_orbiter,rover_1,orbiter_4,2244540,2244990
rover_orbiter,rover_1,orbiter_4,2284140,2284800
rover_orbiter,rover_1,orbiter_4,2329440,2330130
rover_orbiter,rover_1,orbiter_4,2376240,2376840
rover_orbiter,rover_1,orbiter_4,2414580,2414970
rover_orbiter,rover_1,orbiter_4,2421570,2422080
rover_orbiter,rover_1,orbiter_4,2461230,2461860
rover_orbiter,rover_1,orbiter_4,2506500,2507190
rover_orbiter,rover_1,orbiter_4,2553300,2553900
rover_orbiter,rover_1,orbiter_4,2591670,2592000
rover_orbiter,rover_1,orbiter_5,26760,27390
rover_orbiter,rover_1,orbiter_5,66510,67050
rover_orbiter,rover_1,orbiter_5,73680,73980
rover_orbiter,rover_1,orbiter_5,111750,112410
rover_orbiter,rover_1,orbiter_5,158490,159180
rover_orbiter,rover_1,orbiter_5,203820,204450
rover_orbiter,rover_1,orbiter_5,243600,244110
rover_orbiter,rover_1,orbiter_5,250710,251070
rover_orbiter,rover_1,orbiter_5,288840,289440
rover_orbiter,rover_1,orbiter_5,335550,336240
rover_orbiter,rover_1,orbiter_5,380880,381510
rover_orbiter,rover_1,orbiter_5,420660,421170
rover_orbiter,rover_1,orbiter_5,427770,428160
rover_orbiter,rover_1,orbiter_5,465900,466500
rover_orbiter,rover_1,orbiter_5,512610,513300
rover_orbiter,rover_1,orbiter_5,557940,558600
rover_orbiter,rover_1,orbiter_5,597750,598200
rover_orbiter,rover_1,orbiter_5,604800,605250
rover_orbiter,rover_1,orbiter_5,642990,643560
rover_orbiter,rover_1,orbiter_5,650220,650370
rover_orbiter,rover_1,orbiter_5,689670,690360
rover_orbiter,rover_1,orbiter_5,735000,735660
rover_orbiter,rover_1,orbiter_5,774840,775260
rover_orbiter,rover_1,orbiter_5,781860,782340
rover_orbiter,rover_1,orbiter_5,820050,820620
rover_orbiter,rover_1,orbiter_5,827220,827490
rover_orbiter,rover_1,orbiter_5,866730,867420
rover_orbiter,rover_1,orbiter_5,912060,912720
rover_orbiter,rover_1,orbiter_5,951930,952290
rover_orbiter,rover_1,orbiter_5,958890,959400
rover_orbiter,rover_1,orbiter_5,997110,997650
rover_orbiter,rover_1,orbiter_5,1004250,1004580
rover_orbiter,rover_1,orbiter_5,1043820,1044480
rover_orbiter,rover_1,orbiter_5,1089120,1089810
rover_orbiter,rover_1,orbiter_5,1129020,1129350
rover_orbiter,rover_1,orbiter_5,1135950,1136490
rover_orbiter,rover_1,orbiter_5,1174200,1174710
rover_orbiter,rover_1,orbiter_5,1181310,1181670
rover_orbiter,rover_1,orbiter_5,1220880,1221540
rover_orbiter,rover_1,orbiter_5,1266180,1266870
rover_orbiter,rover_1,orbiter_5,1306110,1306380
rover_orbiter,rover_1,orbiter_5,1312980,1313550
rover_orbiter,rover_1,orbiter_5,1351290,1351770
rover_orbiter,rover_1,orbiter_5,1358340,1358760
rover_orbiter,rover_1,orbiter_5,1397940,1398600
rover_orbiter,rover_1,orbiter_5,1443240,1443930
rover_orbiter,rover_1,orbiter_5,1483230,1483380
rover_orbiter,rover_1,orbiter_5,1490040,1490640
rover_orbiter,rover_1,orbiter_5,1528350,1528800
rover_orbiter,rover_1,orbiter_5,1535400,1535850
rover_orbiter,rover_1,orbiter_5,1575000,1575690
rover_orbiter,rover_1,orbiter_5,1620300,1620990
rover_orbiter,rover_1,orbiter_5,1667100,1667700
rover_orbiter,rover_1,orbiter_5,1705440,1705830
rover_orbiter,rover_1,orbiter_5,1712430,1712940
rover_orbiter,rover_1,orbiter_5,1752090,1752720
rover_orbiter,rover_1,orbiter_5,1797360,1798050
rover_orbiter,rover_1,orbiter_5,1844160,1844760
rover_orbiter,rover_1,orbiter_5,1882530,1882890
rover_orbiter,rover_1,orbiter_5,1889490,1890030
rover_orbiter,rover_1,orbiter_5,1929150,1929780
rover_orbiter,rover_1,orbiter_5,1974420,1975110
rover_orbiter,rover_1,orbiter_5,2021220,2021850
rover_orbiter,rover_1,orbiter_5,2059620,2059920
rover_orbiter,rover_1,orbiter_5,2066550,2067090
rover_orbiter,rover_1,orbiter_5,2106210,2106840
rover_orbiter,rover_1,orbiter_5,2151510,2152170
rover_orbiter,rover_1,orbiter_5,2198280,2198910
rover_orbiter,rover_1,orbiter_5,2236740,2236920
rover_orbiter,rover_1,orbiter_5,2243610,2244180
rover_orbiter,rover_1,orbiter_5,2283300,2283900
rover_orbiter,rover_1,orbiter_5,2328570,2329230
rover_orbiter,rover_1,orbiter_5,2375310,2375970
rover_orbiter,rover_1,orbiter_5,2413890,2413920
rover_orbiter,rover_1,orbiter_5,2420640,2421240
rover_orbiter,rover_1,orbiter_5,2460360,2460960
rover_orbiter,rover_1,orbiter_5,2505630,2506290
rover_orbiter,rover_1,orbiter_5,2552370,2553060
rover_orbiter,rover_1,orbiter_6,25860,26520
rover_orbiter,rover_1,orbiter_6,65700,66120
rover_orbiter,rover_1,orbiter_6,72720,73200
rover_orbiter,rover_1,orbiter_6,110910,111480
rover_orbiter,rover_1,orbiter_6,118110,118350
rover_orbiter,rover_1,orbiter_6,157620,158280
rover_orbiter,rover_1,orbiter_6,202920,203580
rover_orbiter,rover_1,orbiter_6,242790,243150
rover_orbiter,rover_1,orbiter_6,249750,250260
rover_orbiter,rover_1,orbiter_6,288000,288540
rover_orbiter,rover_1,orbiter_6,295140,295470
rover_orbiter,rover_1,orbiter_6,334680,335370
rover_orbiter,rover_1,orbiter_6,379980,380670
rover_orbiter,rover_1,orbiter_6,419880,420210
rover_orbiter,rover_1,orbiter_6,426810,427350
rover_orbiter,rover_1,orbiter_6,465060,465570
rover_orbiter,rover_1,orbiter_6,472170,472560
rover_orbiter,rover_1,orbiter_6,511740,512430
rover_orbiter,rover_1,orbiter_6,557040,557730
rover_orbiter,rover_1,orbiter_6,596970,597240
rover_orbiter,rover_1,orbiter_6,603870,604410
rover_orbiter,rover_1,orbiter_6,642150,642630
rover_orbiter,rover_1,orbiter_6,649200,649650
rover_orbiter,rover_1,orbiter_6,688800,689490
rover_orbiter,rover_1,orbiter_6,734100,734790
rover_orbiter,rover_1,orbiter_6,774090,774270
rover_orbiter,rover_1,orbiter_6,780900,781500
rover_orbiter,rover_1,orbiter_6,819210,819660
rover_orbiter,rover_1,orbiter_6,826260,826710
rover_orbiter,rover_1,orbiter_6,865890,866550
rover_orbiter,rover_1,orbiter_6,911160,911850
rover_orbiter,rover_1,orbiter_6,957960,958560
rover_orbiter,rover_1,orbiter_6,996300,996720
rover_orbiter,rover_1,orbiter_6,1003320,1003800
rover_orbiter,rover_1,orbiter_6,1042950,1043610
rover_orbiter,rover_1,orbiter_6,1088220,1088910
rover_orbiter,rover_1,orbiter_6,1135020,1135650
rover_orbiter,rover_1,orbiter_6,1173390,1173750
rover_orbiter,rover_1,orbiter_6,1180350,1180890
rover_orbiter,rover_1,orbiter_6,1220010,1220670
rover_orbiter,rover_1,orbiter_6,1265310,1265970
rover_orbiter,rover_1,orbiter_6,1312080,1312710
rover_orbiter,rover_1,orbiter_6,1350480,1350780
rover_orbiter,rover_1,orbiter_6,1357410,1357950
rover_orbiter,rover_1,orbiter_6,1397100,1397730
rover_orbiter,rover_1,orbiter_6,1442370,1443030
rover_orbiter,rover_1,orbiter_6,1489140,1489770
rover_orbiter,rover_1,orbiter_6,1527600,1527810
rover_orbiter,rover_1,orbiter_6,1534470,1535040
rover_orbiter,rover_1,orbiter_6,1574160,1574760
rover_orbiter,rover_1,orbiter_6,1619430,1620090
rover_orbiter,rover_1,orbiter_6,1666200,1666860
rover_orbiter,rover_1,orbiter_6,1704750,1704780
rover_orbiter,rover_1,orbiter_6,1711530,1712100
rover_orbiter,rover_1,orbiter_6,1751220,1751820
rover_orbiter,rover_1,orbiter_6,1796490,1797150
rover_orbiter,rover_1,orbiter_6,1843260,1843920
rover_orbiter,rover_1,orbiter_6,1888560,1889190
rover_orbiter,rover_1,orbiter_6,1928310,1928880
rover_orbiter,rover_1,orbiter_6,1935570,1935720
rover_orbiter,rover_1,orbiter_6,1973580,1974210
rover_orbiter,rover_1,orbiter_6,2020320,2020980
rover_orbiter,rover_1,orbiter_6,2065620,2066250
rover_orbiter,rover_1,orbiter_6,2105370,2105940
rover_orbiter,rover_1,orbiter_6,2112570,2112840
rover_orbiter,rover_1,orbiter_6,2150640,2151270
rover_orbiter,rover_1,orbiter_6,2197380,2198040
rover_orbiter,rover_1,orbiter_6,2242680,2243340
rover_orbiter,rover_1,orbiter_6,2282460,2283000
rover_orbiter,rover_1,orbiter_6,2289600,2289930
rover_orbiter,rover_1,orbiter_6,2327700,2328330
rover_orbiter,rover_1,orbiter_6,2374440,2375100
rover_orbiter,rover_1,orbiter_6,2419740,2420400
rover_orbiter,rover_1,orbiter_6,2459550,2460030
rover_orbiter,rover_1,orbiter_6,2466660,2467020
rover_orbiter,rover_1,orbiter_6,2504790,2505390
rover_orbiter,rover_1,orbiter_6,2551500,2552190
rover_orbiter,rover_1,orbiter_7,24960,25650
rover_orbiter,rover_1,orbiter_7,64950,65130
rover_orbiter,rover_1,orbiter_7,71760,72360
rover_orbiter,rover_1,orbiter_7,110100,110520
rover_orbiter,rover_1,orbiter_7,117120,117570
rover_orbiter,rover_1,orbiter_7,156750,157410
rover_orbiter,rover_1,orbiter_7,202020,202710
rover_orbiter,rover_1,orbiter_7,248820,249420
rover_orbiter,rover_1,orbiter_7,287160,287580
rover_orbiter,rover_1,orbiter_7,294180,294660
rover_orbiter,rover_1,orbiter_7,333810,334470
rover_orbiter,rover_1,orbiter_7,379110,379770
rover_orbiter,rover_1,orbiter_7,425880,426510
rover_orbiter,rover_1,orbiter_7,464250,464610
rover_orbiter,rover_1,orbiter_7,471210,471750
rover_orbiter,rover_1,orbiter_7,510870,511530
rover_orbiter,rover_1,orbiter_7,556170,556830
rover_orbiter,rover_1,orbiter_7,602940,603570
rover_orbiter,rover_1,orbiter_7,641340,641640
rover_orbiter,rover_1,orbiter_7,648270,648810
rover_orbiter,rover_1,orbiter_7,687960,688590
rover_orbiter,rover_1,orbiter_7,733230,733890
rover_orbiter,rover_1,orbiter_7,780000,780630
rover_orbiter,rover_1,orbiter_7,818460,818670
rover_orbiter,rover_1,orbiter_7,825330,825900
rover_orbiter,rover_1,orbiter_7,865020,865650
rover_orbiter,rover_1,orbiter_7,910290,910950
rover_orbiter,rover_1,orbiter_7,957060,957720
rover_orbiter,rover_1,orbiter_7,995610,995640
rover_orbiter,rover_1,orbiter_7,1002390,1002960
rover_orbiter,rover_1,orbiter_7,1042080,1042680
rover_orbiter,rover_1,orbiter_7,1087350,1088010
rover_orbiter,rover_1,orbiter_7,1134120,1134780
rover_orbiter,rover_1,orbiter_7,1179450,1180050
rover_orbiter,rover_1,orbiter_7,1219170,1219740
rover_orbiter,rover_1,orbiter_7,1226430,1226580
rover_orbiter,rover_1,orbiter_7,1264440,1265070
rover_orbiter,rover_1,orbiter_7,1311180,1311840
rover_orbiter,rover_1,orbiter_7,1356510,1357110
rover_orbiter,rover_1,orbiter_7,1396230,1396800
rover_orbiter,rover_1,orbiter_7,1403460,1403700
rover_orbiter,rover_1,orbiter_7,1441500,1442130
rover_orbiter,rover_1,orbiter_7,1488240,1488900
rover_orbiter,rover_1,orbiter_7,1533540,1534200
rover_orbiter,rover_1,orbiter_7,1573320,1573860
rover_orbiter,rover_1,orbiter_7,1580490,1580790
rover_orbiter,rover_1,orbiter_7,1618560,1619190
rover_orbiter,rover_1,orbiter_7,1665300,1665990
rover_orbiter,rover_1,orbiter_7,1710600,1711260
rover_orbiter,rover_1,orbiter_7,1750410,1750920
rover_orbiter,rover_1,orbiter_7,1757520,1757880
rover_orbiter,rover_1,orbiter_7,1795650,1796250
rover_orbiter,rover_1,orbiter_7,1842360,1843050
rover_orbiter,rover_1,orbiter_7,1887660,1888320
rover_orbiter,rover_1,orbiter_7,1927470,1927950
rover_orbiter,rover_1,orbiter_7,1934550,1934970
rover_orbiter,rover_1,orbiter_7,1972710,1973310
rover_orbiter,rover_1,orbiter_7,1979970,1980090
rover_orbiter,rover_1,orbiter_7,2019420,2020110
rover_orbiter,rover_1,orbiter_7,2064720,2065410
rover_orbiter,rover_1,orbiter_7,2104560,2105010
rover_orbiter,rover_1,orbiter_7,2111580,2112060
rover_orbiter,rover_1,orbiter_7,2149770,2150370
rover_orbiter,rover_1,orbiter_7,2157000,2157210
rover_orbiter,rover_1,orbiter_7,2196480,2197170
rover_orbiter,rover_1,orbiter_7,2241780,2242470
rover_orbiter,rover_1,orbiter_7,2281650,2282040
rover_orbiter,rover_1,orbiter_7,2288640,2289150
rover_orbiter,rover_1,orbiter_7,2326860,2327400
rover_orbiter,rover_1,orbiter_7,2334030,2334330
rover_orbiter,rover_1,orbiter_7,2373540,2374230
rover_orbiter,rover_1,orbiter_7,2418840,2419530
rover_orbiter,rover_1,orbiter_7,2458740,2459100
rover_orbiter,rover_1,orbiter_7,2465700,2466210
rover_orbiter,rover_1,orbiter_7,2503950,2504460
rover_orbiter,rover_1,orbiter_7,2511060,2511420
rover_orbiter,rover_1,orbiter_7,2550600,2551290
rover_orbiter,rover_2,orbiter_0,10380,11070
rover_orbiter,rover_2,orbiter_0,56250,56880
rover_orbiter,rover_2,orbiter_0,95520,95940
rover_orbiter,rover_2,orbiter_0,102570,102960
rover_orbiter,rover_2,orbiter_0,141270,141870
rover_orbiter,rover_2,orbiter_0,187440,188130
rover_orbiter,rover_2,orbiter_0,233310,233940
rover_orbiter,rover_2,orbiter_0,272580,273000
rover_orbiter,rover_2,orbiter_0,279600,280050
rover_orbiter,rover_2,orbiter_0,318330,318930
rover_orbiter,rover_2,orbiter_0,364500,365190
rover_orbiter,rover_2,orbiter_0,410370,411000
rover_orbiter,rover_2,orbiter_0,449670,450030
rover_orbiter,rover_2,orbiter_0,456660,457140
rover_orbiter,rover_2,orbiter_0,495390,495990
rover_orbiter,rover_2,orbiter_0,541560,542250
rover_orbiter,rover_2,orbiter_0,587430,588090
rover_orbiter,rover_2,orbiter_0,626790,627060
rover_orbiter,rover_2,orbiter_0,633690,634200
rover_orbiter,rover_2,orbiter_0,672480,673050
rover_orbiter,rover_2,orbiter_0,718620,719310
rover_orbiter,rover_2,orbiter_0,764490,765150
rover_orbiter,rover_2,orbiter_0,803880,804090
rover_orbiter,rover_2,orbiter_0,810750,811290
rover_orbiter,rover_2,orbiter_0,849570,850110
rover_orbiter,rover_2,orbiter_0,856770,856950
rover_orbiter,rover_2,orbiter_0,895710,896370
rover_orbiter,rover_2,orbiter_0,941550,942210
rover_orbiter,rover_2,orbiter_0,987810,988380
rover_orbiter,rover_2,orbiter_0,1026630,1027140
rover_orbiter,rover_2,orbiter_0,1033770,1034070
rover_orbiter,rover_2,orbiter_0,1072770,1073430
rover_orbiter,rover_2,orbiter_0,1118610,1119270
rover_orbiter,rover_2,orbiter_0,1164870,1165440
rover_orbiter,rover_2,orbiter_0,1203720,1204200
rover_orbiter,rover_2,orbiter_0,1210830,1211160
rover_orbiter,rover_2,orbiter_0,1249830,1250490
rover_orbiter,rover_2,orbiter_0,1295670,1296360
rover_orbiter,rover_2,orbiter_0,1341900,1342530
rover_orbiter,rover_2,orbiter_0,1380810,1381230
rover_orbiter,rover_2,orbiter_0,1387860,1388250
rover_orbiter,rover_2,orbiter_0,1426890,1427550
rover_orbiter,rover_2,orbiter_0,1472730,1473420
rover_orbiter,rover_2,orbiter_0,1518960,1519590
rover_orbiter,rover_2,orbiter_0,1557870,1558290
rover_orbiter,rover_2,orbiter_0,1564890,1565340
rover_orbiter,rover_2,orbiter_0,1603980,1604610
rover_orbiter,rover_2,orbiter_0,1649790,1650480
rover_orbiter,rover_2,orbiter_0,1696020,1696650
rover_orbiter,rover_2,orbiter_0,1734960,1735320
rover_orbiter,rover_2,orbiter_0,1741950,1742430
rover_orbiter,rover_2,orbiter_0,1781040,1781670
rover_orbiter,rover_2,orbiter_0,1826850,1827540
rover_orbiter,rover_2,orbiter_0,1873080,1873740
rover_orbiter,rover_2,orbiter_0,1912080,1912350
rover_orbiter,rover_2,orbiter_0,1918980,1919490
rover_orbiter,rover_2,orbiter_0,1958130,1958730
rover_orbiter,rover_2,orbiter_0,2003910,2004600
rover_orbiter,rover_2,orbiter_0,2050140,2050800
rover_orbiter,rover_2,orbiter_0,2089170,2089350
rover_orbiter,rover_2,orbiter_0,2096040,2096580
rover_orbiter,rover_2,orbiter_0,2135190,2135760
rover_orbiter,rover_2,orbiter_0,2181000,2181660
rover_orbiter,rover_2,orbiter_0,2227200,2227860
rover_orbiter,rover_2,orbiter_0,2273100,2273670
rover_orbiter,rover_2,orbiter_0,2312280,2312820
rover_orbiter,rover_2,orbiter_0,2319540,2319660
rover_orbiter,rover_2,orbiter_0,2358060,2358720
rover_orbiter,rover_2,orbiter_0,2404260,2404920
rover_orbiter,rover_2,orbiter_0,2450160,2450730
rover_orbiter,rover_2,orbiter_0,2489340,2489880
rover_orbiter,rover_2,orbiter_0,2496540,2496780
rover_orbiter,rover_2,orbiter_0,2535120,2535780
rover_orbiter,rover_2,orbiter_0,2581320,2582010
rover_orbiter,rover_2,orbiter_1,9480,10170
rover_orbiter,rover_2,orbiter_1,55350,56010
rover_orbiter,rover_2,orbiter_1,94740,94950
rover_orbiter,rover_2,orbiter_1,101610,102150
rover_orbiter,rover_2,orbiter_1,140430,140970
rover_orbiter,rover_2,orbiter_1,147630,147810
rover_orbiter,rover_2,orbiter_1,186570,187230
rover_orbiter,rover_2,orbiter_1,232410,233070
rover_orbiter,rover_2,orbiter_1,271920,271920
rover_orbiter,rover_2,orbiter_1,278670,279240
rover_orbiter,rover_2,orbiter_1,317490,318000
rover_orbiter,rover_2,orbiter_1,324660,324930
rover_orbiter,rover_2,orbiter_1,363630,364290
rover_orbiter,rover_2,orbiter_1,409470,410160
rover_orbiter,rover_2,orbiter_1,455730,456300
rover_orbiter,rover_2,orbiter_1,494580,495060
rover_orbiter,rover_2,orbiter_1,501690,502020
rover_orbiter,rover_2,orbiter_1,540690,541350
rover_orbiter,rover_2,orbiter_1,586530,587220
rover_orbiter,rover_2,orbiter_1,632760,633390
rover_orbiter,rover_2,orbiter_1,671670,672090
rover_orbiter,rover_2,orbiter_1,678720,679110
rover_orbiter,rover_2,orbiter_1,717780,718410
rover_orbiter,rover_2,orbiter_1,763590,764280
rover_orbiter,rover_2,orbiter_1,809820,810450
rover_orbiter,rover_2,orbiter_1,848760,849150
rover_orbiter,rover_2,orbiter_1,855750,856200
rover_orbiter,rover_2,orbiter_1,894840,895470
rover_orbiter,rover_2,orbiter_1,940650,941340
rover_orbiter,rover_2,orbiter_1,986880,987510
rover_orbiter,rover_2,orbiter_1,1025850,1026180
rover_orbiter,rover_2,orbiter_1,1032810,1033290
rover_orbiter,rover_2,orbiter_1,1071900,1072530
rover_orbiter,rover_2,orbiter_1,1117710,1118400
rover_orbiter,rover_2,orbiter_1,1163940,1164600
rover_orbiter,rover_2,orbiter_1,1202940,1203210
rover_orbiter,rover_2,orbiter_1,1209870,1210380
rover_orbiter,rover_2,orbiter_1,1248990,1249590
rover_orbiter,rover_2,orbiter_1,1294800,1295460
rover_orbiter,rover_2,orbiter_1,1341000,1341660
rover_orbiter,rover_2,orbiter_1,1380060,1380240
rover_orbiter,rover_2,orbiter_1,1386900,1387440
rover_orbiter,rover_2,orbiter_1,1426050,1426620
rover_orbiter,rover_2,orbiter_1,1471860,1472520
rover_orbiter,rover_2,orbiter_1,1518060,1518720
rover_orbiter,rover_2,orbiter_1,1563960,1564530
rover_orbiter,rover_2,orbiter_1,1603140,1603680
rover_orbiter,rover_2,orbiter_1,1610400,1610520
rover_orbiter,rover_2,orbiter_1,1648920,1649580
rover_orbiter,rover_2,orbiter_1,1695120,1695810
rover_orbiter,rover_2,orbiter_1,1741020,1741590
rover_orbiter,rover_2,orbiter_1,1780200,1780740
rover_orbiter,rover_2,orbiter_1,1787400,1787640
rover_orbiter,rover_2,orbiter_1,1825980,1826640
rover_orbiter,rover_2,orbiter_1,1872180,1872870
rover_orbiter,rover_2,orbiter_1,1918080,1918680
rover_orbiter,rover_2,orbiter_1,1957290,1957800
rover_orbiter,rover_2,orbiter_1,1964430,1964730
rover_orbiter,rover_2,orbiter_1,2003070,2003700
rover_orbiter,rover_2,orbiter_1,2049240,2049930
rover_orbiter,rover_2,orbiter_1,2095110,2095740
rover_orbiter,rover_2,orbiter_1,2134380,2134830
rover_orbiter,rover_2,orbiter_1,2141460,2141820
rover_orbiter,rover_2,orbiter_1,2180130,2180760
rover_orbiter,rover_2,orbiter_1,2226300,2226990
rover_orbiter,rover_2,orbiter_1,2272170,2272830
rover_orbiter,rover_2,orbiter_1,2311470,2311890
rover_orbiter,rover_2,orbiter_1,2318490,2318910
rover_orbiter,rover_2,orbiter_1,2357190,2357820
rover_orbiter,rover_2,orbiter_1,2403360,2404050
rover_orbiter,rover_2,orbiter_1,2449230,2449890
rover_orbiter,rover_2,orbiter_1,2488560,2488920
rover_orbiter,rover_2,orbiter_1,2495550,2496000
rover_orbiter,rover_2,orbiter_1,2534280,2534880
rover_orbiter,rover_2,orbiter_1,2580450,2581110
rover_orbiter,rover_2,orbiter_2,8640,9270
rover_orbiter,rover_2,orbiter_2,54450,55140
rover_orbiter,rover_2,orbiter_2,100680,101310
rover_orbiter,rover_2,orbiter_2,139620,140010
rover_orbiter,rover_2,orbiter_2,146640,147060
rover_orbiter,rover_2,orbiter_2,185700,186330
rover_orbiter,rover_2,orbiter_2,231510,232200
rover_orbiter,rover_2,orbiter_2,277740,278400
rover_orbiter,rover_2,orbiter_2,316710,317040
rover_orbiter,rover_2,orbiter_2,323670,324150
rover_orbiter,rover_2,orbiter_2,362760,363390
rover_orbiter,rover_2,orbiter_2,408600,409260
rover_orbiter,rover_2,orbiter_2,454800,455460
rover_orbiter,rover_2,orbiter_2,493800,494070
rover_orbiter,rover_2,orbiter_2,500730,501240
rover_orbiter,rover_2,orbiter_2,539850,540450
rover_orbiter,rover_2,orbiter_2,585660,586320
rover_orbiter,rover_2,orbiter_2,631860,632520
rover_orbiter,rover_2,orbiter_2,670920,671100
rover_orbiter,rover_2,orbiter_2,677760,678300
rover_orbiter,rover_2,orbiter_2,716910,717510
rover_orbiter,rover_2,orbiter_2,762720,763380
rover_orbiter,rover_2,orbiter_2,808920,809610
rover_orbiter,rover_2,orbiter_2,854820,855390
rover_orbiter,rover_2,orbiter_2,894000,894540
rover_orbiter,rover_2,orbiter_2,901260,901380
rover_orbiter,rover_2,orbiter_2,939780,940440
rover_orbiter,rover_2,orbiter_2,985980,986670
rover_orbiter,rover_2,orbiter_2,1031880,1032450
rover_orbiter,rover_2,orbiter_2,1071090,1071600
rover_orbiter,rover_2,orbiter_2,1078260,1078500
rover_orbiter,rover_2,orbiter_2,1116870,1117500
rover_orbiter,rover_2,orbiter_2,1163040,1163730
rover_orbiter,rover_2,orbiter_2,1208940,1209540
rover_orbiter,rover_2,orbiter_2,1248150,1248660
rover_orbiter,rover_2,orbiter_2,1255290,1255590
rover_orbiter,rover_2,orbiter_2,1293930,1294560
rover_orbiter,rover_2,orbiter_2,1340100,1340790
rover_orbiter,rover_2,orbiter_2,1386000,1386600
rover_orbiter,rover_2,orbiter_2,1425240,1425690
rover_orbiter,rover_2,orbiter_2,1432320,1432680
rover_orbiter,rover_2,orbiter_2,1470990,1471620
rover_orbiter,rover_2,orbiter_2,1517160,1517850
rover_orbiter,rover_2,orbiter_2,1563030,1563690
rover_orbiter,rover_2,orbiter_2,1602330,1602750
rover_orbiter,rover_2,orbiter_2,1609350,1609770
rover_orbiter,rover_2,orbiter_2,1648080,1648680
rover_orbiter,rover_2,orbiter_2,1694250,1694910
rover_orbiter,rover_2,orbiter_2,1740090,1740750
rover_orbiter,rover_2,orbiter_2,1779420,1779780
rover_orbiter,rover_2,orbiter_2,1786410,1786860
rover_orbiter,rover_2,orbiter_2,1825140,1825740
rover_orbiter,rover_2,orbiter_2,1871310,1872000
rover_orbiter,rover_2,orbiter_2,1917150,1917810
rover_orbiter,rover_2,orbiter_2,1956510,1956810
rover_orbiter,rover_2,orbiter_2,1963440,1963950
rover_orbiter,rover_2,orbiter_2,2002200,2002800
rover_orbiter,rover_2,orbiter_2,2048370,2049060
rover_orbiter,rover_2,orbiter_2,2094210,2094900
rover_orbiter,rover_2,orbiter_2,2133600,2133840
rover_orbiter,rover_2,orbiter_2,2140500,2141040
rover_orbiter,rover_2,orbiter_2,2179290,2179830
rover_orbiter,rover_2,orbiter_2,2186520,2186670
rover_orbiter,rover_2,orbiter_2,2225430,2226120
rover_orbiter,rover_2,orbiter_2,2271270,2271960
rover_orbiter,rover_2,orbiter_2,2310720,2310840
rover_orbiter,rover_2,orbiter_2,2317560,2318100
rover_orbiter,rover_2,orbiter_2,2356380,2356890
rover_orbiter,rover_2,orbiter_2,2363550,2363790
rover_orbiter,rover_2,orbiter_2,2402490,2403180
rover_orbiter,rover_2,orbiter_2,2448330,2449020
rover_orbiter,rover_2,orbiter_2,2494590,2495190
rover_orbiter,rover_2,orbiter_2,2533440,2533950
rover_orbiter,rover_2,orbiter_2,2540580,2540880
rover_orbiter,rover_2,orbiter_2,2579580,2580240
rover_orbiter,rover_2,orbiter_3,7800,8370
rover_orbiter,rover_2,orbiter_3,53580,54270
rover_orbiter,rover_2,orbiter_3,99780,100470
rover_orbiter,rover_2,orbiter_3,145680,146250
rover_orbiter,rover_2,orbiter_3,184860,185430
rover_orbiter,rover_2,orbiter_3,192120,192240
rover_orbiter,rover_2,orbiter_3,230640,231330
rover_orbiter,rover_2,orbiter_3,276840,277530
rover_orbiter,rover_2,orbiter_3,322740,323340
rover_orbiter,rover_2,orbiter_3,361950,362460
rover_orbiter,rover_2,orbiter_3,369120,369360
rover_orbiter,rover_2,orbiter_3,407730,408360
rover_orbiter,rover_2,orbiter_3,453900,454590
rover_orbiter,rover_2,orbiter_3,499800,500400
rover_orbiter,rover_2,orbiter_3,539010,539520
rover_orbiter,rover_2,orbiter_3,546150,546450
rover_orbiter,rover_2,orbiter_3,584790,585420
rover_orbiter,rover_2,orbiter_3,630960,631650
rover_orbiter,rover_2,orbiter_3,676860,677460
rover_orbiter,rover_2,orbiter_3,716100,716550
rover_orbiter,rover_2,orbiter_3,723180,723570
rover_orbiter,rover_2,orbiter_3,761850,762480
rover_orbiter,rover_2,orbiter_3,808050,808710
rover_orbiter,rover_2,orbiter_3,853920,854550
rover_orbiter,rover_2,orbiter_3,893190,893610
rover_orbiter,rover_2,orbiter_3,900210,900630
rover_orbiter,rover_2,orbiter_3,938940,939540
rover_orbiter,rover_2,orbiter_3,985110,985800
rover_orbiter,rover_2,orbiter_3,1030980,1031610
rover_orbiter,rover_2,orbiter_3,1070280,1070640
rover_orbiter,rover_2,orbiter_3,1077270,1077720
rover_orbiter,rover_2,orbiter_3,1116000,1116600
rover_orbiter,rover_2,orbiter_3,1162170,1162860
rover_orbiter,rover_2,orbiter_3,1208010,1208670
rover_orbiter,rover_2,orbiter_3,1247370,1247670
rover_orbiter,rover_2,orbiter_3,1254300,1254810
rover_orbiter,rover_2,orbiter_3,1293090,1293660
rover_orbiter,rover_2,orbiter_3,1339230,1339920
rover_orbiter,rover_2,orbiter_3,1385070,1385760
rover_orbiter,rover_2,orbiter_3,1424460,1424700
rover_orbiter,rover_2,orbiter_3,1431360,1431900
rover_orbiter,rover_2,orbiter_3,1470150,1470720
rover_orbiter,rover_2,orbiter_3,1477410,1477530
rover_orbiter,rover_2,orbiter_3,1516290,1516980
rover_orbiter,rover_2,orbiter_3,1562130,1562820
rover_orbiter,rover_2,orbiter_3,1601580,1601730
rover_orbiter,rover_2,orbiter_3,1608420,1608960
rover_orbiter,rover_2,orbiter_3,1647240,1647750
rover_orbiter,rover_2,orbiter_3,1654410,1654650
rover_orbiter,rover_2,orbiter_3,1693380,1694040
rover_orbiter,rover_2,orbiter_3,1739220,1739880
rover_orbiter,rover_2,orbiter_3,1785450,1786050
rover_orbiter,rover_2,orbiter_3,1824300,1824810
rover_orbiter,rover_2,orbiter_3,1831440,1831740
rover_orbiter,rover_2,orbiter_3,1870440,1871100
rover_orbiter,rover_2,orbiter_3,1916280,1916940
rover_orbiter,rover_2,orbiter_3,1962510,1963110
rover_orbiter,rover_2,orbiter_3,2001390,2001840
rover_orbiter,rover_2,orbiter_3,2008470,2008860
rover_orbiter,rover_2,orbiter_3,2047500,2048160
rover_orbiter,rover_2,orbiter_3,2093340,2094030
rover_orbiter,rover_2,orbiter_3,2139570,2140200
rover_orbiter,rover_2,orbiter_3,2178480,2178900
rover_orbiter,rover_2,orbiter_3,2185500,2185920
rover_orbiter,rover_2,orbiter_3,2224560,2225220
rover_orbiter,rover_2,orbiter_3,2270400,2271090
rover_orbiter,rover_2,orbiter_3,2316630,2317260
rover_orbiter,rover_2,orbiter_3,2355570,2355930
rover_orbiter,rover_2,orbiter_3,2362560,2363010
rover_orbiter,rover_2,orbiter_3,2401650,2402280
rover_orbiter,rover_2,orbiter_3,2447460,2448150
rover_orbiter,rover_2,orbiter_3,2493690,2494320
rover_orbiter,rover_2,orbiter_3,2532660,2532960
rover_orbiter,rover_2,orbiter_3,2539590,2540100
rover_orbiter,rover_2,orbiter_3,2578710,2579310
rover_orbiter,rover_2,orbiter_4,6960,7440
rover_orbiter,rover_2,orbiter_4,14040,14430
rover_orbiter,rover_2,orbiter_4,52710,53340
rover_orbiter,rover_2,orbiter_4,98910,99600
rover_orbiter,rover_2,orbiter_4,144780,145410
rover_orbiter,rover_2,orbiter_4,184050,184470
rover_orbiter,rover_2,orbiter_4,191100,191520
rover_orbiter,rover_2,orbiter_4,229800,230400
rover_orbiter,rover_2,orbiter_4,275970,276660
rover_orbiter,rover_2,orbiter_4,321840,322470
rover_orbiter,rover_2,orbiter_4,361140,361500
rover_orbiter,rover_2,orbiter_4,368130,368580
rover_orbiter,rover_2,orbiter_4,406860,407460
rover_orbiter,rover_2,orbiter_4,453030,453720
rover_orbiter,rover_2,orbiter_4,498900,499560
rover_orbiter,rover_2,orbiter_4,538230,538560
rover_orbiter,rover_2,orbiter_4,545190,545670
rover_orbiter,rover_2,orbiter_4,583950,584520
rover_orbiter,rover_2,orbiter_4,630090,630780
rover_orbiter,rover_2,orbiter_4,675960,676620
rover_orbiter,rover_2,orbiter_4,715320,715590
rover_orbiter,rover_2,orbiter_4,722220,722760
rover_orbiter,rover_2,orbiter_4,761010,761580
rover_orbiter,rover_2,orbiter_4,768270,768390
rover_orbiter,rover_2,orbiter_4,807150,807840
rover_orbiter,rover_2,orbiter_4,853020,853680
rover_orbiter,rover_2,orbiter_4,892440,892590
rover_orbiter,rover_2,orbiter_4,899280,899820
rover_orbiter,rover_2,orbiter_4,938100,938610
rover_orbiter,rover_2,orbiter_4,945270,945510
rover_orbiter,rover_2,orbiter_4,984240,984900
rover_orbiter,rover_2,orbiter_4,1030080,1030740
rover_orbiter,rover_2,orbiter_4,1076340,1076910
rover_orbiter,rover_2,orbiter_4,1115160,1115670
rover_orbiter,rover_2,orbiter_4,1122300,1122630
rover_orbiter,rover_2,orbiter_4,1161300,1161960
rover_orbiter,rover_2,orbiter_4,1207140,1207830
rover_orbiter,rover_2,orbiter_4,1253370,1253970
rover_orbiter,rover_2,orbiter_4,1292250,1292730
rover_orbiter,rover_2,orbiter_4,1299330,1299720
rover_orbiter,rover_2,orbiter_4,1338360,1339020
rover_orbiter,rover_2,orbiter_4,1384200,1384890
rover_orbiter,rover_2,orbiter_4,1430430,1431060
rover_orbiter,rover_2,orbiter_4,1469340,1469760
rover_orbiter,rover_2,orbiter_4,1476390,1476810
rover_orbiter,rover_2,orbiter_4,1515450,1516080
rover_orbiter,rover_2,orbiter_4,1561260,1561950
rover_orbiter,rover_2,orbiter_4,1607490,1608120
rover_orbiter,rover_2,orbiter_4,1646430,1646790
rover_orbiter,rover_2,orbiter_4,1653420,1653870
rover_orbiter,rover_2,orbiter_4,1692510,1693140
rover_orbiter,rover_2,orbiter_4,1738320,1739010
rover_orbiter,rover_2,orbiter_4,1784550,1785210
rover_orbiter,rover_2,orbiter_4,1823520,1823820
rover_orbiter,rover_2,orbiter_4,1830480,1830960
rover_orbiter,rover_2,orbiter_4,1869570,1870200
rover_orbiter,rover_2,orbiter_4,1915380,1916070
rover_orbiter,rover_2,orbiter_4,1961610,1962270
rover_orbiter,rover_2,orbiter_4,2000640,2000850
rover_orbiter,rover_2,orbiter_4,2007510,2008050
rover_orbiter,rover_2,orbiter_4,2046660,2047230
rover_orbiter,rover_2,orbiter_4,2092470,2093130
rover_orbiter,rover_2,orbiter_4,2138670,2139330
rover_orbiter,rover_2,orbiter_4,2177760,2177850
rover_orbiter,rover_2,orbiter_4,2184570,2185110
rover_orbiter,rover_2,orbiter_4,2223720,2224290
rover_orbiter,rover_2,orbiter_4,2269530,2270190
rover_orbiter,rover_2,orbiter_4,2315730,2316390
rover_orbiter,rover_2,orbiter_4,2361630,2362200
rover_orbiter,rover_2,orbiter_4,2400810,2401350
rover_orbiter,rover_2,orbiter_4,2408010,2408220
rover_orbiter,rover_2,orbiter_4,2446590,2447250
rover_orbiter,rover_2,orbiter_4,2492790,2493480
rover_orbiter,rover_2,orbiter_4,2538660,2539260
rover_orbiter,rover_2,orbiter_4,2577900,2578410
rover_orbiter,rover_2,orbiter_4,2585040,2585310
rover_orbiter,rover_2,orbiter_5,6210,6450
rover_orbiter,rover_2,orbiter_5,13080,13620
rover_orbiter,rover_2,orbiter_5,51870,52440
rover_orbiter,rover_2,orbiter_5,59130,59250
rover_orbiter,rover_2,orbiter_5,98040,98700
rover_orbiter,rover_2,orbiter_5,143880,144540
rover_orbiter,rover_2,orbiter_5,183330,183450
rover_orbiter,rover_2,orbiter_5,190140,190680
rover_orbiter,rover_2,orbiter_5,228960,229500
rover_orbiter,rover_2,orbiter_5,236130,236370
rover_orbiter,rover_2,orbiter_5,275100,275760
rover_orbiter,rover_2,orbiter_5,320940,321630
rover_orbiter,rover_2,orbiter_5,367200,367770
rover_orbiter,rover_2,orbiter_5,406050,406530
rover_orbiter,rover_2,orbiter_5,413160,413490
rover_orbiter,rover_2,orbiter_5,452160,452820
rover_orbiter,rover_2,orbiter_5,498000,498690
rover_orbiter,rover_2,orbiter_5,544260,544830
rover_orbiter,rover_2,orbiter_5,583110,583590
rover_orbiter,rover_2,orbiter_5,590190,590580
rover_orbiter,rover_2,orbiter_5,629220,629880
rover_orbiter,rover_2,orbiter_5,675060,675750
rover_orbiter,rover_2,orbiter_5,721290,721920
rover_orbiter,rover_2,orbiter_5,760200,760620
rover_orbiter,rover_2,orbiter_5,767250,767670
rover_orbiter,rover_2,orbiter_5,806310,806940
rover_orbiter,rover_2,orbiter_5,852120,852810
rover_orbiter,rover_2,orbiter_5,898350,898980
rover_orbiter,rover_2,orbiter_5,937290,937650
rover_orbiter,rover_2,orbiter_5,944280,944760
rover_orbiter,rover_2,orbiter_5,983370,984000
rover_orbiter,rover_2,orbiter_5,1029180,1029870
rover_orbiter,rover_2,orbiter_5,1075410,1076070
rover_orbiter,rover_2,orbiter_5,1114380,1114710
rover_orbiter,rover_2,orbiter_5,1121340,1121820
rover_orbiter,rover_2,orbiter_5,1160460,1161060
rover_orbiter,rover_2,orbiter_5,1206240,1206930
rover_orbiter,rover_2,orbiter_5,1252470,1253130
rover_orbiter,rover_2,orbiter_5,1291500,1291710
rover_orbiter,rover_2,orbiter_5,1298370,1298910
rover_orbiter,rover_2,orbiter_5,1337520,1338120
rover_orbiter,rover_2,orbiter_5,1383330,1383990
rover_orbiter,rover_2,orbiter_5,1429530,1430190
rover_orbiter,rover_2,orbiter_5,1468620,1468710
rover_orbiter,rover_2,orbiter_5,1475430,1476000
rover_orbiter,rover_2,orbiter_5,1514610,1515150
rover_orbiter,rover_2,orbiter_5,1560390,1561050
rover_orbiter,rover_2,orbiter_5,1606590,1607280
rover_orbiter,rover_2,orbiter_5,1652490,1653060
rover_orbiter,rover_2,orbiter_5,1691670,1692210
rover_orbiter,rover_2,orbiter_5,1698900,1699080
rover_orbiter,rover_2,orbiter_5,1737450,1738110
rover_orbiter,rover_2,orbiter_5,1783650,1784340
rover_orbiter,rover_2,orbiter_5,1829550,1830150
rover_orbiter,rover_2,orbiter_5,1868760,1869270
rover_orbiter,rover_2,orbiter_5,1875900,1876200
rover_orbiter,rover_2,orbiter_5,1914540,1915170
rover_orbiter,rover_2,orbiter_5,1960710,1961400
rover_orbiter,rover_2,orbiter_5,2006580,2007210
rover_orbiter,rover_2,orbiter_5,2045820,2046300
rover_orbiter,rover_2,orbiter_5,2052930,2053290
rover_orbiter,rover_2,orbiter_5,2091600,2092230
rover_orbiter,rover_2,orbiter_5,2137770,2138460
rover_orbiter,rover_2,orbiter_5,2183640,2184270
rover_orbiter,rover_2,orbiter_5,2222910,2223360
rover_orbiter,rover_2,orbiter_5,2229990,2230380
rover_orbiter,rover_2,orbiter_5,2268660,2269290
rover_orbiter,rover_2,orbiter_5,2314830,2315520
rover_orbiter,rover_2,orbiter_5,2360700,2361360
rover_orbiter,rover_2,orbiter_5,2400000,2400390
rover_orbiter,rover_2,orbiter_5,2407020,2407470
rover_orbiter,rover_2,orbiter_5,2445750,2446350
rover_orbiter,rover_2,orbiter_5,2491920,2492580
rover_orbiter,rover_2,orbiter_5,2537760,2538420
rover_orbiter,rover_2,orbiter_5,2577090,2577450
rover_orbiter,rover_2,orbiter_5,2584050,2584530
rover_orbiter,rover_2,orbiter_6,12180,12780
rover_orbiter,rover_2,orbiter_6,51060,51480
rover_orbiter,rover_2,orbiter_6,58110,58530
rover_orbiter,rover_2,orbiter_6,97170,97800
rover_orbiter,rover_2,orbiter_6,142980,143670
rover_orbiter,rover_2,orbiter_6,189210,189840
rover_orbiter,rover_2,orbiter_6,228150,228540
rover_orbiter,rover_2,orbiter_6,235140,235620
rover_orbiter,rover_2,orbiter_6,274230,274860
rover_orbiter,rover_2,orbiter_6,320040,320730
rover_orbiter,rover_2,orbiter_6,366270,366930
rover_orbiter,rover_2,orbiter_6,405240,405570
rover_orbiter,rover_2,orbiter_6,412200,412680
rover_orbiter,rover_2,orbiter_6,451320,451920
rover_orbiter,rover_2,orbiter_6,497130,497790
rover_orbiter,rover_2,orbiter_6,543330,543990
rover_orbiter,rover_2,orbiter_6,582360,582600
rover_orbiter,rover_2,orbiter_6,589260,589770
rover_orbiter,rover_2,orbiter_6,628380,628980
rover_orbiter,rover_2,orbiter_6,674190,674850
rover_orbiter,rover_2,orbiter_6,720390,721050
rover_orbiter,rover_2,orbiter_6,759480,759600
rover_orbiter,rover_2,orbiter_6,766290,766860
rover_orbiter,rover_2,orbiter_6,805470,806040
rover_orbiter,rover_2,orbiter_6,851250,851910
rover_orbiter,rover_2,orbiter_6,897450,898140
rover_orbiter,rover_2,orbiter_6,943350,943920
rover_orbiter,rover_2,orbiter_6,982530,983070
rover_orbiter,rover_2,orbiter_6,989760,989940
rover_orbiter,rover_2,orbiter_6,1028310,1028970
rover_orbiter,rover_2,orbiter_6,1074510,1075200
rover_orbiter,rover_2,orbiter_6,1120410,1121010
rover_orbiter,rover_2,orbiter_6,1159620,1160130
rover_orbiter,rover_2,orbiter_6,1166760,1167060
rover_orbiter,rover_2,orbiter_6,1205400,1206030
rover_orbiter,rover_2,orbiter_6,1251570,1252260
rover_orbiter,rover_2,orbiter_6,1297470,1298070
rover_orbiter,rover_2,orbiter_6,1336710,1337190
rover_orbiter,rover_2,orbiter_6,1343790,1344150
rover_orbiter,rover_2,orbiter_6,1382460,1383090
rover_orbiter,rover_2,orbiter_6,1428630,1429320
rover_orbiter,rover_2,orbiter_6,1474500,1475160
rover_orbiter,rover_2,orbiter_6,1513770,1514220
rover_orbiter,rover_2,orbiter_6,1520850,1521240
rover_orbiter,rover_2,orbiter_6,1559520,1560150
rover_orbiter,rover_2,orbiter_6,1605720,1606380
rover_orbiter,rover_2,orbiter_6,1651560,1652220
rover_orbiter,rover_2,orbiter_6,1690860,1691250
rover_orbiter,rover_2,orbiter_6,1697880,1698330
rover_orbiter,rover_2,orbiter_6,1736610,1737210
rover_orbiter,rover_2,orbiter_6,1782780,1783470
rover_orbiter,rover_2,orbiter_6,1828620,1829280
rover_orbiter,rover_2,orbiter_6,1867950,1868310
rover_orbiter,rover_2,orbiter_6,1874940,1875420
rover_orbiter,rover_2,orbiter_6,1913670,1914270
rover_orbiter,rover_2,orbiter_6,1959840,1960530
rover_orbiter,rover_2,orbiter_6,2005680,2006370
rover_orbiter,rover_2,orbiter_6,2045040,2045340
rover_orbiter,rover_2,orbiter_6,2051970,2052480
rover_orbiter,rover_2,orbiter_6,2090760,2091330
rover_orbiter,rover_2,orbiter_6,2098050,2098080
rover_orbiter,rover_2,orbiter_6,2136900,2137590
rover_orbiter,rover_2,orbiter_6,2182740,2183430
rover_orbiter,rover_2,orbiter_6,2222160,2222340
rover_orbiter,rover_2,orbiter_6,2229030,2229570
rover_orbiter,rover_2,orbiter_6,2267820,2268360
rover_orbiter,rover_2,orbiter_6,2275020,2275230
rover_orbiter,rover_2,orbiter_6,2313960,2314650
rover_orbiter,rover_2,orbiter_6,2359800,2360490
rover_orbiter,rover_2,orbiter_6,2406060,2406630
rover_orbiter,rover_2,orbiter_6,2444910,2445420
rover_orbiter,rover_2,orbiter_6,2452050,2452350
rover_orbiter,rover_2,orbiter_6,2491050,2491710
rover_orbiter,rover_2,orbiter_6,2536860,2537550
rover_orbiter,rover_2,orbiter_6,2583120,2583720
rover_orbiter,rover_2,orbiter_7,11250,11940
rover_orbiter,rover_2,orbiter_7,50340,50460
rover_orbiter,rover_2,orbiter_7,57150,57720
rover_orbiter,rover_2,orbiter_7,96330,96900
rover_orbiter,rover_2,orbiter_7,142110,142800
rover_orbiter,rover_2,orbiter_7,188310,189000
rover_orbiter,rover_2,orbiter_7,234210,234780
rover_orbiter,rover_2,orbiter_7,273390,273930
rover_orbiter,rover_2,orbiter_7,280620,280800
rover_orbiter,rover_2,orbiter_7,319170,319860
rover_orbiter,rover_2,orbiter_7,365370,366060
rover_orbiter,rover_2,orbiter_7,411270,411870
rover_orbiter,rover_2,orbiter_7,450480,450990
rover_orbiter,rover_2,orbiter_7,457650,457920
rover_orbiter,rover_2,orbiter_7,496260,496890
rover_orbiter,rover_2,orbiter_7,542430,543120
rover_orbiter,rover_2,orbiter_7,588330,588930
rover_orbiter,rover_2,orbiter_7,627570,628050
rover_orbiter,rover_2,orbiter_7,634680,635010
rover_orbiter,rover_2,orbiter_7,673320,673950
rover_orbiter,rover_2,orbiter_7,719520,720180
rover_orbiter,rover_2,orbiter_7,765390,766020
rover_orbiter,rover_2,orbiter_7,804630,805080
rover_orbiter,rover_2,orbiter_7,811710,812100
rover_orbiter,rover_2,orbiter_7,850410,851010
rover_orbiter,rover_2,orbiter_7,896580,897270
rover_orbiter,rover_2,orbiter_7,942450,943080
rover_orbiter,rover_2,orbiter_7,981720,982140
rover_orbiter,rover_2,orbiter_7,988740,989190
rover_orbiter,rover_2,orbiter_7,1027470,1028070
rover_orbiter,rover_2,orbiter_7,1073640,1074330
rover_orbiter,rover_2,orbiter_7,1119480,1120140
rover_orbiter,rover_2,orbiter_7,1158810,1159170
rover_orbiter,rover_2,orbiter_7,1165800,1166280
rover_orbiter,rover_2,orbiter_7,1204530,1205130
rover_orbiter,rover_2,orbiter_7,1250700,1251390
rover_orbiter,rover_2,orbiter_7,1296540,1297230
rover_orbiter,rover_2,orbiter_7,1335930,1336200
rover_orbiter,rover_2,orbiter_7,1342830,1343340
rover_orbiter,rover_2,orbiter_7,1381620,1382190
rover_orbiter,rover_2,orbiter_7,1388940,1388940
rover_orbiter,rover_2,orbiter_7,1427760,1428450
rover_orbiter,rover_2,orbiter_7,1473600,1474290
rover_orbiter,rover_2,orbiter_7,1513020,1513230
rover_orbiter,rover_2,orbiter_7,1519890,1520430
rover_orbiter,rover_2,orbiter_7,1558680,1559220
rover_orbiter,rover_2,orbiter_7,1565910,1566090
rover_orbiter,rover_2,orbiter_7,1604820,1605510
rover_orbiter,rover_2,orbiter_7,1650690,1651350
rover_orbiter,rover_2,orbiter_7,1696950,1697490
rover_orbiter,rover_2,orbiter_7,1735770,1736280
rover_orbiter,rover_2,orbiter_7,1742910,1743210
rover_orbiter,rover_2,orbiter_7,1781910,1782570
rover_orbiter,rover_2,orbiter_7,1827750,1828410
rover_orbiter,rover_2,orbiter_7,1873980,1874580
rover_orbiter,rover_2,orbiter_7,1912860,1913340
rover_orbiter,rover_2,orbiter_7,1919940,1920300
rover_orbiter,rover_2,orbiter_7,1958970,1959630
rover_orbiter,rover_2,orbiter_7,2004810,2005500
rover_orbiter,rover_2,orbiter_7,2051040,2051640
rover_orbiter,rover_2,orbiter_7,2089920,2090370
rover_orbiter,rover_2,orbiter_7,2097000,2097390
rover_orbiter,rover_2,orbiter_7,2136030,2136690
rover_orbiter,rover_2,orbiter_7,2181870,2182560
rover_orbiter,rover_2,orbiter_7,2228100,2228730
rover_orbiter,rover_2,orbiter_7,2267010,2267400
rover_orbiter,rover_2,orbiter_7,2274030,2274480
rover_orbiter,rover_2,orbiter_7,2313120,2313750
rover_orbiter,rover_2,orbiter_7,2358930,2359620
rover_orbiter,rover_2,orbiter_7,2405160,2405790
rover_orbiter,rover_2,orbiter_7,2444100,2444460
rover_orbiter,rover_2,orbiter_7,2451090,2451570
rover_orbiter,rover_2,orbiter_7,2490180,2490810
rover_orbiter,rover_2,orbiter_7,2535990,2536680
rover_orbiter,rover_2,orbiter_7,2582220,2582880
